{"elements":[{"from":[8.0,6.857143,8.0],"to":[8.0,9.142858,11.428572],"rotation":{"angle":0.0,"axis":"y","origin":[11.428572,-5.714287,4.285714]},"faces":{"east":{"uv":[9.375,1.0,10.125,1.5],"rotation":0,"texture":"#1","tintindex":0},"south":{"uv":[0.0,0.0,0.0,0.5],"rotation":0,"texture":"#1","tintindex":0},"north":{"uv":[0.0,0.0,0.0,0.5],"rotation":0,"texture":"#1","tintindex":0},"west":{"uv":[10.125,1.0,9.375,1.5],"rotation":0,"texture":"#1","tintindex":0},"up":{"uv":[0.0,0.75,0.0,0.0],"rotation":0,"texture":"#1","tintindex":0},"down":{"uv":[0.0,0.0,0.0,0.75],"rotation":0,"texture":"#1","tintindex":0}}}],"textures":{"1":"modelengine:entity/rot"},"display":{"head":{"translation":[0.0,-6.4,0.0],"scale":[4.0,4.0,4.0]}}}