{"elements":[{"from":[6.502103,5.697897,4.5714283],"to":[9.359245,7.9836116,8.571428],"rotation":{"angle":0.0,"axis":"y","origin":[6.502103,6.2693257,6.0]},"faces":{"east":{"uv":[8.375,6.125,9.25,6.625],"rotation":0,"texture":"#1","tintindex":0},"south":{"uv":[8.625,9.625,9.25,10.125],"rotation":0,"texture":"#1","tintindex":0},"north":{"uv":[9.625,5.25,10.25,5.75],"rotation":0,"texture":"#1","tintindex":0},"west":{"uv":[8.5,4.375,9.375,4.875],"rotation":0,"texture":"#1","tintindex":0},"up":{"uv":[8.5,5.25,7.875,4.375],"rotation":0,"texture":"#1","tintindex":0},"down":{"uv":[6.75,7.875,6.125,8.75],"rotation":0,"texture":"#1","tintindex":0}}},{"from":[6.787817,3.4121828,4.8571424],"to":[9.073531,5.697897,8.285714],"rotation":{"angle":0.0,"axis":"y","origin":[6.787817,3.983611,5.714286]},"faces":{"east":{"uv":[9.125,0.0,9.875,0.5],"rotation":0,"texture":"#1","tintindex":0},"south":{"uv":[3.5,10.0,4.0,10.5],"rotation":0,"texture":"#1","tintindex":0},"north":{"uv":[3.0,10.0,3.5,10.5],"rotation":0,"texture":"#1","tintindex":0},"west":{"uv":[9.125,6.625,9.875,7.125],"rotation":0,"texture":"#1","tintindex":0},"up":{"uv":[3.0,10.0,2.5,9.25],"rotation":0,"texture":"#1","tintindex":0},"down":{"uv":[3.5,9.25,3.0,10.0],"rotation":0,"texture":"#1","tintindex":0}}},{"from":[8.480047,3.9889011,4.4267592],"to":[9.622904,5.131758,7.283902],"rotation":{"angle":0.0,"axis":"y","origin":[6.787817,3.983611,5.714286]},"faces":{"east":{"uv":[0.5,11.125,1.125,11.375],"rotation":0,"texture":"#1","tintindex":0},"south":{"uv":[0.25,11.5,0.5,11.75],"rotation":0,"texture":"#1","tintindex":0},"north":{"uv":[0.0,11.5,0.25,11.75],"rotation":0,"texture":"#1","tintindex":0},"west":{"uv":[0.5,10.875,1.125,11.125],"rotation":0,"texture":"#1","tintindex":0},"up":{"uv":[0.25,11.5,0.0,10.875],"rotation":0,"texture":"#1","tintindex":0},"down":{"uv":[0.5,10.875,0.25,11.5],"rotation":0,"texture":"#1","tintindex":0}}},{"from":[7.9881444,2.219336,4.998188],"to":[10.273859,3.9336214,8.42676],"rotation":{"angle":45.0,"axis":"z","origin":[8.0,2.1999998,5.714286]},"faces":{"east":{"uv":[7.25,9.75,8.0,10.125],"rotation":0,"texture":"#1","tintindex":0},"south":{"uv":[10.125,3.5,10.625,3.875],"rotation":0,"texture":"#1","tintindex":0},"north":{"uv":[10.0,8.0,10.5,8.375],"rotation":0,"texture":"#1","tintindex":0},"west":{"uv":[9.25,9.75,10.0,10.125],"rotation":0,"texture":"#1","tintindex":0},"up":{"uv":[4.0,10.0,3.5,9.25],"rotation":0,"texture":"#1","tintindex":0},"down":{"uv":[4.5,9.25,4.0,10.0],"rotation":0,"texture":"#1","tintindex":0}}}],"textures":{"1":"modelengine:entity/rot"},"display":{"head":{"translation":[0.0,-6.4,0.0],"scale":[4.0,4.0,4.0]}}}