{"elements":[{"from":[7.142857,11.75967,-4.57143],"to":[7.142857,14.045385,2.8571424],"rotation":{"angle":0.0,"axis":"y","origin":[7.428571,14.045385,11.999999]},"faces":{"east":{"uv":[5.5,4.375,7.125,4.875],"rotation":0,"texture":"#1","tintindex":0},"south":{"uv":[0.0,0.0,0.0,0.5],"rotation":0,"texture":"#1","tintindex":0},"north":{"uv":[0.0,0.0,0.0,0.5],"rotation":0,"texture":"#1","tintindex":0},"west":{"uv":[7.125,4.375,5.5,4.875],"rotation":0,"texture":"#1","tintindex":0},"up":{"uv":[0.0,1.625,0.0,0.0],"rotation":0,"texture":"#1","tintindex":0},"down":{"uv":[0.0,0.0,0.0,1.625],"rotation":0,"texture":"#1","tintindex":0}}},{"from":[7.142857,5.473956,-16.0],"to":[7.142857,9.473956,-7.4285717],"rotation":{"angle":0.0,"axis":"y","origin":[7.714286,8.331099,-6.8571434]},"faces":{"east":{"uv":[2.0,2.25,3.875,3.125],"rotation":0,"texture":"#1","tintindex":0},"south":{"uv":[0.0,0.0,0.0,0.875],"rotation":0,"texture":"#1","tintindex":0},"north":{"uv":[0.0,0.0,0.0,0.875],"rotation":0,"texture":"#1","tintindex":0},"west":{"uv":[3.875,2.25,2.0,3.125],"rotation":0,"texture":"#1","tintindex":0},"up":{"uv":[0.0,1.875,0.0,0.0],"rotation":0,"texture":"#1","tintindex":0},"down":{"uv":[0.0,0.0,0.0,1.875],"rotation":0,"texture":"#1","tintindex":0}}},{"from":[6.5714283,8.331099,-10.857143],"to":[7.714286,9.473956,3.999999],"rotation":{"angle":0.0,"axis":"y","origin":[7.714286,8.331099,-6.8571434]},"faces":{"east":{"uv":[8.75,4.125,5.5,4.375],"rotation":0,"texture":"#1","tintindex":0},"south":{"uv":[0.25,10.375,0.0,10.625],"rotation":0,"texture":"#1","tintindex":0},"north":{"uv":[8.5,10.25,8.25,10.5],"rotation":0,"texture":"#1","tintindex":0},"west":{"uv":[8.0,3.875,4.75,4.125],"rotation":0,"texture":"#1","tintindex":0},"up":{"uv":[4.0,8.375,4.25,5.125],"rotation":0,"texture":"#1","tintindex":0},"down":{"uv":[1.5,5.25,1.75,8.5],"rotation":0,"texture":"#1","tintindex":0}}},{"from":[5.714286,5.473956,-3.4285717],"to":[6.285714,10.616814,-1.7142868],"rotation":{"angle":0.0,"axis":"y","origin":[6.0,8.045384,-2.5714302]},"faces":{"east":{"uv":[0.375,8.75,0.0,9.875],"rotation":0,"texture":"#1","tintindex":0},"south":{"uv":[8.25,9.875,8.125,11.0],"rotation":0,"texture":"#1","tintindex":0},"north":{"uv":[8.125,9.875,8.0,11.0],"rotation":0,"texture":"#1","tintindex":0},"west":{"uv":[8.0,8.625,7.625,9.75],"rotation":0,"texture":"#1","tintindex":0},"up":{"uv":[1.375,7.25,1.5,6.875],"rotation":0,"texture":"#1","tintindex":0},"down":{"uv":[1.375,7.25,1.5,7.625],"rotation":0,"texture":"#1","tintindex":0}}},{"from":[8.0,5.473956,-0.5714302],"to":[8.571428,10.616814,1.1428566],"rotation":{"angle":0.0,"axis":"y","origin":[8.285714,8.045384,0.2857132]},"faces":{"east":{"uv":[7.625,8.625,7.25,9.75],"rotation":0,"texture":"#1","tintindex":0},"south":{"uv":[6.75,8.75,6.625,9.875],"rotation":0,"texture":"#1","tintindex":0},"north":{"uv":[1.75,8.5,1.625,9.625],"rotation":0,"texture":"#1","tintindex":0},"west":{"uv":[6.125,8.625,5.75,9.75],"rotation":0,"texture":"#1","tintindex":0},"up":{"uv":[2.875,6.0,3.0,5.625],"rotation":0,"texture":"#1","tintindex":0},"down":{"uv":[3.75,6.75,3.875,7.125],"rotation":0,"texture":"#1","tintindex":0}}},{"from":[8.0,5.473956,-5.1428585],"to":[8.571428,10.616814,-3.4285717],"rotation":{"angle":22.5,"axis":"x","origin":[8.285714,8.045384,-4.285715]},"faces":{"east":{"uv":[5.75,8.625,5.375,9.75],"rotation":0,"texture":"#1","tintindex":0},"south":{"uv":[1.625,8.5,1.5,9.625],"rotation":0,"texture":"#1","tintindex":0},"north":{"uv":[4.0,6.0,3.875,7.125],"rotation":0,"texture":"#1","tintindex":0},"west":{"uv":[5.375,8.625,5.0,9.75],"rotation":0,"texture":"#1","tintindex":0},"up":{"uv":[1.875,2.875,2.0,2.5],"rotation":0,"texture":"#1","tintindex":0},"down":{"uv":[2.875,5.25,3.0,5.625],"rotation":0,"texture":"#1","tintindex":0}}},{"from":[6.0,6.0453844,8.0],"to":[8.285714,8.331099,9.142857],"rotation":{"angle":22.5,"axis":"x","origin":[7.142857,7.188242,8.571428]},"faces":{"east":{"uv":[9.375,10.125,9.125,10.625],"rotation":0,"texture":"#1","tintindex":0},"south":{"uv":[10.5,8.875,10.0,9.375],"rotation":0,"texture":"#1","tintindex":0},"north":{"uv":[10.5,7.5,10.0,8.0],"rotation":0,"texture":"#1","tintindex":0},"west":{"uv":[7.875,10.125,7.625,10.625],"rotation":0,"texture":"#1","tintindex":0},"up":{"uv":[10.125,8.875,10.625,8.625],"rotation":0,"texture":"#1","tintindex":0},"down":{"uv":[9.375,10.125,9.875,10.375],"rotation":0,"texture":"#1","tintindex":0}}},{"from":[6.0,6.0453844,10.285713],"to":[8.285714,8.331099,11.428571],"rotation":{"angle":-22.5,"axis":"x","origin":[7.142857,7.188242,10.8571415]},"faces":{"east":{"uv":[7.625,10.125,7.375,10.625],"rotation":0,"texture":"#1","tintindex":0},"south":{"uv":[10.5,7.0,10.0,7.5],"rotation":0,"texture":"#1","tintindex":0},"north":{"uv":[7.125,10.0,6.625,10.5],"rotation":0,"texture":"#1","tintindex":0},"west":{"uv":[7.375,10.125,7.125,10.625],"rotation":0,"texture":"#1","tintindex":0},"up":{"uv":[10.125,8.625,10.625,8.375],"rotation":0,"texture":"#1","tintindex":0},"down":{"uv":[8.625,10.125,9.125,10.375],"rotation":0,"texture":"#1","tintindex":0}}},{"from":[6.285714,8.902528,-6.8571434],"to":[8.0,11.75967,2.8571424],"rotation":{"angle":0.0,"axis":"y","origin":[7.428571,11.188242,11.999999]},"faces":{"east":{"uv":[4.75,3.625,2.625,4.25],"rotation":0,"texture":"#1","tintindex":0},"south":{"uv":[10.5,4.625,10.125,5.25],"rotation":0,"texture":"#1","tintindex":0},"north":{"uv":[10.5,2.875,10.125,3.5],"rotation":0,"texture":"#1","tintindex":0},"west":{"uv":[2.625,3.625,0.5,4.25],"rotation":0,"texture":"#1","tintindex":0},"up":{"uv":[2.5,7.375,2.875,5.25],"rotation":0,"texture":"#1","tintindex":0},"down":{"uv":[5.5,5.375,5.875,7.5],"rotation":0,"texture":"#1","tintindex":0}}},{"from":[6.285714,4.3310986,2.8571424],"to":[8.0,6.0453844,7.4285707],"rotation":{"angle":0.0,"axis":"y","origin":[7.428571,6.616813,21.714287]},"faces":{"east":{"uv":[6.25,3.5,7.25,3.875],"rotation":0,"texture":"#1","tintindex":0},"south":{"uv":[6.5,10.125,6.125,10.5],"rotation":0,"texture":"#1","tintindex":0},"north":{"uv":[8.875,4.875,8.5,5.25],"rotation":0,"texture":"#1","tintindex":0},"west":{"uv":[7.25,3.5,6.25,3.875],"rotation":0,"texture":"#1","tintindex":0},"up":{"uv":[0.875,10.125,1.25,9.125],"rotation":0,"texture":"#1","tintindex":0},"down":{"uv":[8.25,9.25,8.625,10.25],"rotation":0,"texture":"#1","tintindex":0}}},{"from":[7.142857,2.0453844,-6.8571434],"to":[7.142857,4.3310986,7.4285707],"rotation":{"angle":0.0,"axis":"y","origin":[7.428571,6.616813,11.999999]},"faces":{"east":{"uv":[1.875,3.125,5.0,3.625],"rotation":0,"texture":"#1","tintindex":0},"south":{"uv":[0.0,0.0,0.0,0.5],"rotation":0,"texture":"#1","tintindex":0},"north":{"uv":[0.0,0.0,0.0,0.5],"rotation":0,"texture":"#1","tintindex":0},"west":{"uv":[5.0,3.125,1.875,3.625],"rotation":0,"texture":"#1","tintindex":0},"up":{"uv":[0.0,3.125,0.0,0.0],"rotation":0,"texture":"#1","tintindex":0},"down":{"uv":[0.0,0.0,0.0,3.125],"rotation":0,"texture":"#1","tintindex":0}}},{"from":[6.285714,4.3310986,-6.8571434],"to":[8.0,7.188242,2.8571424],"rotation":{"angle":0.0,"axis":"y","origin":[7.428571,6.616813,11.999999]},"faces":{"east":{"uv":[3.5,1.0,5.625,1.625],"rotation":0,"texture":"#1","tintindex":0},"south":{"uv":[1.25,10.125,0.875,10.75],"rotation":0,"texture":"#1","tintindex":0},"north":{"uv":[10.375,9.75,10.0,10.375],"rotation":0,"texture":"#1","tintindex":0},"west":{"uv":[5.625,1.0,3.5,1.625],"rotation":0,"texture":"#1","tintindex":0},"up":{"uv":[1.75,7.375,2.125,5.25],"rotation":0,"texture":"#1","tintindex":0},"down":{"uv":[2.125,5.25,2.5,7.375],"rotation":0,"texture":"#1","tintindex":0}}},{"from":[6.5714283,6.616813,-1.7142868],"to":[7.714286,7.7596703,22.857143],"rotation":{"angle":0.0,"axis":"y","origin":[7.714286,6.616813,11.999999]},"faces":{"east":{"uv":[8.875,0.75,3.5,1.0],"rotation":0,"texture":"#1","tintindex":0},"south":{"uv":[10.5,5.5,10.25,5.75],"rotation":0,"texture":"#1","tintindex":0},"north":{"uv":[10.5,5.25,10.25,5.5],"rotation":0,"texture":"#1","tintindex":0},"west":{"uv":[8.875,0.5,3.5,0.75],"rotation":0,"texture":"#1","tintindex":0},"up":{"uv":[0.0,8.75,0.25,3.375],"rotation":0,"texture":"#1","tintindex":0},"down":{"uv":[0.25,3.375,0.5,8.75],"rotation":0,"texture":"#1","tintindex":0}}},{"from":[6.0,6.0453844,22.857143],"to":[8.285714,8.331099,27.428572],"rotation":{"angle":0.0,"axis":"y","origin":[7.714286,6.616813,11.999999]},"faces":{"east":{"uv":[3.5,8.25,2.5,8.75],"rotation":0,"texture":"#1","tintindex":0},"south":{"uv":[5.0,10.0,4.5,10.5],"rotation":0,"texture":"#1","tintindex":0},"north":{"uv":[4.5,10.0,4.0,10.5],"rotation":0,"texture":"#1","tintindex":0},"west":{"uv":[9.25,1.5,8.25,2.0],"rotation":0,"texture":"#1","tintindex":0},"up":{"uv":[3.5,9.25,4.0,8.25],"rotation":0,"texture":"#1","tintindex":0},"down":{"uv":[8.25,7.375,8.75,8.375],"rotation":0,"texture":"#1","tintindex":0}}},{"from":[6.285714,5.714286,16.174576],"to":[8.571428,8.0,19.603148],"rotation":{"angle":0.0,"axis":"y","origin":[8.571428,6.285714,17.03172]},"faces":{"east":{"uv":[9.875,6.625,9.125,7.125],"rotation":0,"texture":"#1","tintindex":0},"south":{"uv":[4.0,10.0,3.5,10.5],"rotation":0,"texture":"#1","tintindex":0},"north":{"uv":[3.5,10.0,3.0,10.5],"rotation":0,"texture":"#1","tintindex":0},"west":{"uv":[9.875,0.0,9.125,0.5],"rotation":0,"texture":"#1","tintindex":0},"up":{"uv":[2.5,10.0,3.0,9.25],"rotation":0,"texture":"#1","tintindex":0},"down":{"uv":[3.0,9.25,3.5,10.0],"rotation":0,"texture":"#1","tintindex":0}}},{"from":[5.0853868,4.5214386,16.31562],"to":[7.371101,6.2357244,19.744192],"rotation":{"angle":-45.0,"axis":"z","origin":[7.3592453,4.502103,17.03172]},"faces":{"east":{"uv":[10.0,9.75,9.25,10.125],"rotation":0,"texture":"#1","tintindex":0},"south":{"uv":[10.625,3.5,10.125,3.875],"rotation":0,"texture":"#1","tintindex":0},"north":{"uv":[10.5,8.0,10.0,8.375],"rotation":0,"texture":"#1","tintindex":0},"west":{"uv":[8.0,9.75,7.25,10.125],"rotation":0,"texture":"#1","tintindex":0},"up":{"uv":[3.5,10.0,4.0,9.25],"rotation":0,"texture":"#1","tintindex":0},"down":{"uv":[4.0,9.25,4.5,10.0],"rotation":0,"texture":"#1","tintindex":0}}},{"from":[5.810171,6.6649685,15.897336],"to":[6.953028,7.8078256,18.754478],"rotation":{"angle":0.0,"axis":"y","origin":[9.714286,6.285714,17.03172]},"faces":{"east":{"uv":[1.125,10.875,0.5,11.125],"rotation":0,"texture":"#1","tintindex":0},"south":{"uv":[0.5,11.5,0.25,11.75],"rotation":0,"texture":"#1","tintindex":0},"north":{"uv":[0.25,11.5,0.0,11.75],"rotation":0,"texture":"#1","tintindex":0},"west":{"uv":[1.125,11.125,0.5,11.375],"rotation":0,"texture":"#1","tintindex":0},"up":{"uv":[0.0,11.5,0.25,10.875],"rotation":0,"texture":"#1","tintindex":0},"down":{"uv":[0.25,10.875,0.5,11.5],"rotation":0,"texture":"#1","tintindex":0}}}],"textures":{"1":"modelengine:entity/rot"},"display":{"head":{"translation":[0.0,-6.4,-40.698303],"scale":[4.0,4.0,4.0]}}}