{"elements":[{"from":[7.783612,5.7836113,6.285714],"to":[10.069326,9.212183,9.714286],"rotation":{"angle":0.0,"axis":"y","origin":[10.640755,7.497897,7.142857]},"faces":{"east":{"uv":[8.375,6.125,7.625,6.875],"rotation":0,"texture":"#1","tintindex":0},"south":{"uv":[9.5,2.75,9.0,3.5],"rotation":0,"texture":"#1","tintindex":0},"north":{"uv":[9.25,8.875,8.75,9.625],"rotation":0,"texture":"#1","tintindex":0},"west":{"uv":[1.25,7.625,0.5,8.375],"rotation":0,"texture":"#1","tintindex":0},"up":{"uv":[9.0,4.25,9.5,3.5],"rotation":0,"texture":"#1","tintindex":0},"down":{"uv":[0.375,9.125,0.875,9.875],"rotation":0,"texture":"#1","tintindex":0}}},{"from":[8.355041,3.4978971,6.285714],"to":[10.069326,5.7836113,9.142858],"rotation":{"angle":0.0,"axis":"y","origin":[10.640755,4.0693254,7.142857]},"faces":{"east":{"uv":[10.25,0.5,9.625,1.0],"rotation":0,"texture":"#1","tintindex":0},"south":{"uv":[5.75,10.125,5.375,10.625],"rotation":0,"texture":"#1","tintindex":0},"north":{"uv":[5.375,10.125,5.0,10.625],"rotation":0,"texture":"#1","tintindex":0},"west":{"uv":[10.125,8.375,9.5,8.875],"rotation":0,"texture":"#1","tintindex":0},"up":{"uv":[5.75,10.375,6.125,9.75],"rotation":0,"texture":"#1","tintindex":0},"down":{"uv":[0.5,9.875,0.875,10.5],"rotation":0,"texture":"#1","tintindex":0}}}],"textures":{"1":"modelengine:entity/rot"},"display":{"head":{"translation":[0.0,-6.4,0.0],"scale":[4.0,4.0,4.0]}}}