{"elements":[{"from":[6.1074286,8.871657,5.2726855],"to":[9.378285,11.341372,8.543543],"rotation":{"angle":0.0,"axis":"y","origin":[8.833143,5.0556574,6.9081144]},"faces":{"east":{"uv":[1.5,2.5,2.1875,3.0625],"rotation":0,"texture":"#0","tintindex":0},"south":{"uv":[2.5,1.875,3.1875,2.4375],"rotation":0,"texture":"#0","tintindex":0},"north":{"uv":[2.5,1.25,3.1875,1.8125],"rotation":0,"texture":"#0","tintindex":0},"west":{"uv":[2.25,2.5,2.9375,3.0625],"rotation":0,"texture":"#0","tintindex":0},"up":{"uv":[0.6875,3.1875,0.0,2.5],"rotation":0,"texture":"#0","tintindex":0},"down":{"uv":[1.4375,2.5,0.75,3.1875],"rotation":0,"texture":"#0","tintindex":0}}},{"from":[6.541714,8.191657,8.421257],"to":[8.944,10.9928,8.852115],"rotation":{"angle":0.0,"axis":"y","origin":[9.261714,5.0556574,6.9081144]},"faces":{"east":{"uv":[2.25,5.75,2.375,6.375],"rotation":0,"texture":"#0","tintindex":0},"south":{"uv":[3.25,0.0,3.75,0.625],"rotation":0,"texture":"#0","tintindex":0},"north":{"uv":[0.0,3.25,0.5,3.875],"rotation":0,"texture":"#0","tintindex":0},"west":{"uv":[4.125,5.75,4.25,6.375],"rotation":0,"texture":"#0","tintindex":0},"up":{"uv":[5.125,3.0,4.625,2.875],"rotation":0,"texture":"#0","tintindex":0},"down":{"uv":[6.5,5.25,6.0,5.375],"rotation":0,"texture":"#0","tintindex":0}}},{"from":[6.256,8.332229,7.4281144],"to":[9.229714,8.865943,8.537828],"rotation":{"angle":0.0,"axis":"y","origin":[8.747429,5.0556574,6.9081144]},"faces":{"east":{"uv":[0.75,7.25,1.0,7.375],"rotation":0,"texture":"#0","tintindex":0},"south":{"uv":[5.625,2.25,6.25,2.375],"rotation":0,"texture":"#0","tintindex":0},"north":{"uv":[5.5,2.0,6.125,2.125],"rotation":0,"texture":"#0","tintindex":0},"west":{"uv":[7.25,0.875,7.5,1.0],"rotation":0,"texture":"#0","tintindex":0},"up":{"uv":[5.125,3.25,4.5,3.0],"rotation":0,"texture":"#0","tintindex":0},"down":{"uv":[5.125,3.25,4.5,3.5],"rotation":0,"texture":"#0","tintindex":0}}},{"from":[6.2502856,7.8693714,7.765257],"to":[9.235429,8.814514,8.4864],"rotation":{"angle":0.0,"axis":"y","origin":[8.747429,5.0556574,6.9081144]},"faces":{"east":{"uv":[5.5,6.125,5.6875,6.375],"rotation":0,"texture":"#0","tintindex":0},"south":{"uv":[4.5,2.375,5.1875,2.625],"rotation":0,"texture":"#0","tintindex":0},"north":{"uv":[4.5,2.125,5.1875,2.375],"rotation":0,"texture":"#0","tintindex":0},"west":{"uv":[6.25,4.25,6.4375,4.5],"rotation":0,"texture":"#0","tintindex":0},"up":{"uv":[5.3125,1.0625,4.625,0.875],"rotation":0,"texture":"#0","tintindex":0},"down":{"uv":[5.3125,1.125,4.625,1.3125],"rotation":0,"texture":"#0","tintindex":0}}},{"from":[5.829406,8.866206,5.103691],"to":[9.656309,9.937109,6.2048798],"rotation":{"angle":0.0,"axis":"y","origin":[9.105715,5.0556574,6.9081144]},"faces":{"east":{"uv":[3.875,0.875,4.125,1.125],"rotation":0,"texture":"#0","tintindex":0},"south":{"uv":[1.375,3.75,2.1875,4.0],"rotation":0,"texture":"#0","tintindex":0},"north":{"uv":[3.75,0.375,4.5625,0.625],"rotation":0,"texture":"#0","tintindex":0},"west":{"uv":[4.0,3.625,4.25,3.875],"rotation":0,"texture":"#0","tintindex":0},"up":{"uv":[3.0625,4.0,2.25,3.75],"rotation":0,"texture":"#0","tintindex":0},"down":{"uv":[4.6875,0.625,3.875,0.875],"rotation":0,"texture":"#0","tintindex":0}}},{"from":[6.5942855,7.976606,5.2179766],"to":[8.891429,9.130892,5.800834],"rotation":{"angle":0.0,"axis":"y","origin":[7.742857,8.553749,5.5094056]},"faces":{"east":{"uv":[1.0,7.25,1.125,7.5],"rotation":0,"texture":"#0","tintindex":0},"south":{"uv":[4.625,1.625,5.125,1.875],"rotation":0,"texture":"#0","tintindex":0},"north":{"uv":[4.625,1.375,5.125,1.625],"rotation":0,"texture":"#0","tintindex":0},"west":{"uv":[7.25,1.0,7.375,1.25],"rotation":0,"texture":"#0","tintindex":0},"up":{"uv":[6.5,5.5,6.0,5.375],"rotation":0,"texture":"#0","tintindex":0},"down":{"uv":[6.5,5.5,6.0,5.625],"rotation":0,"texture":"#0","tintindex":0}}},{"from":[6.4736,10.918043,5.586544],"to":[9.012115,11.736558,7.5490584],"rotation":{"angle":-22.5,"axis":"x","origin":[7.4857144,11.063187,6.567801]},"faces":{"east":{"uv":[4.625,2.625,5.125,2.875],"rotation":0,"texture":"#0","tintindex":0},"south":{"uv":[3.625,4.5,4.25,4.75],"rotation":0,"texture":"#0","tintindex":0},"north":{"uv":[4.5,3.5,5.125,3.75],"rotation":0,"texture":"#0","tintindex":0},"west":{"uv":[4.75,0.5,5.25,0.75],"rotation":0,"texture":"#0","tintindex":0},"up":{"uv":[1.125,3.75,0.5,3.25],"rotation":0,"texture":"#0","tintindex":0},"down":{"uv":[3.875,0.625,3.25,1.125],"rotation":0,"texture":"#0","tintindex":0}}},{"from":[6.5294285,11.1449585,6.8143153],"to":[8.956285,12.194673,8.285001],"rotation":{"angle":22.5,"axis":"x","origin":[7.457143,11.063187,6.567801]},"faces":{"east":{"uv":[4.75,5.0,5.125,5.3125],"rotation":0,"texture":"#0","tintindex":0},"south":{"uv":[4.0,2.625,4.5625,2.9375],"rotation":0,"texture":"#0","tintindex":0},"north":{"uv":[2.0,4.0,2.5625,4.3125],"rotation":0,"texture":"#0","tintindex":0},"west":{"uv":[0.5,5.125,0.875,5.4375],"rotation":0,"texture":"#0","tintindex":0},"up":{"uv":[4.3125,0.375,3.75,0.0],"rotation":0,"texture":"#0","tintindex":0},"down":{"uv":[1.0625,3.75,0.5,4.125],"rotation":0,"texture":"#0","tintindex":0}}},{"from":[6.643714,10.908434,8.057421],"to":[8.842,11.813577,8.6078205],"rotation":{"angle":45.0,"axis":"x","origin":[8.142858,11.099234,7.7628493]},"faces":{"east":{"uv":[4.75,6.25,4.9375,6.5],"rotation":0,"texture":"#0","tintindex":0},"south":{"uv":[4.625,0.25,5.1875,0.5],"rotation":0,"texture":"#0","tintindex":0},"north":{"uv":[4.5,3.75,5.0625,4.0],"rotation":0,"texture":"#0","tintindex":0},"west":{"uv":[5.0,6.25,5.1875,6.5],"rotation":0,"texture":"#0","tintindex":0},"up":{"uv":[5.6875,3.9375,5.125,3.75],"rotation":0,"texture":"#0","tintindex":0},"down":{"uv":[5.6875,4.625,5.125,4.8125],"rotation":0,"texture":"#0","tintindex":0}}},{"from":[5.834857,9.125829,5.2648],"to":[9.650857,10.483257,7.9905143],"rotation":{"angle":-22.5,"axis":"x","origin":[8.015429,9.961943,6.9081144]},"faces":{"east":{"uv":[3.625,3.875,4.25,4.1875],"rotation":0,"texture":"#0","tintindex":0},"south":{"uv":[3.25,1.5,4.0625,1.8125],"rotation":0,"texture":"#0","tintindex":0},"north":{"uv":[3.25,1.125,4.0625,1.4375],"rotation":0,"texture":"#0","tintindex":0},"west":{"uv":[1.375,4.0,2.0,4.3125],"rotation":0,"texture":"#0","tintindex":0},"up":{"uv":[3.1875,0.625,2.375,0.0],"rotation":0,"texture":"#0","tintindex":0},"down":{"uv":[3.1875,0.625,2.375,1.25],"rotation":0,"texture":"#0","tintindex":0}}}],"textures":{"0":"modelengine:entity/nocsy_skeleton_warrior"},"display":{"head":{"translation":[0.0,-6.4,0.0],"scale":[4.0,4.0,4.0]}}}