{"elements":[{"from":[7.628313,5.217022,7.490323],"to":[8.194028,8.302736,8.261751],"rotation":{"angle":0.0,"axis":"y","origin":[7.923859,8.144837,7.9649158]},"faces":{"east":{"uv":[4.625,4.25,4.8125,4.9375],"rotation":0,"texture":"#0","tintindex":0},"south":{"uv":[5.5,5.375,5.625,6.0625],"rotation":0,"texture":"#0","tintindex":0},"north":{"uv":[4.0,5.5,4.125,6.1875],"rotation":0,"texture":"#0","tintindex":0},"west":{"uv":[1.125,4.75,1.3125,5.4375],"rotation":0,"texture":"#0","tintindex":0},"up":{"uv":[6.25,7.5625,6.125,7.375],"rotation":0,"texture":"#0","tintindex":0},"down":{"uv":[6.375,7.375,6.25,7.5625],"rotation":0,"texture":"#0","tintindex":0}}},{"from":[7.0991535,4.909384,7.6234403],"to":[7.9322963,5.742527,8.405154],"rotation":{"angle":-45.0,"axis":"z","origin":[8.116884,5.037022,7.876037]},"faces":{"east":{"uv":[0.0,7.0,0.1875,7.1875],"rotation":0,"texture":"#0","tintindex":0},"south":{"uv":[7.0,0.75,7.1875,0.9375],"rotation":0,"texture":"#0","tintindex":0},"north":{"uv":[6.75,6.875,6.9375,7.0625],"rotation":0,"texture":"#0","tintindex":0},"west":{"uv":[1.0,7.0,1.1875,7.1875],"rotation":0,"texture":"#0","tintindex":0},"up":{"uv":[7.1875,1.1875,7.0,1.0],"rotation":0,"texture":"#0","tintindex":0},"down":{"uv":[1.4375,7.0,1.25,7.1875],"rotation":0,"texture":"#0","tintindex":0}}}],"textures":{"0":"modelengine:entity/nocsy_skeleton_warrior"},"display":{"head":{"translation":[0.0,-6.4,0.0],"scale":[4.0,4.0,4.0]}}}