{"elements":[{"from":[7.5577145,4.4205713,7.712],"to":[8.1851425,7.979429,8.288],"rotation":{"angle":0.0,"axis":"y","origin":[10.262857,11.265715,8.385715]},"faces":{"east":{"uv":[4.375,5.125,4.5,5.875],"rotation":0,"texture":"#0","tintindex":0},"south":{"uv":[3.125,5.25,3.25,6.0],"rotation":0,"texture":"#0","tintindex":0},"north":{"uv":[4.25,5.125,4.375,5.875],"rotation":0,"texture":"#0","tintindex":0},"west":{"uv":[3.25,5.25,3.375,6.0],"rotation":0,"texture":"#0","tintindex":0},"up":{"uv":[7.875,1.0,7.75,0.875],"rotation":0,"texture":"#0","tintindex":0},"down":{"uv":[1.125,7.75,1.0,7.875],"rotation":0,"texture":"#0","tintindex":0}}},{"from":[7.5025973,7.4506783,7.7023516],"to":[8.284312,8.232392,8.432637],"rotation":{"angle":45.0,"axis":"z","origin":[7.9228573,7.717143,8.0]},"faces":{"east":{"uv":[2.75,6.75,2.9375,6.9375],"rotation":0,"texture":"#0","tintindex":0},"south":{"uv":[3.25,6.75,3.4375,6.9375],"rotation":0,"texture":"#0","tintindex":0},"north":{"uv":[6.75,2.25,6.9375,2.4375],"rotation":0,"texture":"#0","tintindex":0},"west":{"uv":[6.75,3.5,6.9375,3.6875],"rotation":0,"texture":"#0","tintindex":0},"up":{"uv":[6.9375,3.9375,6.75,3.75],"rotation":0,"texture":"#0","tintindex":0},"down":{"uv":[6.1875,6.75,6.0,6.9375],"rotation":0,"texture":"#0","tintindex":0}}},{"from":[7.2688007,4.4240212,7.363925],"to":[8.463137,4.896506,8.361392],"rotation":{"angle":-22.5,"axis":"x","origin":[7.9684806,5.157176,8.075206]},"faces":{"east":{"uv":[1.875,7.375,2.0625,7.5],"rotation":0,"texture":"#0","tintindex":0},"south":{"uv":[7.25,2.875,7.5,3.0],"rotation":0,"texture":"#0","tintindex":0},"north":{"uv":[2.875,7.25,3.125,7.375],"rotation":0,"texture":"#0","tintindex":0},"west":{"uv":[2.125,7.375,2.3125,7.5],"rotation":0,"texture":"#0","tintindex":0},"up":{"uv":[1.125,6.5625,0.875,6.375],"rotation":0,"texture":"#0","tintindex":0},"down":{"uv":[6.625,1.0,6.375,1.1875],"rotation":0,"texture":"#0","tintindex":0}}},{"from":[7.137555,4.1029625,7.1008453],"to":[8.594383,4.5754476,8.688919],"rotation":{"angle":0.0,"axis":"y","origin":[7.9684806,5.157176,8.075206]},"faces":{"east":{"uv":[6.375,0.25,6.75,0.375],"rotation":0,"texture":"#0","tintindex":0},"south":{"uv":[6.625,4.125,6.9375,4.25],"rotation":0,"texture":"#0","tintindex":0},"north":{"uv":[6.625,4.0,6.9375,4.125],"rotation":0,"texture":"#0","tintindex":0},"west":{"uv":[6.375,1.375,6.75,1.5],"rotation":0,"texture":"#0","tintindex":0},"up":{"uv":[5.4375,3.0,5.125,2.625],"rotation":0,"texture":"#0","tintindex":0},"down":{"uv":[5.4375,3.0,5.125,3.375],"rotation":0,"texture":"#0","tintindex":0}}},{"from":[7.2097406,3.9126563,7.3698993],"to":[8.522198,4.3063936,8.616734],"rotation":{"angle":0.0,"axis":"y","origin":[7.9684806,5.157176,8.075206]},"faces":{"east":{"uv":[6.625,4.625,6.9375,4.75],"rotation":0,"texture":"#0","tintindex":0},"south":{"uv":[6.625,5.125,6.9375,5.25],"rotation":0,"texture":"#0","tintindex":0},"north":{"uv":[6.625,4.5,6.9375,4.625],"rotation":0,"texture":"#0","tintindex":0},"west":{"uv":[6.625,5.5,6.9375,5.625],"rotation":0,"texture":"#0","tintindex":0},"up":{"uv":[5.0625,5.6875,4.75,5.375],"rotation":0,"texture":"#0","tintindex":0},"down":{"uv":[5.4375,5.375,5.125,5.6875],"rotation":0,"texture":"#0","tintindex":0}}},{"from":[7.398478,4.011989,6.5579605],"to":[8.002209,4.484474,7.5554276],"rotation":{"angle":22.5,"axis":"y","origin":[7.9684806,5.157176,8.075206]},"faces":{"east":{"uv":[2.375,7.375,2.5625,7.5],"rotation":0,"texture":"#0","tintindex":0},"south":{"uv":[1.125,7.75,1.25,7.875],"rotation":0,"texture":"#0","tintindex":0},"north":{"uv":[7.75,1.0,7.875,1.125],"rotation":0,"texture":"#0","tintindex":0},"west":{"uv":[7.375,2.375,7.5625,2.5],"rotation":0,"texture":"#0","tintindex":0},"up":{"uv":[7.5,2.6875,7.375,2.5],"rotation":0,"texture":"#0","tintindex":0},"down":{"uv":[3.0,7.375,2.875,7.5625],"rotation":0,"texture":"#0","tintindex":0}}},{"from":[7.398478,3.9463663,5.967355],"to":[8.002209,4.3532286,6.3085933],"rotation":{"angle":22.5,"axis":"y","origin":[7.9684806,5.157176,8.075206]},"faces":{"east":{"uv":[8.125,2.0,8.1875,2.0625],"rotation":0,"texture":"#0","tintindex":0},"south":{"uv":[0.625,8.0,0.75,8.0625],"rotation":0,"texture":"#0","tintindex":0},"north":{"uv":[0.5,8.0,0.625,8.0625],"rotation":0,"texture":"#0","tintindex":0},"west":{"uv":[2.125,8.125,2.1875,8.1875],"rotation":0,"texture":"#0","tintindex":0},"up":{"uv":[0.875,8.0625,0.75,8.0],"rotation":0,"texture":"#0","tintindex":0},"down":{"uv":[1.0,8.0,0.875,8.0625],"rotation":0,"texture":"#0","tintindex":0}}},{"from":[7.5297236,4.011989,5.704863],"to":[7.8709626,4.2876053,6.964822],"rotation":{"angle":22.5,"axis":"y","origin":[7.9684806,5.157176,8.075206]},"faces":{"east":{"uv":[7.75,1.125,8.0,1.1875],"rotation":0,"texture":"#0","tintindex":0},"south":{"uv":[2.25,8.125,2.3125,8.1875],"rotation":0,"texture":"#0","tintindex":0},"north":{"uv":[8.125,2.125,8.1875,2.1875],"rotation":0,"texture":"#0","tintindex":0},"west":{"uv":[1.25,7.75,1.5,7.8125],"rotation":0,"texture":"#0","tintindex":0},"up":{"uv":[7.8125,1.5,7.75,1.25],"rotation":0,"texture":"#0","tintindex":0},"down":{"uv":[1.5625,7.75,1.5,8.0],"rotation":0,"texture":"#0","tintindex":0}}},{"from":[7.576255,4.011989,6.5557847],"to":[8.179985,4.484474,7.553252],"rotation":{"angle":0.0,"axis":"y","origin":[7.9684806,5.157176,8.075206]},"faces":{"east":{"uv":[7.375,2.75,7.5625,2.875],"rotation":0,"texture":"#0","tintindex":0},"south":{"uv":[1.625,7.75,1.75,7.875],"rotation":0,"texture":"#0","tintindex":0},"north":{"uv":[7.75,1.5,7.875,1.625],"rotation":0,"texture":"#0","tintindex":0},"west":{"uv":[3.0,7.375,3.1875,7.5],"rotation":0,"texture":"#0","tintindex":0},"up":{"uv":[3.375,7.5625,3.25,7.375],"rotation":0,"texture":"#0","tintindex":0},"down":{"uv":[3.5,7.375,3.375,7.5625],"rotation":0,"texture":"#0","tintindex":0}}},{"from":[7.7075005,4.011989,5.7026873],"to":[8.048739,4.2876053,6.9626465],"rotation":{"angle":0.0,"axis":"y","origin":[7.9684806,5.157176,8.075206]},"faces":{"east":{"uv":[7.75,1.625,8.0,1.6875],"rotation":0,"texture":"#0","tintindex":0},"south":{"uv":[2.375,8.125,2.4375,8.1875],"rotation":0,"texture":"#0","tintindex":0},"north":{"uv":[8.125,2.25,8.1875,2.3125],"rotation":0,"texture":"#0","tintindex":0},"west":{"uv":[1.75,7.75,2.0,7.8125],"rotation":0,"texture":"#0","tintindex":0},"up":{"uv":[7.8125,2.0,7.75,1.75],"rotation":0,"texture":"#0","tintindex":0},"down":{"uv":[2.0625,7.75,2.0,8.0],"rotation":0,"texture":"#0","tintindex":0}}},{"from":[7.576255,3.9463663,5.965179],"to":[8.179985,4.3532286,6.306418],"rotation":{"angle":0.0,"axis":"y","origin":[7.9684806,5.157176,8.075206]},"faces":{"east":{"uv":[8.125,2.375,8.1875,2.4375],"rotation":0,"texture":"#0","tintindex":0},"south":{"uv":[1.125,8.0,1.25,8.0625],"rotation":0,"texture":"#0","tintindex":0},"north":{"uv":[1.0,8.0,1.125,8.0625],"rotation":0,"texture":"#0","tintindex":0},"west":{"uv":[2.5,8.125,2.5625,8.1875],"rotation":0,"texture":"#0","tintindex":0},"up":{"uv":[8.125,1.1875,8.0,1.125],"rotation":0,"texture":"#0","tintindex":0},"down":{"uv":[1.375,8.0,1.25,8.0625],"rotation":0,"texture":"#0","tintindex":0}}},{"from":[8.345259,4.011989,6.561081],"to":[8.948989,4.484474,7.5585485],"rotation":{"angle":-22.5,"axis":"y","origin":[7.8821974,4.7052765,6.5567393]},"faces":{"east":{"uv":[7.375,3.5,7.5625,3.625],"rotation":0,"texture":"#0","tintindex":0},"south":{"uv":[2.125,7.75,2.25,7.875],"rotation":0,"texture":"#0","tintindex":0},"north":{"uv":[7.75,2.0,7.875,2.125],"rotation":0,"texture":"#0","tintindex":0},"west":{"uv":[7.375,3.625,7.5625,3.75],"rotation":0,"texture":"#0","tintindex":0},"up":{"uv":[3.625,7.5625,3.5,7.375],"rotation":0,"texture":"#0","tintindex":0},"down":{"uv":[7.5,3.75,7.375,3.9375],"rotation":0,"texture":"#0","tintindex":0}}},{"from":[8.476504,4.011989,5.707984],"to":[8.817743,4.2876053,6.9679427],"rotation":{"angle":-22.5,"axis":"y","origin":[7.8821974,4.7052765,6.5567393]},"faces":{"east":{"uv":[7.75,2.125,8.0,2.1875],"rotation":0,"texture":"#0","tintindex":0},"south":{"uv":[2.625,8.125,2.6875,8.1875],"rotation":0,"texture":"#0","tintindex":0},"north":{"uv":[8.125,2.5,8.1875,2.5625],"rotation":0,"texture":"#0","tintindex":0},"west":{"uv":[7.75,2.25,8.0,2.3125],"rotation":0,"texture":"#0","tintindex":0},"up":{"uv":[7.8125,2.625,7.75,2.375],"rotation":0,"texture":"#0","tintindex":0},"down":{"uv":[2.5625,7.75,2.5,8.0],"rotation":0,"texture":"#0","tintindex":0}}},{"from":[8.345259,3.9463663,5.970475],"to":[8.948989,4.3532286,6.311714],"rotation":{"angle":-22.5,"axis":"y","origin":[7.8821974,4.7052765,6.5567393]},"faces":{"east":{"uv":[8.125,2.625,8.1875,2.6875],"rotation":0,"texture":"#0","tintindex":0},"south":{"uv":[1.5,8.0,1.625,8.0625],"rotation":0,"texture":"#0","tintindex":0},"north":{"uv":[1.375,8.0,1.5,8.0625],"rotation":0,"texture":"#0","tintindex":0},"west":{"uv":[2.75,8.125,2.8125,8.1875],"rotation":0,"texture":"#0","tintindex":0},"up":{"uv":[1.75,8.0625,1.625,8.0],"rotation":0,"texture":"#0","tintindex":0},"down":{"uv":[8.125,1.625,8.0,1.6875],"rotation":0,"texture":"#0","tintindex":0}}}],"textures":{"0":"modelengine:entity/nocsy_skeleton_warrior"},"display":{"head":{"translation":[0.0,-6.4,0.0],"scale":[4.0,4.0,4.0]}}}