{"elements":[{"from":[7.5537615,3.8992696,7.6805744],"to":[8.1811905,8.43527,8.256575],"rotation":{"angle":0.0,"axis":"y","origin":[7.8759923,7.950952,8.026234]},"faces":{"east":{"uv":[2.375,5.0,2.5,6.0],"rotation":0,"texture":"#0","tintindex":0},"south":{"uv":[2.5,5.0,2.625,6.0],"rotation":0,"texture":"#0","tintindex":0},"north":{"uv":[4.125,4.75,4.25,5.75],"rotation":0,"texture":"#0","tintindex":0},"west":{"uv":[2.625,5.0,2.75,6.0],"rotation":0,"texture":"#0","tintindex":0},"up":{"uv":[0.875,7.875,0.75,7.75],"rotation":0,"texture":"#0","tintindex":0},"down":{"uv":[1.0,7.75,0.875,7.875],"rotation":0,"texture":"#0","tintindex":0}}},{"from":[8.065001,4.0290766,7.750529],"to":[9.001001,4.965077,8.686529],"rotation":{"angle":45.0,"axis":"z","origin":[7.960324,3.6388197,7.9976063]},"faces":{"east":{"uv":[1.5,6.75,1.6875,6.9375],"rotation":0,"texture":"#0","tintindex":0},"south":{"uv":[6.75,1.5,6.9375,1.6875],"rotation":0,"texture":"#0","tintindex":0},"north":{"uv":[0.0,6.75,0.1875,6.9375],"rotation":0,"texture":"#0","tintindex":0},"west":{"uv":[1.75,6.75,1.9375,6.9375],"rotation":0,"texture":"#0","tintindex":0},"up":{"uv":[2.1875,6.9375,2.0,6.75],"rotation":0,"texture":"#0","tintindex":0},"down":{"uv":[2.4375,6.75,2.25,6.9375],"rotation":0,"texture":"#0","tintindex":0}}}],"textures":{"0":"modelengine:entity/nocsy_skeleton_warrior"},"display":{"head":{"translation":[0.0,-6.4,0.0],"scale":[4.0,4.0,4.0]}}}