{"elements":[{"from":[7.814857,4.4205713,7.712],"to":[8.442286,7.979429,8.288],"rotation":{"angle":0.0,"axis":"y","origin":[5.7371426,11.265715,8.385715]},"faces":{"east":{"uv":[3.625,5.5,3.75,6.25],"rotation":0,"texture":"#0","tintindex":0},"south":{"uv":[3.75,5.5,3.875,6.25],"rotation":0,"texture":"#0","tintindex":0},"north":{"uv":[1.25,5.5,1.375,6.25],"rotation":0,"texture":"#0","tintindex":0},"west":{"uv":[3.875,5.5,4.0,6.25],"rotation":0,"texture":"#0","tintindex":0},"up":{"uv":[2.875,7.875,2.75,7.75],"rotation":0,"texture":"#0","tintindex":0},"down":{"uv":[7.875,2.75,7.75,2.875],"rotation":0,"texture":"#0","tintindex":0}}},{"from":[7.715688,7.4506783,7.7023516],"to":[8.497402,8.232392,8.432637],"rotation":{"angle":-45.0,"axis":"z","origin":[8.077143,7.717143,8.0]},"faces":{"east":{"uv":[6.875,4.75,7.0625,4.9375],"rotation":0,"texture":"#0","tintindex":0},"south":{"uv":[6.875,5.25,7.0625,5.4375],"rotation":0,"texture":"#0","tintindex":0},"north":{"uv":[6.875,4.25,7.0625,4.4375],"rotation":0,"texture":"#0","tintindex":0},"west":{"uv":[5.75,6.875,5.9375,7.0625],"rotation":0,"texture":"#0","tintindex":0},"up":{"uv":[7.0625,6.0625,6.875,5.875],"rotation":0,"texture":"#0","tintindex":0},"down":{"uv":[7.0625,6.375,6.875,6.5625],"rotation":0,"texture":"#0","tintindex":0}}},{"from":[7.536863,4.4240212,7.363925],"to":[8.731199,4.896506,8.361392],"rotation":{"angle":-22.5,"axis":"x","origin":[8.031519,5.157176,8.075206]},"faces":{"east":{"uv":[3.875,7.375,4.0625,7.5],"rotation":0,"texture":"#0","tintindex":0},"south":{"uv":[3.125,7.25,3.375,7.375],"rotation":0,"texture":"#0","tintindex":0},"north":{"uv":[7.25,3.0,7.5,3.125],"rotation":0,"texture":"#0","tintindex":0},"west":{"uv":[4.125,7.375,4.3125,7.5],"rotation":0,"texture":"#0","tintindex":0},"up":{"uv":[1.375,6.5625,1.125,6.375],"rotation":0,"texture":"#0","tintindex":0},"down":{"uv":[1.75,6.375,1.5,6.5625],"rotation":0,"texture":"#0","tintindex":0}}},{"from":[7.405617,4.1029625,7.1008453],"to":[8.862445,4.5754476,8.688919],"rotation":{"angle":0.0,"axis":"y","origin":[8.031519,5.157176,8.075206]},"faces":{"east":{"uv":[6.375,1.5,6.75,1.625],"rotation":0,"texture":"#0","tintindex":0},"south":{"uv":[6.625,5.75,6.9375,5.875],"rotation":0,"texture":"#0","tintindex":0},"north":{"uv":[6.625,5.625,6.9375,5.75],"rotation":0,"texture":"#0","tintindex":0},"west":{"uv":[6.375,1.625,6.75,1.75],"rotation":0,"texture":"#0","tintindex":0},"up":{"uv":[5.4375,3.75,5.125,3.375],"rotation":0,"texture":"#0","tintindex":0},"down":{"uv":[5.4375,4.25,5.125,4.625],"rotation":0,"texture":"#0","tintindex":0}}},{"from":[7.4778023,3.9126563,7.3698993],"to":[8.790259,4.3063936,8.616734],"rotation":{"angle":0.0,"axis":"y","origin":[8.031519,5.157176,8.075206]},"faces":{"east":{"uv":[6.625,6.125,6.9375,6.25],"rotation":0,"texture":"#0","tintindex":0},"south":{"uv":[6.625,6.25,6.9375,6.375],"rotation":0,"texture":"#0","tintindex":0},"north":{"uv":[6.0,6.625,6.3125,6.75],"rotation":0,"texture":"#0","tintindex":0},"west":{"uv":[6.375,6.625,6.6875,6.75],"rotation":0,"texture":"#0","tintindex":0},"up":{"uv":[0.8125,5.8125,0.5,5.5],"rotation":0,"texture":"#0","tintindex":0},"down":{"uv":[1.1875,5.5,0.875,5.8125],"rotation":0,"texture":"#0","tintindex":0}}},{"from":[7.997792,4.011989,6.5579605],"to":[8.601522,4.484474,7.5554276],"rotation":{"angle":-22.5,"axis":"y","origin":[8.031519,5.157176,8.075206]},"faces":{"east":{"uv":[4.375,7.375,4.5625,7.5],"rotation":0,"texture":"#0","tintindex":0},"south":{"uv":[7.75,2.875,7.875,3.0],"rotation":0,"texture":"#0","tintindex":0},"north":{"uv":[2.875,7.75,3.0,7.875],"rotation":0,"texture":"#0","tintindex":0},"west":{"uv":[4.625,7.375,4.8125,7.5],"rotation":0,"texture":"#0","tintindex":0},"up":{"uv":[5.0,7.5625,4.875,7.375],"rotation":0,"texture":"#0","tintindex":0},"down":{"uv":[5.125,7.375,5.0,7.5625],"rotation":0,"texture":"#0","tintindex":0}}},{"from":[7.997792,3.9463663,5.967355],"to":[8.601522,4.3532286,6.3085933],"rotation":{"angle":-22.5,"axis":"y","origin":[8.031519,5.157176,8.075206]},"faces":{"east":{"uv":[8.125,2.75,8.1875,2.8125],"rotation":0,"texture":"#0","tintindex":0},"south":{"uv":[2.0,8.0,2.125,8.0625],"rotation":0,"texture":"#0","tintindex":0},"north":{"uv":[1.75,8.0,1.875,8.0625],"rotation":0,"texture":"#0","tintindex":0},"west":{"uv":[2.875,8.125,2.9375,8.1875],"rotation":0,"texture":"#0","tintindex":0},"up":{"uv":[8.125,2.1875,8.0,2.125],"rotation":0,"texture":"#0","tintindex":0},"down":{"uv":[2.375,8.0,2.25,8.0625],"rotation":0,"texture":"#0","tintindex":0}}},{"from":[8.129038,4.011989,5.704863],"to":[8.470276,4.2876053,6.964822],"rotation":{"angle":-22.5,"axis":"y","origin":[8.031519,5.157176,8.075206]},"faces":{"east":{"uv":[3.0,7.75,3.25,7.8125],"rotation":0,"texture":"#0","tintindex":0},"south":{"uv":[3.0,8.125,3.0625,8.1875],"rotation":0,"texture":"#0","tintindex":0},"north":{"uv":[8.125,2.875,8.1875,2.9375],"rotation":0,"texture":"#0","tintindex":0},"west":{"uv":[7.75,3.0,8.0,3.0625],"rotation":0,"texture":"#0","tintindex":0},"up":{"uv":[7.8125,3.375,7.75,3.125],"rotation":0,"texture":"#0","tintindex":0},"down":{"uv":[3.3125,7.75,3.25,8.0],"rotation":0,"texture":"#0","tintindex":0}}},{"from":[7.820015,4.011989,6.5557847],"to":[8.423745,4.484474,7.553252],"rotation":{"angle":0.0,"axis":"y","origin":[8.031519,5.157176,8.075206]},"faces":{"east":{"uv":[5.125,7.375,5.3125,7.5],"rotation":0,"texture":"#0","tintindex":0},"south":{"uv":[7.75,3.375,7.875,3.5],"rotation":0,"texture":"#0","tintindex":0},"north":{"uv":[3.375,7.75,3.5,7.875],"rotation":0,"texture":"#0","tintindex":0},"west":{"uv":[7.375,5.25,7.5625,5.375],"rotation":0,"texture":"#0","tintindex":0},"up":{"uv":[5.5,7.5625,5.375,7.375],"rotation":0,"texture":"#0","tintindex":0},"down":{"uv":[5.625,7.375,5.5,7.5625],"rotation":0,"texture":"#0","tintindex":0}}},{"from":[7.9512606,4.011989,5.7026873],"to":[8.2925,4.2876053,6.9626465],"rotation":{"angle":0.0,"axis":"y","origin":[8.031519,5.157176,8.075206]},"faces":{"east":{"uv":[3.5,7.75,3.75,7.8125],"rotation":0,"texture":"#0","tintindex":0},"south":{"uv":[3.125,8.125,3.1875,8.1875],"rotation":0,"texture":"#0","tintindex":0},"north":{"uv":[8.125,3.0,8.1875,3.0625],"rotation":0,"texture":"#0","tintindex":0},"west":{"uv":[7.75,3.5,8.0,3.5625],"rotation":0,"texture":"#0","tintindex":0},"up":{"uv":[7.8125,3.875,7.75,3.625],"rotation":0,"texture":"#0","tintindex":0},"down":{"uv":[3.8125,7.75,3.75,8.0],"rotation":0,"texture":"#0","tintindex":0}}},{"from":[7.820015,3.9463663,5.965179],"to":[8.423745,4.3532286,6.306418],"rotation":{"angle":0.0,"axis":"y","origin":[8.031519,5.157176,8.075206]},"faces":{"east":{"uv":[8.125,3.125,8.1875,3.1875],"rotation":0,"texture":"#0","tintindex":0},"south":{"uv":[2.375,8.0,2.5,8.0625],"rotation":0,"texture":"#0","tintindex":0},"north":{"uv":[8.0,2.25,8.125,2.3125],"rotation":0,"texture":"#0","tintindex":0},"west":{"uv":[3.25,8.125,3.3125,8.1875],"rotation":0,"texture":"#0","tintindex":0},"up":{"uv":[8.125,2.4375,8.0,2.375],"rotation":0,"texture":"#0","tintindex":0},"down":{"uv":[2.625,8.0,2.5,8.0625],"rotation":0,"texture":"#0","tintindex":0}}},{"from":[7.051011,4.011989,6.561081],"to":[7.654742,4.484474,7.5585485],"rotation":{"angle":22.5,"axis":"y","origin":[8.117803,4.7052765,6.5567393]},"faces":{"east":{"uv":[7.375,5.375,7.5625,5.5],"rotation":0,"texture":"#0","tintindex":0},"south":{"uv":[7.75,3.875,7.875,4.0],"rotation":0,"texture":"#0","tintindex":0},"north":{"uv":[3.875,7.75,4.0,7.875],"rotation":0,"texture":"#0","tintindex":0},"west":{"uv":[5.75,7.375,5.9375,7.5],"rotation":0,"texture":"#0","tintindex":0},"up":{"uv":[7.5,6.0625,7.375,5.875],"rotation":0,"texture":"#0","tintindex":0},"down":{"uv":[6.125,7.375,6.0,7.5625],"rotation":0,"texture":"#0","tintindex":0}}},{"from":[7.182257,4.011989,5.707984],"to":[7.5234957,4.2876053,6.9679427],"rotation":{"angle":22.5,"axis":"y","origin":[8.117803,4.7052765,6.5567393]},"faces":{"east":{"uv":[4.0,7.75,4.25,7.8125],"rotation":0,"texture":"#0","tintindex":0},"south":{"uv":[3.375,8.125,3.4375,8.1875],"rotation":0,"texture":"#0","tintindex":0},"north":{"uv":[8.125,3.25,8.1875,3.3125],"rotation":0,"texture":"#0","tintindex":0},"west":{"uv":[7.75,4.0,8.0,4.0625],"rotation":0,"texture":"#0","tintindex":0},"up":{"uv":[7.8125,4.375,7.75,4.125],"rotation":0,"texture":"#0","tintindex":0},"down":{"uv":[4.3125,7.75,4.25,8.0],"rotation":0,"texture":"#0","tintindex":0}}},{"from":[7.051011,3.9463663,5.970475],"to":[7.654742,4.3532286,6.311714],"rotation":{"angle":22.5,"axis":"y","origin":[8.117803,4.7052765,6.5567393]},"faces":{"east":{"uv":[8.125,3.375,8.1875,3.4375],"rotation":0,"texture":"#0","tintindex":0},"south":{"uv":[8.0,2.625,8.125,2.6875],"rotation":0,"texture":"#0","tintindex":0},"north":{"uv":[8.0,2.5,8.125,2.5625],"rotation":0,"texture":"#0","tintindex":0},"west":{"uv":[3.5,8.125,3.5625,8.1875],"rotation":0,"texture":"#0","tintindex":0},"up":{"uv":[8.125,2.8125,8.0,2.75],"rotation":0,"texture":"#0","tintindex":0},"down":{"uv":[8.125,3.0,8.0,3.0625],"rotation":0,"texture":"#0","tintindex":0}}}],"textures":{"0":"modelengine:entity/nocsy_skeleton_warrior"},"display":{"head":{"translation":[0.0,-6.4,0.0],"scale":[4.0,4.0,4.0]}}}