{"elements":[{"from":[6.852958,4.8331966,6.20512],"to":[9.138673,8.833197,8.490834],"rotation":{"angle":22.5,"axis":"x","origin":[7.9958153,6.6704144,6.2948303]},"faces":{"east":{"uv":[0.0,4.625,0.5,5.5],"rotation":0,"texture":"#0","tintindex":0},"south":{"uv":[4.875,0.75,5.375,1.625],"rotation":0,"texture":"#0","tintindex":0},"north":{"uv":[1.5,4.375,2.0,5.25],"rotation":0,"texture":"#0","tintindex":0},"west":{"uv":[2.125,4.875,2.625,5.75],"rotation":0,"texture":"#0","tintindex":0},"up":{"uv":[0.5,6.875,0.0,6.375],"rotation":0,"texture":"#0","tintindex":0},"down":{"uv":[7.0,0.375,6.5,0.875],"rotation":0,"texture":"#0","tintindex":0}}},{"from":[7.710101,6.21667,5.3177404],"to":[8.281529,6.7880983,6.4605975],"rotation":{"angle":45.0,"axis":"x","origin":[7.9958153,6.502384,5.8891687]},"faces":{"east":{"uv":[10.25,2.0,10.5,2.125],"rotation":0,"texture":"#0","tintindex":0},"south":{"uv":[9.25,3.375,9.375,3.5],"rotation":0,"texture":"#0","tintindex":0},"north":{"uv":[8.625,3.0,8.75,3.125],"rotation":0,"texture":"#0","tintindex":0},"west":{"uv":[10.375,3.0,10.625,3.125],"rotation":0,"texture":"#0","tintindex":0},"up":{"uv":[2.0,8.0,1.875,7.75],"rotation":0,"texture":"#0","tintindex":0},"down":{"uv":[3.5,7.75,3.375,8.0],"rotation":0,"texture":"#0","tintindex":0}}},{"from":[7.710101,7.359527,4.746312],"to":[8.281529,7.9309554,5.8891687],"rotation":{"angle":45.0,"axis":"x","origin":[7.9958153,6.502384,5.8891687]},"faces":{"east":{"uv":[9.75,2.25,10.0,2.375],"rotation":0,"texture":"#0","tintindex":0},"south":{"uv":[1.875,8.125,2.0,8.25],"rotation":0,"texture":"#0","tintindex":0},"north":{"uv":[1.5,7.5,1.625,7.625],"rotation":0,"texture":"#0","tintindex":0},"west":{"uv":[10.125,9.5,10.375,9.625],"rotation":0,"texture":"#0","tintindex":0},"up":{"uv":[1.0,2.875,0.875,2.625],"rotation":0,"texture":"#0","tintindex":0},"down":{"uv":[7.75,4.0,7.625,4.25],"rotation":0,"texture":"#0","tintindex":0}}}],"textures":{"0":"modelengine:entity/skeletal_minion"},"display":{"head":{"translation":[0.0,-6.4,0.0],"scale":[4.0,4.0,4.0]}}}