{"elements":[{"from":[5.6729517,5.0039444,6.71189],"to":[9.672953,6.7182302,8.997604],"rotation":{"angle":-45.0,"axis":"z","origin":[9.362727,4.4815364,7.854748]},"faces":{"east":{"uv":[3.5,7.25,3.0,7.625],"rotation":0,"texture":"#0","tintindex":0},"south":{"uv":[5.625,5.375,4.75,5.75],"rotation":0,"texture":"#0","tintindex":0},"north":{"uv":[4.625,5.375,3.75,5.75],"rotation":0,"texture":"#0","tintindex":0},"west":{"uv":[7.75,2.0,7.25,2.375],"rotation":0,"texture":"#0","tintindex":0},"up":{"uv":[4.625,2.25,5.5,1.75],"rotation":0,"texture":"#0","tintindex":0},"down":{"uv":[4.125,4.75,5.0,5.25],"rotation":0,"texture":"#0","tintindex":0}}},{"from":[9.439232,6.233459,7.569033],"to":[10.582089,6.804888,8.140462],"rotation":{"angle":22.5,"axis":"z","origin":[10.153519,7.66203,7.854748]},"faces":{"east":{"uv":[0.5,5.625,0.375,5.75],"rotation":0,"texture":"#0","tintindex":0},"south":{"uv":[8.5,3.0,8.25,3.125],"rotation":0,"texture":"#0","tintindex":0},"north":{"uv":[7.125,6.25,6.875,6.375],"rotation":0,"texture":"#0","tintindex":0},"west":{"uv":[0.75,5.125,0.625,5.25],"rotation":0,"texture":"#0","tintindex":0},"up":{"uv":[1.875,8.5,2.125,8.375],"rotation":0,"texture":"#0","tintindex":0},"down":{"uv":[8.875,3.375,9.125,3.5],"rotation":0,"texture":"#0","tintindex":0}}},{"from":[9.439232,7.376316,7.569033],"to":[10.582089,7.947745,8.140462],"rotation":{"angle":22.5,"axis":"z","origin":[10.153519,7.66203,7.854748]},"faces":{"east":{"uv":[4.75,2.375,4.625,2.5],"rotation":0,"texture":"#0","tintindex":0},"south":{"uv":[6.25,0.375,6.0,0.5],"rotation":0,"texture":"#0","tintindex":0},"north":{"uv":[0.25,5.625,0.0,5.75],"rotation":0,"texture":"#0","tintindex":0},"west":{"uv":[2.5,3.0,2.375,3.125],"rotation":0,"texture":"#0","tintindex":0},"up":{"uv":[0.625,6.5,0.875,6.375],"rotation":0,"texture":"#0","tintindex":0},"down":{"uv":[6.75,3.25,7.0,3.375],"rotation":0,"texture":"#0","tintindex":0}}}],"textures":{"0":"modelengine:entity/skeletal_minion"},"display":{"head":{"translation":[0.0,-6.4,0.0],"scale":[4.0,4.0,4.0]}}}