{"elements":[{"from":[7.144978,5.3701925,8.045228],"to":[8.859263,8.798764,9.759514],"rotation":{"angle":-45.0,"axis":"x","origin":[8.002121,7.0844784,8.902371]},"faces":{"east":{"uv":[5.125,5.875,4.75,6.625],"rotation":0,"texture":"#0","tintindex":0},"south":{"uv":[4.625,5.875,4.25,6.625],"rotation":0,"texture":"#0","tintindex":0},"north":{"uv":[2.625,5.875,2.25,6.625],"rotation":0,"texture":"#0","tintindex":0},"west":{"uv":[4.125,5.875,3.75,6.625],"rotation":0,"texture":"#0","tintindex":0},"up":{"uv":[8.75,5.125,9.125,4.75],"rotation":0,"texture":"#0","tintindex":0},"down":{"uv":[8.75,5.25,9.125,5.625],"rotation":0,"texture":"#0","tintindex":0}}}],"textures":{"0":"modelengine:entity/skeletal_minion"},"display":{"head":{"translation":[0.0,-6.4,0.0],"scale":[4.0,4.0,4.0]}}}