{"elements":[{"from":[7.4309573,4.755567,7.1349764],"to":[8.573814,8.184138,8.849262],"rotation":{"angle":0.0,"axis":"y","origin":[8.002386,6.041281,8.020691]},"faces":{"east":{"uv":[6.125,5.875,5.75,6.625],"rotation":0,"texture":"#0","tintindex":0},"south":{"uv":[6.125,7.375,5.875,8.125],"rotation":0,"texture":"#0","tintindex":0},"north":{"uv":[5.75,7.125,5.5,7.875],"rotation":0,"texture":"#0","tintindex":0},"west":{"uv":[5.625,5.875,5.25,6.625],"rotation":0,"texture":"#0","tintindex":0},"up":{"uv":[1.75,5.75,2.0,5.375],"rotation":0,"texture":"#0","tintindex":0},"down":{"uv":[9.375,0.0,9.625,0.375],"rotation":0,"texture":"#0","tintindex":0}}}],"textures":{"0":"modelengine:entity/skeletal_minion"},"display":{"head":{"translation":[0.0,-6.4,0.0],"scale":[4.0,4.0,4.0]}}}