{"elements":[{"from":[8.0,7.5382323,7.8690734],"to":[8.0,8.681089,12.440502],"rotation":{"angle":45.0,"axis":"x","origin":[8.571428,7.5382323,9.440502]},"faces":{"east":{"uv":[7.5,4.125,6.5,4.375],"rotation":0,"texture":"#0","tintindex":0},"south":{"uv":[10.5,6.75,10.5,7.0],"rotation":0,"texture":"#0","tintindex":0},"north":{"uv":[10.5,5.625,10.5,5.875],"rotation":0,"texture":"#0","tintindex":0},"west":{"uv":[6.5,4.125,7.5,4.375],"rotation":0,"texture":"#0","tintindex":0},"up":{"uv":[10.5,9.375,10.5,8.375],"rotation":0,"texture":"#0","tintindex":0},"down":{"uv":[10.5,9.5,10.5,10.5],"rotation":0,"texture":"#0","tintindex":0}}},{"from":[7.4428573,6.3953753,7.8690734],"to":[8.557143,7.5382323,12.440502],"rotation":{"angle":45.0,"axis":"x","origin":[7.9857144,7.5382323,9.440502]},"faces":{"east":{"uv":[6.625,1.625,7.625,1.875],"rotation":0,"texture":"#0","tintindex":0},"south":{"uv":[10.375,2.625,10.625,2.875],"rotation":0,"texture":"#0","tintindex":0},"north":{"uv":[9.375,10.25,9.625,10.5],"rotation":0,"texture":"#0","tintindex":0},"west":{"uv":[6.75,2.875,7.75,3.125],"rotation":0,"texture":"#0","tintindex":0},"up":{"uv":[3.5,7.125,3.25,6.125],"rotation":0,"texture":"#0","tintindex":0},"down":{"uv":[2.0,6.625,1.75,7.625],"rotation":0,"texture":"#0","tintindex":0}}}],"textures":{"0":"modelengine:entity/skeletal_minion"},"display":{"head":{"translation":[0.0,-6.4,0.0],"scale":[4.0,4.0,4.0]}}}