{"elements":[{"from":[7.714286,6.5398426,7.4817104],"to":[8.285714,7.6827,12.053139],"rotation":{"angle":22.5,"axis":"x","origin":[8.0,6.2541285,9.767425]},"faces":{"east":{"uv":[6.25,6.5,7.25,6.75],"rotation":0,"texture":"#0","tintindex":0},"south":{"uv":[7.875,8.75,8.0,9.0],"rotation":0,"texture":"#0","tintindex":0},"north":{"uv":[3.75,8.5,3.875,8.75],"rotation":0,"texture":"#0","tintindex":0},"west":{"uv":[0.625,6.625,1.625,6.875],"rotation":0,"texture":"#0","tintindex":0},"up":{"uv":[2.75,10.25,2.625,9.25],"rotation":0,"texture":"#0","tintindex":0},"down":{"uv":[3.75,9.25,3.625,10.25],"rotation":0,"texture":"#0","tintindex":0}}},{"from":[8.0,7.6827,7.4817104],"to":[8.0,8.825557,12.053139],"rotation":{"angle":22.5,"axis":"x","origin":[8.285714,6.2541285,9.767425]},"faces":{"east":{"uv":[5.75,6.75,4.75,7.0],"rotation":0,"texture":"#0","tintindex":0},"south":{"uv":[10.625,0.0,10.625,0.25],"rotation":0,"texture":"#0","tintindex":0},"north":{"uv":[10.5,7.125,10.5,7.375],"rotation":0,"texture":"#0","tintindex":0},"west":{"uv":[4.75,6.75,5.75,7.0],"rotation":0,"texture":"#0","tintindex":0},"up":{"uv":[2.25,11.625,2.25,10.625],"rotation":0,"texture":"#0","tintindex":0},"down":{"uv":[2.375,10.625,2.375,11.625],"rotation":0,"texture":"#0","tintindex":0}}},{"from":[6.5714283,7.1112714,9.195996],"to":[9.428572,7.1112714,14.338854],"rotation":{"angle":22.5,"axis":"x","origin":[8.0,6.2541285,9.767425]},"faces":{"east":{"uv":[10.625,0.375,11.75,0.375],"rotation":0,"texture":"#0","tintindex":0},"south":{"uv":[10.625,0.5,11.25,0.5],"rotation":0,"texture":"#0","tintindex":0},"north":{"uv":[10.5,6.0,11.125,6.0],"rotation":0,"texture":"#0","tintindex":0},"west":{"uv":[10.625,0.625,11.75,0.625],"rotation":0,"texture":"#0","tintindex":0},"up":{"uv":[1.75,2.875,1.125,1.75],"rotation":0,"texture":"#0","tintindex":0},"down":{"uv":[1.75,1.75,1.125,2.875],"rotation":0,"texture":"#0","tintindex":0}}}],"textures":{"0":"modelengine:entity/skeletal_minion"},"display":{"head":{"translation":[0.0,-6.4,0.0],"scale":[4.0,4.0,4.0]}}}