{"elements":[{"from":[8.0,1.1428566,2.8571424],"to":[10.285714,2.8571424,8.571428],"rotation":{"angle":0.0,"axis":"y","origin":[9.142858,1.9999995,5.714286]},"faces":{"east":{"uv":[13.5,12.75,16.0,13.25],"rotation":0,"texture":"#2","tintindex":0},"south":{"uv":[14.25,12.75,15.25,13.25],"rotation":0,"texture":"#2","tintindex":0},"north":{"uv":[14.5,13.5,15.5,14.0],"rotation":0,"texture":"#2","tintindex":0},"west":{"uv":[13.25,11.75,15.75,12.25],"rotation":0,"texture":"#2","tintindex":0},"up":{"uv":[14.0,12.75,15.0,15.25],"rotation":0,"texture":"#2","tintindex":0},"down":{"uv":[13.75,11.0,14.75,13.5],"rotation":0,"texture":"#2","tintindex":0}}}],"textures":{"2":"modelengine:entity/guardgreen"},"display":{"head":{"translation":[0.0,-6.4,0.0],"scale":[4.0,4.0,4.0]}}}