{"elements":[{"from":[5.714286,5.6961207,6.3926578],"to":[10.285714,9.696121,8.678372],"rotation":{"angle":22.5,"axis":"x","origin":[8.0,7.6961207,7.535515]},"faces":{"east":{"uv":[0.0,12.75,1.0,14.5],"rotation":0,"texture":"#2","tintindex":0},"south":{"uv":[3.0,14.25,5.0,16.0],"rotation":0,"texture":"#2","tintindex":0},"north":{"uv":[1.0,14.25,3.0,16.0],"rotation":0,"texture":"#2","tintindex":0},"west":{"uv":[2.0,11.5,3.0,13.25],"rotation":0,"texture":"#2","tintindex":0},"up":{"uv":[8.75,4.75,6.75,3.75],"rotation":0,"texture":"#2","tintindex":0},"down":{"uv":[6.25,6.75,4.25,7.75],"rotation":0,"texture":"#2","tintindex":0}}},{"from":[10.285714,6.0736113,5.668988],"to":[11.428572,7.7878966,13.09756],"rotation":{"angle":22.5,"axis":"x","origin":[10.857143,6.9307537,9.383274]},"faces":{"east":{"uv":[4.0,6.0,7.25,6.75],"rotation":0,"texture":"#2","tintindex":0},"south":{"uv":[3.5,11.0,4.0,11.75],"rotation":0,"texture":"#2","tintindex":0},"north":{"uv":[2.5,9.0,3.0,9.75],"rotation":0,"texture":"#2","tintindex":0},"west":{"uv":[6.25,2.0,9.5,2.75],"rotation":0,"texture":"#2","tintindex":0},"up":{"uv":[3.5,11.0,3.0,7.75],"rotation":0,"texture":"#2","tintindex":0},"down":{"uv":[4.0,7.75,3.5,11.0],"rotation":0,"texture":"#2","tintindex":0}}},{"from":[5.142857,9.106527,7.0710297],"to":[10.857143,11.963671,9.356744],"rotation":{"angle":0.0,"axis":"y","origin":[8.0,10.535099,8.213887]},"faces":{"east":{"uv":[9.5,9.5,10.5,10.75],"rotation":0,"texture":"#2","tintindex":0},"south":{"uv":[4.25,4.75,6.75,6.0],"rotation":0,"texture":"#2","tintindex":0},"north":{"uv":[4.25,3.5,6.75,4.75],"rotation":0,"texture":"#2","tintindex":0},"west":{"uv":[9.75,3.75,10.75,5.0],"rotation":0,"texture":"#2","tintindex":0},"up":{"uv":[8.5,1.0,6.0,0.0],"rotation":0,"texture":"#2","tintindex":0},"down":{"uv":[8.5,1.0,6.0,2.0],"rotation":0,"texture":"#2","tintindex":0}}},{"from":[6.285714,4.0869946,5.2769327],"to":[9.714286,6.3727093,5.2769327],"rotation":{"angle":22.5,"axis":"x","origin":[8.0,5.2298517,5.2769327]},"faces":{"east":{"uv":[0.0,0.0,0.0,1.25],"rotation":0,"texture":"#2","tintindex":0},"south":{"uv":[6.75,4.75,8.25,5.75],"rotation":0,"texture":"#2","tintindex":0},"north":{"uv":[6.75,4.75,8.25,5.75],"rotation":0,"texture":"#2","tintindex":0},"west":{"uv":[0.0,0.0,0.0,1.25],"rotation":0,"texture":"#2","tintindex":0},"up":{"uv":[1.5,0.0,0.0,0.0],"rotation":0,"texture":"#2","tintindex":0},"down":{"uv":[1.5,0.0,0.0,0.0],"rotation":0,"texture":"#2","tintindex":0}}}],"textures":{"2":"modelengine:entity/guardgreen"},"display":{"head":{"translation":[0.0,-6.4,0.0],"scale":[4.0,4.0,4.0]}}}