{"elements":[{"from":[7.142857,6.857143,8.0],"to":[8.857143,8.0,9.714286],"rotation":{"angle":0.0,"axis":"y","origin":[8.0,5.5238094,8.380953]},"faces":{"east":{"uv":[11.25,2.5,12.0,3.0],"rotation":0,"texture":"#2","tintindex":0},"south":{"uv":[11.25,3.0,12.0,3.5],"rotation":0,"texture":"#2","tintindex":0},"north":{"uv":[11.0,11.0,11.75,11.5],"rotation":0,"texture":"#2","tintindex":0},"west":{"uv":[11.25,5.0,12.0,5.5],"rotation":0,"texture":"#2","tintindex":0},"up":{"uv":[4.75,11.5,4.0,10.75],"rotation":0,"texture":"#2","tintindex":0},"down":{"uv":[11.5,4.25,10.75,5.0],"rotation":0,"texture":"#2","tintindex":0}}},{"from":[6.857143,3.4285712,7.714286],"to":[9.142858,6.857143,10.0],"rotation":{"angle":0.0,"axis":"y","origin":[8.0,5.5238094,8.380953]},"faces":{"east":{"uv":[7.5,8.5,8.5,10.0],"rotation":0,"texture":"#2","tintindex":0},"south":{"uv":[8.5,8.5,9.5,10.0],"rotation":0,"texture":"#2","tintindex":0},"north":{"uv":[8.5,0.0,9.5,1.5],"rotation":0,"texture":"#2","tintindex":0},"west":{"uv":[8.75,3.75,9.75,5.25],"rotation":0,"texture":"#2","tintindex":0},"up":{"uv":[1.0,11.0,0.0,10.0],"rotation":0,"texture":"#2","tintindex":0},"down":{"uv":[2.0,10.0,1.0,11.0],"rotation":0,"texture":"#2","tintindex":0}}},{"from":[6.857143,3.4285712,7.142857],"to":[9.142858,4.5714283,7.714286],"rotation":{"angle":0.0,"axis":"y","origin":[8.0,5.5238094,8.380953]},"faces":{"east":{"uv":[4.0,3.5,4.25,4.0],"rotation":0,"texture":"#2","tintindex":0},"south":{"uv":[9.5,10.75,10.5,11.25],"rotation":0,"texture":"#2","tintindex":0},"north":{"uv":[7.5,10.75,8.5,11.25],"rotation":0,"texture":"#2","tintindex":0},"west":{"uv":[4.0,5.5,4.25,6.0],"rotation":0,"texture":"#2","tintindex":0},"up":{"uv":[6.25,8.0,5.25,7.75],"rotation":0,"texture":"#2","tintindex":0},"down":{"uv":[10.5,2.5,9.5,2.75],"rotation":0,"texture":"#2","tintindex":0}}}],"textures":{"2":"modelengine:entity/guardgreen"},"display":{"head":{"translation":[0.0,-6.4,0.0],"scale":[4.0,4.0,4.0]}}}