{"elements":[{"from":[7.428571,7.428571,7.285714],"to":[8.571428,8.571428,12.428572],"rotation":{"angle":0.0,"axis":"y","origin":[8.0,8.0,8.0]},"faces":{"east":{"uv":[8.75,14.75,6.25,15.25],"rotation":0,"texture":"#2","tintindex":0},"south":{"uv":[6.25,15.5,5.75,16.0],"rotation":0,"texture":"#2","tintindex":0},"north":{"uv":[5.75,15.5,5.25,16.0],"rotation":0,"texture":"#2","tintindex":0},"west":{"uv":[8.75,15.5,6.25,16.0],"rotation":0,"texture":"#2","tintindex":0},"up":{"uv":[8.75,16.0,9.25,13.5],"rotation":0,"texture":"#2","tintindex":0},"down":{"uv":[9.25,13.5,9.75,16.0],"rotation":0,"texture":"#2","tintindex":0}}},{"from":[7.142857,7.142857,5.0],"to":[8.857143,8.857143,7.285714],"rotation":{"angle":0.0,"axis":"y","origin":[8.0,8.0,8.0]},"faces":{"east":{"uv":[7.25,14.0,6.25,14.75],"rotation":0,"texture":"#2","tintindex":0},"south":{"uv":[6.25,14.0,5.5,14.75],"rotation":0,"texture":"#2","tintindex":0},"north":{"uv":[6.25,13.25,5.5,14.0],"rotation":0,"texture":"#2","tintindex":0},"west":{"uv":[8.25,14.0,7.25,14.75],"rotation":0,"texture":"#2","tintindex":0},"up":{"uv":[8.0,13.5,8.75,12.5],"rotation":0,"texture":"#2","tintindex":0},"down":{"uv":[7.25,12.5,8.0,13.5],"rotation":0,"texture":"#2","tintindex":0}}}],"textures":{"2":"modelengine:entity/guardgreen"},"display":{"head":{"translation":[0.0,-6.4,0.0],"scale":[4.0,4.0,4.0]}}}