{"elements":[{"from":[7.142857,7.428571,6.5714283],"to":[10.0,9.142858,9.428572],"rotation":{"angle":0.0,"axis":"y","origin":[8.714286,7.428571,8.0]},"faces":{"east":{"uv":[11.75,0.0,10.5,0.75],"rotation":0,"texture":"#6","tintindex":0},"south":{"uv":[8.75,10.0,7.5,10.75],"rotation":0,"texture":"#6","tintindex":0},"north":{"uv":[11.25,6.5,10.0,7.25],"rotation":0,"texture":"#6","tintindex":0},"west":{"uv":[11.25,7.25,10.0,8.0],"rotation":0,"texture":"#6","tintindex":0},"up":{"uv":[4.0,9.0,5.25,7.75],"rotation":0,"texture":"#6","tintindex":0},"down":{"uv":[7.75,6.0,9.0,7.25],"rotation":0,"texture":"#6","tintindex":0}}},{"from":[8.0,5.714286,6.857143],"to":[9.714286,7.428571,9.142858],"rotation":{"angle":0.0,"axis":"y","origin":[8.714286,7.428571,8.0]},"faces":{"east":{"uv":[11.5,1.75,10.5,2.5],"rotation":0,"texture":"#6","tintindex":0},"south":{"uv":[11.5,3.5,10.75,4.25],"rotation":0,"texture":"#6","tintindex":0},"north":{"uv":[2.75,10.75,2.0,11.5],"rotation":0,"texture":"#6","tintindex":0},"west":{"uv":[3.0,10.0,2.0,10.75],"rotation":0,"texture":"#6","tintindex":0},"up":{"uv":[8.75,11.0,9.5,10.0],"rotation":0,"texture":"#6","tintindex":0},"down":{"uv":[10.5,2.5,11.25,3.5],"rotation":0,"texture":"#6","tintindex":0}}}],"textures":{"6":"modelengine:entity/guardred"},"display":{"head":{"translation":[0.0,-6.4,0.0],"scale":[4.0,4.0,4.0]}}}