{"elements":[{"from":[4.0,-2.514286,5.9441824],"to":[12.0,7.7714286,5.9441824],"rotation":{"angle":22.5,"axis":"x","origin":[8.857143,3.6,7.6013255]},"faces":{"east":{"uv":[0.0,0.0,0.0,1.125],"rotation":0,"texture":"#0","tintindex":0},"south":{"uv":[0.0,2.5,0.875,3.625],"rotation":0,"texture":"#0","tintindex":0},"north":{"uv":[1.75,2.25,2.625,3.375],"rotation":0,"texture":"#0","tintindex":0},"west":{"uv":[0.0,0.0,0.0,1.125],"rotation":0,"texture":"#0","tintindex":0},"up":{"uv":[0.875,0.0,0.0,0.0],"rotation":0,"texture":"#0","tintindex":0},"down":{"uv":[0.875,0.0,0.0,0.0],"rotation":0,"texture":"#0","tintindex":0}}},{"from":[4.0,-9.714287,2.2857141],"to":[12.0,-4.000001,2.2857141],"rotation":{"angle":45.0,"axis":"x","origin":[8.857143,-4.4000006,6.1714287]},"faces":{"east":{"uv":[0.0,0.0,0.0,0.625],"rotation":0,"texture":"#0","tintindex":0},"south":{"uv":[3.375,4.375,4.25,5.0],"rotation":0,"texture":"#0","tintindex":0},"north":{"uv":[4.375,3.0,5.25,3.625],"rotation":0,"texture":"#0","tintindex":0},"west":{"uv":[0.0,0.0,0.0,0.625],"rotation":0,"texture":"#0","tintindex":0},"up":{"uv":[0.875,0.0,0.0,0.0],"rotation":0,"texture":"#0","tintindex":0},"down":{"uv":[0.875,0.0,0.0,0.0],"rotation":0,"texture":"#0","tintindex":0}}}],"textures":{"0":"modelengine:entity/nocsy_skeleton_necromancer_skin"},"display":{"head":{"translation":[0.0,-6.4,0.0],"scale":[4.0,4.0,4.0]}}}