{"elements":[{"from":[7.143122,-1.5936556,7.910583],"to":[8.857409,8.120631,7.910583],"rotation":{"angle":0.0,"axis":"y","origin":[7.6574078,4.1206307,8.25344]},"faces":{"east":{"uv":[0.0,0.0,0.0,1.0625],"rotation":0,"texture":"#0","tintindex":0},"south":{"uv":[6.5,0.0,6.6875,1.0625],"rotation":0,"texture":"#0","tintindex":0},"north":{"uv":[1.3125,6.3125,1.5,7.375],"rotation":0,"texture":"#0","tintindex":0},"west":{"uv":[0.0,0.0,0.0,1.0625],"rotation":0,"texture":"#0","tintindex":0},"up":{"uv":[0.1875,0.0,0.0,0.0],"rotation":0,"texture":"#0","tintindex":0},"down":{"uv":[0.1875,0.0,0.0,0.0],"rotation":0,"texture":"#0","tintindex":0}}},{"from":[7.983465,-1.5936556,7.093783],"to":[7.983465,8.120631,8.808068],"rotation":{"angle":0.0,"axis":"y","origin":[12.783465,4.1206307,5.379497]},"faces":{"east":{"uv":[2.4375,6.5,2.625,7.5625],"rotation":0,"texture":"#0","tintindex":0},"south":{"uv":[0.0,0.0,0.0,1.0625],"rotation":0,"texture":"#0","tintindex":0},"north":{"uv":[0.0,0.0,0.0,1.0625],"rotation":0,"texture":"#0","tintindex":0},"west":{"uv":[2.625,6.5,2.8125,7.5625],"rotation":0,"texture":"#0","tintindex":0},"up":{"uv":[0.0,0.1875,0.0,0.0],"rotation":0,"texture":"#0","tintindex":0},"down":{"uv":[0.0,0.0,0.0,0.1875],"rotation":0,"texture":"#0","tintindex":0}}},{"from":[7.530624,8.43419,6.8652115],"to":[9.816339,8.43419,8.579497],"rotation":{"angle":-45.0,"axis":"x","origin":[8.673481,8.091332,7.950926]},"faces":{"east":{"uv":[0.0,0.0,0.1875,0.0],"rotation":0,"texture":"#0","tintindex":0},"south":{"uv":[0.0,0.0,0.25,0.0],"rotation":0,"texture":"#0","tintindex":0},"north":{"uv":[0.0,0.0,0.25,0.0],"rotation":0,"texture":"#0","tintindex":0},"west":{"uv":[0.0,0.0,0.1875,0.0],"rotation":0,"texture":"#0","tintindex":0},"up":{"uv":[7.0625,8.75,6.8125,8.5625],"rotation":0,"texture":"#0","tintindex":0},"down":{"uv":[0.25,8.625,0.0,8.8125],"rotation":0,"texture":"#0","tintindex":0}}},{"from":[8.730624,8.891333,6.8652115],"to":[11.016338,8.891333,8.579497],"rotation":{"angle":-45.0,"axis":"z","origin":[8.673481,8.091332,7.950926]},"faces":{"east":{"uv":[0.0,0.0,0.1875,0.0],"rotation":0,"texture":"#0","tintindex":0},"south":{"uv":[0.0,0.0,0.25,0.0],"rotation":0,"texture":"#0","tintindex":0},"north":{"uv":[0.0,0.0,0.25,0.0],"rotation":0,"texture":"#0","tintindex":0},"west":{"uv":[0.0,0.0,0.1875,0.0],"rotation":0,"texture":"#0","tintindex":0},"up":{"uv":[3.0,8.8125,2.75,8.625],"rotation":0,"texture":"#0","tintindex":0},"down":{"uv":[8.875,3.0625,8.625,3.25],"rotation":0,"texture":"#0","tintindex":0}}},{"from":[10.887695,4.151347,6.8652115],"to":[10.887695,7.0084896,8.579497],"rotation":{"angle":0.0,"axis":"y","origin":[10.087695,7.80849,7.7223544]},"faces":{"east":{"uv":[3.5,8.375,3.6875,8.6875],"rotation":0,"texture":"#0","tintindex":0},"south":{"uv":[0.0,0.0,0.0,0.3125],"rotation":0,"texture":"#0","tintindex":0},"north":{"uv":[0.0,0.0,0.0,0.3125],"rotation":0,"texture":"#0","tintindex":0},"west":{"uv":[3.6875,8.375,3.875,8.6875],"rotation":0,"texture":"#0","tintindex":0},"up":{"uv":[0.0,0.1875,0.0,0.0],"rotation":0,"texture":"#0","tintindex":0},"down":{"uv":[0.0,0.0,0.0,0.1875],"rotation":0,"texture":"#0","tintindex":0}}},{"from":[10.316266,2.4370608,7.2080684],"to":[11.459124,4.151347,8.350925],"rotation":{"angle":0.0,"axis":"y","origin":[10.087695,7.80849,7.7223544]},"faces":{"east":{"uv":[9.0625,9.25,9.1875,9.4375],"rotation":0,"texture":"#0","tintindex":0},"south":{"uv":[9.1875,9.25,9.3125,9.4375],"rotation":0,"texture":"#0","tintindex":0},"north":{"uv":[9.25,9.0,9.375,9.1875],"rotation":0,"texture":"#0","tintindex":0},"west":{"uv":[0.0,9.3125,0.125,9.5],"rotation":0,"texture":"#0","tintindex":0},"up":{"uv":[9.5625,6.0625,9.4375,5.9375],"rotation":0,"texture":"#0","tintindex":0},"down":{"uv":[9.5625,6.1875,9.4375,6.3125],"rotation":0,"texture":"#0","tintindex":0}}}],"textures":{"0":"modelengine:entity/nocsy_skeleton_necromancer_skin"},"display":{"head":{"translation":[0.0,-6.4,0.0],"scale":[4.0,4.0,4.0]}}}