{"elements":[{"from":[4.87018,8.8534355,4.362211],"to":[10.368677,13.284809,9.860708],"rotation":{"angle":0.0,"axis":"y","origin":[9.643118,3.9413805,6.3686023]},"faces":{"east":{"uv":[5.8125,3.4375,6.4375,3.9375],"rotation":0,"texture":"#0","tintindex":0},"south":{"uv":[5.875,0.0,6.5,0.5],"rotation":0,"texture":"#0","tintindex":0},"north":{"uv":[5.75,4.1875,6.375,4.6875],"rotation":0,"texture":"#0","tintindex":0},"west":{"uv":[5.875,0.5,6.5,1.0],"rotation":0,"texture":"#0","tintindex":0},"up":{"uv":[1.625,5.75,1.0,5.125],"rotation":0,"texture":"#0","tintindex":0},"down":{"uv":[5.75,1.375,5.125,2.0],"rotation":0,"texture":"#0","tintindex":0}}},{"from":[8.526752,12.481436,3.9330683],"to":[9.669609,15.338579,5.075926],"rotation":{"angle":0.0,"axis":"y","origin":[10.214546,3.9413805,6.3686023]},"faces":{"east":{"uv":[6.8125,7.125,6.9375,7.4375],"rotation":0,"texture":"#0","tintindex":0},"south":{"uv":[3.6875,8.6875,3.8125,9.0],"rotation":0,"texture":"#0","tintindex":0},"north":{"uv":[3.375,4.0625,3.5,4.375],"rotation":0,"texture":"#0","tintindex":0},"west":{"uv":[3.8125,8.6875,3.9375,9.0],"rotation":0,"texture":"#0","tintindex":0},"up":{"uv":[7.0625,1.75,6.9375,1.625],"rotation":0,"texture":"#0","tintindex":0},"down":{"uv":[8.4375,4.875,8.3125,5.0],"rotation":0,"texture":"#0","tintindex":0}}},{"from":[7.8981805,11.224293,4.104497],"to":[8.69818,13.738579,4.904497],"rotation":{"angle":-22.5,"axis":"z","origin":[7.726752,12.195722,4.504497]},"faces":{"east":{"uv":[6.4375,8.6875,6.5625,9.0],"rotation":0,"texture":"#0","tintindex":0},"south":{"uv":[6.5625,8.6875,6.6875,9.0],"rotation":0,"texture":"#0","tintindex":0},"north":{"uv":[6.3125,8.6875,6.4375,9.0],"rotation":0,"texture":"#0","tintindex":0},"west":{"uv":[6.6875,8.6875,6.8125,9.0],"rotation":0,"texture":"#0","tintindex":0},"up":{"uv":[2.5625,9.5,2.4375,9.375],"rotation":0,"texture":"#0","tintindex":0},"down":{"uv":[3.625,9.375,3.5,9.5],"rotation":0,"texture":"#0","tintindex":0}}},{"from":[8.583895,15.224294,3.9902115],"to":[9.383895,17.738579,4.7902117],"rotation":{"angle":0.0,"axis":"y","origin":[10.214546,3.9413805,6.3686023]},"faces":{"east":{"uv":[7.875,8.6875,8.0,9.0],"rotation":0,"texture":"#0","tintindex":0},"south":{"uv":[8.0,8.6875,8.125,9.0],"rotation":0,"texture":"#0","tintindex":0},"north":{"uv":[7.75,8.6875,7.875,9.0],"rotation":0,"texture":"#0","tintindex":0},"west":{"uv":[8.125,8.6875,8.25,9.0],"rotation":0,"texture":"#0","tintindex":0},"up":{"uv":[4.0,9.5,3.875,9.375],"rotation":0,"texture":"#0","tintindex":0},"down":{"uv":[4.125,9.375,4.0,9.5],"rotation":0,"texture":"#0","tintindex":0}}},{"from":[9.669609,12.195722,3.9330683],"to":[11.383895,13.338579,5.075926],"rotation":{"angle":0.0,"axis":"y","origin":[10.214546,3.9413805,6.3686023]},"faces":{"east":{"uv":[4.875,9.375,5.0,9.5],"rotation":0,"texture":"#0","tintindex":0},"south":{"uv":[9.125,8.1875,9.3125,8.3125],"rotation":0,"texture":"#0","tintindex":0},"north":{"uv":[9.125,6.0625,9.3125,6.1875],"rotation":0,"texture":"#0","tintindex":0},"west":{"uv":[9.375,5.8125,9.5,5.9375],"rotation":0,"texture":"#0","tintindex":0},"up":{"uv":[9.375,1.3125,9.1875,1.1875],"rotation":0,"texture":"#0","tintindex":0},"down":{"uv":[9.375,1.5,9.1875,1.625],"rotation":0,"texture":"#0","tintindex":0}}},{"from":[10.812467,9.338579,5.075926],"to":[11.383895,13.338579,10.390212],"rotation":{"angle":0.0,"axis":"y","origin":[10.214546,3.9413805,6.3686023]},"faces":{"east":{"uv":[2.4375,6.0625,3.0,6.5],"rotation":0,"texture":"#0","tintindex":0},"south":{"uv":[2.1875,7.4375,2.25,7.875],"rotation":0,"texture":"#0","tintindex":0},"north":{"uv":[3.125,7.25,3.1875,7.6875],"rotation":0,"texture":"#0","tintindex":0},"west":{"uv":[6.125,2.3125,6.6875,2.75],"rotation":0,"texture":"#0","tintindex":0},"up":{"uv":[3.3125,9.5,3.25,8.9375],"rotation":0,"texture":"#0","tintindex":0},"down":{"uv":[4.5625,8.9375,4.5,9.5],"rotation":0,"texture":"#0","tintindex":0}}},{"from":[10.812467,13.338579,4.504497],"to":[11.383895,13.910007,9.818783],"rotation":{"angle":0.0,"axis":"y","origin":[10.214546,3.9413805,6.3686023]},"faces":{"east":{"uv":[6.375,5.375,6.9375,5.4375],"rotation":0,"texture":"#0","tintindex":0},"south":{"uv":[7.0625,6.5625,7.125,6.625],"rotation":0,"texture":"#0","tintindex":0},"north":{"uv":[4.9375,7.0625,5.0,7.125],"rotation":0,"texture":"#0","tintindex":0},"west":{"uv":[8.875,3.1875,9.4375,3.25],"rotation":0,"texture":"#0","tintindex":0},"up":{"uv":[6.3125,9.5,6.25,8.9375],"rotation":0,"texture":"#0","tintindex":0},"down":{"uv":[1.4375,9.0,1.375,9.5625],"rotation":0,"texture":"#0","tintindex":0}}},{"from":[4.190857,13.338579,4.504497],"to":[11.048,14.481436,10.218783],"rotation":{"angle":0.0,"axis":"y","origin":[9.878652,3.9413805,6.3686023]},"faces":{"east":{"uv":[4.375,4.25,5.0,4.375],"rotation":0,"texture":"#0","tintindex":0},"south":{"uv":[7.5,7.3125,8.25,7.4375],"rotation":0,"texture":"#0","tintindex":0},"north":{"uv":[6.5,1.125,7.25,1.25],"rotation":0,"texture":"#0","tintindex":0},"west":{"uv":[7.75,3.0625,8.375,3.1875],"rotation":0,"texture":"#0","tintindex":0},"up":{"uv":[1.625,4.1875,0.875,3.5625],"rotation":0,"texture":"#0","tintindex":0},"down":{"uv":[2.5,4.25,1.75,4.875],"rotation":0,"texture":"#0","tintindex":0}}},{"from":[4.3622856,14.081436,4.6759257],"to":[10.876572,14.881436,10.047355],"rotation":{"angle":0.0,"axis":"y","origin":[9.878652,3.9413805,6.3686023]},"faces":{"east":{"uv":[7.9375,0.1875,8.5625,0.3125],"rotation":0,"texture":"#0","tintindex":0},"south":{"uv":[7.5625,6.875,8.3125,7.0],"rotation":0,"texture":"#0","tintindex":0},"north":{"uv":[7.5625,6.0625,8.3125,6.1875],"rotation":0,"texture":"#0","tintindex":0},"west":{"uv":[7.9375,0.3125,8.5625,0.4375],"rotation":0,"texture":"#0","tintindex":0},"up":{"uv":[5.125,4.25,4.375,3.625],"rotation":0,"texture":"#0","tintindex":0},"down":{"uv":[5.0,4.375,4.25,5.0],"rotation":0,"texture":"#0","tintindex":0}}},{"from":[12.012466,7.624293,9.075926],"to":[12.583895,13.338579,10.218783],"rotation":{"angle":-22.5,"axis":"y","origin":[10.214546,3.9413805,6.3686023]},"faces":{"east":{"uv":[1.625,2.5,1.75,3.125],"rotation":0,"texture":"#0","tintindex":0},"south":{"uv":[0.6875,7.0625,0.75,7.6875],"rotation":0,"texture":"#0","tintindex":0},"north":{"uv":[2.375,6.625,2.4375,7.25],"rotation":0,"texture":"#0","tintindex":0},"west":{"uv":[2.5,3.375,2.625,4.0],"rotation":0,"texture":"#0","tintindex":0},"up":{"uv":[2.5,6.0625,2.4375,5.9375],"rotation":0,"texture":"#0","tintindex":0},"down":{"uv":[6.6875,2.1875,6.625,2.3125],"rotation":0,"texture":"#0","tintindex":0}}},{"from":[4.190857,7.624293,9.704497],"to":[11.048,13.338579,10.847355],"rotation":{"angle":0.0,"axis":"y","origin":[9.707223,3.9413805,6.3686023]},"faces":{"east":{"uv":[4.25,7.5625,4.375,8.1875],"rotation":0,"texture":"#0","tintindex":0},"south":{"uv":[1.75,4.875,2.5,5.5],"rotation":0,"texture":"#0","tintindex":0},"north":{"uv":[0.0,4.5,0.75,5.125],"rotation":0,"texture":"#0","tintindex":0},"west":{"uv":[3.0625,7.6875,3.1875,8.3125],"rotation":0,"texture":"#0","tintindex":0},"up":{"uv":[8.4375,4.6875,7.6875,4.5625],"rotation":0,"texture":"#0","tintindex":0},"down":{"uv":[8.5,2.9375,7.75,3.0625],"rotation":0,"texture":"#0","tintindex":0}}},{"from":[4.7622857,13.338579,9.704497],"to":[10.476572,13.910007,10.847355],"rotation":{"angle":0.0,"axis":"y","origin":[6.1030626,3.9413805,6.3686023]},"faces":{"east":{"uv":[2.5,4.0,2.625,4.0625],"rotation":0,"texture":"#0","tintindex":0},"south":{"uv":[8.5625,6.3125,9.1875,6.375],"rotation":0,"texture":"#0","tintindex":0},"north":{"uv":[5.125,4.1875,5.75,4.25],"rotation":0,"texture":"#0","tintindex":0},"west":{"uv":[3.25,4.9375,3.375,5.0],"rotation":0,"texture":"#0","tintindex":0},"up":{"uv":[8.625,0.8125,8.0,0.6875],"rotation":0,"texture":"#0","tintindex":0},"down":{"uv":[8.625,0.8125,8.0,0.9375],"rotation":0,"texture":"#0","tintindex":0}}},{"from":[8.876572,7.96715,9.933069],"to":[10.5908575,13.110007,11.075926],"rotation":{"angle":0.0,"axis":"y","origin":[9.707223,3.9413805,6.3686023]},"faces":{"east":{"uv":[3.375,2.625,3.5,3.1875],"rotation":0,"texture":"#0","tintindex":0},"south":{"uv":[7.5,2.0,7.6875,2.5625],"rotation":0,"texture":"#0","tintindex":0},"north":{"uv":[0.5625,5.75,0.75,6.3125],"rotation":0,"texture":"#0","tintindex":0},"west":{"uv":[5.125,8.0625,5.25,8.625],"rotation":0,"texture":"#0","tintindex":0},"up":{"uv":[9.375,2.6875,9.1875,2.5625],"rotation":0,"texture":"#0","tintindex":0},"down":{"uv":[9.375,3.0625,9.1875,3.1875],"rotation":0,"texture":"#0","tintindex":0}}},{"from":[6.7622857,7.96715,9.933069],"to":[8.476571,13.110007,11.075926],"rotation":{"angle":0.0,"axis":"y","origin":[9.878652,3.9413805,6.3686023]},"faces":{"east":{"uv":[5.25,8.0625,5.375,8.625],"rotation":0,"texture":"#0","tintindex":0},"south":{"uv":[5.0625,7.5,5.25,8.0625],"rotation":0,"texture":"#0","tintindex":0},"north":{"uv":[4.875,7.5,5.0625,8.0625],"rotation":0,"texture":"#0","tintindex":0},"west":{"uv":[5.375,8.0625,5.5,8.625],"rotation":0,"texture":"#0","tintindex":0},"up":{"uv":[9.375,3.625,9.1875,3.5],"rotation":0,"texture":"#0","tintindex":0},"down":{"uv":[5.8125,9.1875,5.625,9.3125],"rotation":0,"texture":"#0","tintindex":0}}},{"from":[5.790857,6.995722,9.761641],"to":[9.448,9.1671505,10.790212],"rotation":{"angle":0.0,"axis":"y","origin":[11.592937,3.9413805,6.3686023]},"faces":{"east":{"uv":[1.625,3.125,1.75,3.375],"rotation":0,"texture":"#0","tintindex":0},"south":{"uv":[7.375,7.4375,7.8125,7.6875],"rotation":0,"texture":"#0","tintindex":0},"north":{"uv":[5.8125,3.9375,6.25,4.1875],"rotation":0,"texture":"#0","tintindex":0},"west":{"uv":[4.25,2.375,4.375,2.625],"rotation":0,"texture":"#0","tintindex":0},"up":{"uv":[8.75,3.9375,8.3125,3.8125],"rotation":0,"texture":"#0","tintindex":0},"down":{"uv":[8.75,5.5625,8.3125,5.6875],"rotation":0,"texture":"#0","tintindex":0}}},{"from":[6.3622856,6.710007,10.104498],"to":[8.876572,7.5100074,10.904497],"rotation":{"angle":22.5,"axis":"x","origin":[7.6194286,7.7957215,10.275927]},"faces":{"east":{"uv":[5.9375,9.375,6.0625,9.5],"rotation":0,"texture":"#0","tintindex":0},"south":{"uv":[8.6875,5.6875,9.0,5.8125],"rotation":0,"texture":"#0","tintindex":0},"north":{"uv":[7.0625,4.25,7.375,4.375],"rotation":0,"texture":"#0","tintindex":0},"west":{"uv":[6.0625,9.375,6.1875,9.5],"rotation":0,"texture":"#0","tintindex":0},"up":{"uv":[8.5625,8.8125,8.25,8.6875],"rotation":0,"texture":"#0","tintindex":0},"down":{"uv":[8.875,8.6875,8.5625,8.8125],"rotation":0,"texture":"#0","tintindex":0}}},{"from":[8.190857,6.5385785,9.761641],"to":[9.790857,7.56715,10.790212],"rotation":{"angle":22.5,"axis":"z","origin":[7.6194286,9.910007,10.275927]},"faces":{"east":{"uv":[9.375,6.3125,9.5,6.4375],"rotation":0,"texture":"#0","tintindex":0},"south":{"uv":[9.1875,5.8125,9.375,5.9375],"rotation":0,"texture":"#0","tintindex":0},"north":{"uv":[9.1875,5.6875,9.375,5.8125],"rotation":0,"texture":"#0","tintindex":0},"west":{"uv":[9.375,6.4375,9.5,6.5625],"rotation":0,"texture":"#0","tintindex":0},"up":{"uv":[6.5,9.3125,6.3125,9.1875],"rotation":0,"texture":"#0","tintindex":0},"down":{"uv":[9.375,6.3125,9.1875,6.4375],"rotation":0,"texture":"#0","tintindex":0}}},{"from":[10.818181,9.115722,3.88164],"to":[11.3781805,10.818579,7.8702116],"rotation":{"angle":-22.5,"axis":"x","origin":[10.526752,11.624293,7.36164]},"faces":{"east":{"uv":[7.75,5.875,8.1875,6.0625],"rotation":0,"texture":"#0","tintindex":0},"south":{"uv":[6.625,4.6875,6.6875,4.875],"rotation":0,"texture":"#0","tintindex":0},"north":{"uv":[1.5625,5.75,1.625,5.9375],"rotation":0,"texture":"#0","tintindex":0},"west":{"uv":[1.0,7.875,1.4375,8.0625],"rotation":0,"texture":"#0","tintindex":0},"up":{"uv":[4.25,8.75,4.1875,8.3125],"rotation":0,"texture":"#0","tintindex":0},"down":{"uv":[0.25,9.125,0.1875,9.5625],"rotation":0,"texture":"#0","tintindex":0}}},{"from":[10.818181,10.372865,9.195926],"to":[11.3781805,12.075722,10.898783],"rotation":{"angle":45.0,"axis":"x","origin":[10.526752,11.624293,7.36164]},"faces":{"east":{"uv":[7.5,2.5625,7.6875,2.75],"rotation":0,"texture":"#0","tintindex":0},"south":{"uv":[0.375,7.4375,0.4375,7.625],"rotation":0,"texture":"#0","tintindex":0},"north":{"uv":[7.0625,2.0,7.125,2.1875],"rotation":0,"texture":"#0","tintindex":0},"west":{"uv":[9.0,1.5,9.1875,1.6875],"rotation":0,"texture":"#0","tintindex":0},"up":{"uv":[5.6875,7.6875,5.625,7.5],"rotation":0,"texture":"#0","tintindex":0},"down":{"uv":[4.25,7.875,4.1875,8.0625],"rotation":0,"texture":"#0","tintindex":0}}},{"from":[10.8238945,8.264293,8.973069],"to":[11.372466,9.898579,10.378783],"rotation":{"angle":0.0,"axis":"y","origin":[10.526752,11.624293,7.36164]},"faces":{"east":{"uv":[9.0,1.75,9.1875,1.9375],"rotation":0,"texture":"#0","tintindex":0},"south":{"uv":[4.5,9.5,4.5625,9.6875],"rotation":0,"texture":"#0","tintindex":0},"north":{"uv":[5.9375,8.625,6.0,8.8125],"rotation":0,"texture":"#0","tintindex":0},"west":{"uv":[9.0,1.9375,9.1875,2.125],"rotation":0,"texture":"#0","tintindex":0},"up":{"uv":[6.125,9.6875,6.0625,9.5],"rotation":0,"texture":"#0","tintindex":0},"down":{"uv":[6.1875,9.5,6.125,9.6875],"rotation":0,"texture":"#0","tintindex":0}}},{"from":[10.869609,7.1100073,3.9902115],"to":[11.898181,12.710008,5.0187826],"rotation":{"angle":0.0,"axis":"y","origin":[10.214546,3.9413805,6.3686023]},"faces":{"east":{"uv":[0.6875,7.8125,0.8125,8.4375],"rotation":0,"texture":"#0","tintindex":0},"south":{"uv":[4.5625,7.8125,4.6875,8.4375],"rotation":0,"texture":"#0","tintindex":0},"north":{"uv":[0.0,7.75,0.125,8.375],"rotation":0,"texture":"#0","tintindex":0},"west":{"uv":[4.6875,7.8125,4.8125,8.4375],"rotation":0,"texture":"#0","tintindex":0},"up":{"uv":[6.625,9.5,6.5,9.375],"rotation":0,"texture":"#0","tintindex":0},"down":{"uv":[6.75,9.375,6.625,9.5],"rotation":0,"texture":"#0","tintindex":0}}},{"from":[10.583895,8.938579,4.9616404],"to":[11.612467,13.395721,5.9902115],"rotation":{"angle":0.0,"axis":"y","origin":[10.214546,3.9413805,6.3686023]},"faces":{"east":{"uv":[3.9375,8.3125,4.0625,8.8125],"rotation":0,"texture":"#0","tintindex":0},"south":{"uv":[4.0625,8.3125,4.1875,8.8125],"rotation":0,"texture":"#0","tintindex":0},"north":{"uv":[3.0,8.3125,3.125,8.8125],"rotation":0,"texture":"#0","tintindex":0},"west":{"uv":[4.8125,8.3125,4.9375,8.8125],"rotation":0,"texture":"#0","tintindex":0},"up":{"uv":[9.5,6.8125,9.375,6.6875],"rotation":0,"texture":"#0","tintindex":0},"down":{"uv":[6.875,9.375,6.75,9.5],"rotation":0,"texture":"#0","tintindex":0}}},{"from":[10.583895,9.624293,6.333069],"to":[11.612467,12.938579,7.9330688],"rotation":{"angle":0.0,"axis":"y","origin":[10.214546,3.9413805,6.3686023]},"faces":{"east":{"uv":[6.3125,8.0625,6.5,8.4375],"rotation":0,"texture":"#0","tintindex":0},"south":{"uv":[5.125,2.0,5.25,2.375],"rotation":0,"texture":"#0","tintindex":0},"north":{"uv":[1.625,5.125,1.75,5.5],"rotation":0,"texture":"#0","tintindex":0},"west":{"uv":[6.5,8.0625,6.6875,8.4375],"rotation":0,"texture":"#0","tintindex":0},"up":{"uv":[6.625,9.375,6.5,9.1875],"rotation":0,"texture":"#0","tintindex":0},"down":{"uv":[7.1875,9.1875,7.0625,9.375],"rotation":0,"texture":"#0","tintindex":0}}},{"from":[10.583895,9.624293,8.447354],"to":[11.612467,12.938579,10.047355],"rotation":{"angle":0.0,"axis":"y","origin":[10.214546,3.9413805,6.3686023]},"faces":{"east":{"uv":[7.1875,8.0625,7.375,8.4375],"rotation":0,"texture":"#0","tintindex":0},"south":{"uv":[0.25,8.375,0.375,8.75],"rotation":0,"texture":"#0","tintindex":0},"north":{"uv":[6.0,7.25,6.125,7.625],"rotation":0,"texture":"#0","tintindex":0},"west":{"uv":[8.125,2.0,8.3125,2.375],"rotation":0,"texture":"#0","tintindex":0},"up":{"uv":[7.3125,9.375,7.1875,9.1875],"rotation":0,"texture":"#0","tintindex":0},"down":{"uv":[7.4375,9.1875,7.3125,9.375],"rotation":0,"texture":"#0","tintindex":0}}},{"from":[10.241037,6.481436,3.4187827],"to":[11.155324,8.538579,4.333069],"rotation":{"angle":0.0,"axis":"y","origin":[10.214546,3.9413805,6.3686023]},"faces":{"east":{"uv":[5.0,6.625,5.125,6.875],"rotation":0,"texture":"#0","tintindex":0},"south":{"uv":[5.625,6.875,5.75,7.125],"rotation":0,"texture":"#0","tintindex":0},"north":{"uv":[6.25,3.9375,6.375,4.1875],"rotation":0,"texture":"#0","tintindex":0},"west":{"uv":[7.0625,6.625,7.1875,6.875],"rotation":0,"texture":"#0","tintindex":0},"up":{"uv":[7.0,9.5,6.875,9.375],"rotation":0,"texture":"#0","tintindex":0},"down":{"uv":[7.1875,9.375,7.0625,9.5],"rotation":0,"texture":"#0","tintindex":0}}},{"from":[9.841038,6.138579,3.0187826],"to":[10.755323,7.0528646,3.9330688],"rotation":{"angle":0.0,"axis":"y","origin":[10.214546,3.9413805,6.3686023]},"faces":{"east":{"uv":[7.1875,9.375,7.3125,9.5],"rotation":0,"texture":"#0","tintindex":0},"south":{"uv":[9.375,7.25,9.5,7.375],"rotation":0,"texture":"#0","tintindex":0},"north":{"uv":[9.375,7.125,9.5,7.25],"rotation":0,"texture":"#0","tintindex":0},"west":{"uv":[7.3125,9.375,7.4375,9.5],"rotation":0,"texture":"#0","tintindex":0},"up":{"uv":[9.5,7.5,9.375,7.375],"rotation":0,"texture":"#0","tintindex":0},"down":{"uv":[9.5,7.5,9.375,7.625],"rotation":0,"texture":"#0","tintindex":0}}},{"from":[10.303895,11.858579,3.995926],"to":[12.006752,12.990007,5.1273546],"rotation":{"angle":-45.0,"axis":"z","origin":[10.526752,12.767151,4.504497]},"faces":{"east":{"uv":[7.5625,9.375,7.6875,9.5],"rotation":0,"texture":"#0","tintindex":0},"south":{"uv":[9.1875,6.6875,9.375,6.8125],"rotation":0,"texture":"#0","tintindex":0},"north":{"uv":[9.1875,6.4375,9.375,6.5625],"rotation":0,"texture":"#0","tintindex":0},"west":{"uv":[9.375,7.625,9.5,7.75],"rotation":0,"texture":"#0","tintindex":0},"up":{"uv":[7.9375,9.3125,7.75,9.1875],"rotation":0,"texture":"#0","tintindex":0},"down":{"uv":[8.125,9.1875,7.9375,9.3125],"rotation":0,"texture":"#0","tintindex":0}}},{"from":[9.326752,12.995722,3.9902115],"to":[10.469609,15.852865,5.133069],"rotation":{"angle":-45.0,"axis":"z","origin":[9.098181,13.624293,4.504497]},"faces":{"east":{"uv":[0.375,8.75,0.5,9.0625],"rotation":0,"texture":"#0","tintindex":0},"south":{"uv":[0.5,8.75,0.625,9.0625],"rotation":0,"texture":"#0","tintindex":0},"north":{"uv":[0.25,8.75,0.375,9.0625],"rotation":0,"texture":"#0","tintindex":0},"west":{"uv":[1.0,8.75,1.125,9.0625],"rotation":0,"texture":"#0","tintindex":0},"up":{"uv":[9.5,7.875,9.375,7.75],"rotation":0,"texture":"#0","tintindex":0},"down":{"uv":[8.375,9.375,8.25,9.5],"rotation":0,"texture":"#0","tintindex":0}}},{"from":[9.49818,14.767151,4.16164],"to":[10.298181,17.281437,4.9616404],"rotation":{"angle":-45.0,"axis":"z","origin":[9.098181,13.624293,4.504497]},"faces":{"east":{"uv":[1.25,8.75,1.375,9.0625],"rotation":0,"texture":"#0","tintindex":0},"south":{"uv":[8.75,1.375,8.875,1.6875],"rotation":0,"texture":"#0","tintindex":0},"north":{"uv":[1.125,8.75,1.25,9.0625],"rotation":0,"texture":"#0","tintindex":0},"west":{"uv":[4.1875,8.75,4.3125,9.0625],"rotation":0,"texture":"#0","tintindex":0},"up":{"uv":[9.5,8.4375,9.375,8.3125],"rotation":0,"texture":"#0","tintindex":0},"down":{"uv":[8.5,9.375,8.375,9.5],"rotation":0,"texture":"#0","tintindex":0}}},{"from":[7.955323,12.767151,4.2759256],"to":[10.812467,19.624294,4.2759256],"rotation":{"angle":0.0,"axis":"y","origin":[10.214546,3.9413805,6.3686023]},"faces":{"east":{"uv":[0.0,0.0,0.0,0.75],"rotation":0,"texture":"#0","tintindex":0},"south":{"uv":[0.4375,6.3125,0.75,7.0625],"rotation":0,"texture":"#0","tintindex":0},"north":{"uv":[3.0,6.0625,3.3125,6.8125],"rotation":0,"texture":"#0","tintindex":0},"west":{"uv":[0.0,0.0,0.0,0.75],"rotation":0,"texture":"#0","tintindex":0},"up":{"uv":[0.3125,0.0,0.0,0.0],"rotation":0,"texture":"#0","tintindex":0},"down":{"uv":[0.3125,0.0,0.0,0.0],"rotation":0,"texture":"#0","tintindex":0}}},{"from":[6.254962,7.0528646,4.7330685],"to":[6.254962,18.481436,12.733068],"rotation":{"angle":0.0,"axis":"y","origin":[5.8549623,16.195723,4.218783]},"faces":{"east":{"uv":[0.0,0.0,0.875,1.25],"rotation":0,"texture":"#0","tintindex":0},"south":{"uv":[0.0,0.0,0.0,1.25],"rotation":0,"texture":"#0","tintindex":0},"north":{"uv":[0.0,0.0,0.0,1.25],"rotation":0,"texture":"#0","tintindex":0},"west":{"uv":[0.875,0.0,1.75,1.25],"rotation":0,"texture":"#0","tintindex":0},"up":{"uv":[0.0,0.875,0.0,0.0],"rotation":0,"texture":"#0","tintindex":0},"down":{"uv":[0.0,0.0,0.0,0.875],"rotation":0,"texture":"#0","tintindex":0}}},{"from":[8.983895,7.0528646,4.7330685],"to":[8.983895,18.481436,12.733068],"rotation":{"angle":0.0,"axis":"y","origin":[9.383895,16.195723,4.218783]},"faces":{"east":{"uv":[0.0,1.25,0.875,2.5],"rotation":0,"texture":"#0","tintindex":0},"south":{"uv":[0.0,0.0,0.0,1.25],"rotation":0,"texture":"#0","tintindex":0},"north":{"uv":[0.0,0.0,0.0,1.25],"rotation":0,"texture":"#0","tintindex":0},"west":{"uv":[0.875,1.25,1.75,2.5],"rotation":0,"texture":"#0","tintindex":0},"up":{"uv":[0.0,0.875,0.0,0.0],"rotation":0,"texture":"#0","tintindex":0},"down":{"uv":[0.0,0.0,0.0,0.875],"rotation":0,"texture":"#0","tintindex":0}}},{"from":[1.4981799,10.252865,4.218783],"to":[5.4981804,16.538578,4.218783],"rotation":{"angle":-45.0,"axis":"z","origin":[10.214546,3.9413805,6.3686023]},"faces":{"east":{"uv":[0.0,0.0,0.0,0.6875],"rotation":0,"texture":"#0","tintindex":0},"south":{"uv":[5.5625,5.875,6.0,6.5625],"rotation":0,"texture":"#0","tintindex":0},"north":{"uv":[5.125,5.875,5.5625,6.5625],"rotation":0,"texture":"#0","tintindex":0},"west":{"uv":[0.0,0.0,0.0,0.6875],"rotation":0,"texture":"#0","tintindex":0},"up":{"uv":[0.4375,0.0,0.0,0.0],"rotation":0,"texture":"#0","tintindex":0},"down":{"uv":[0.4375,0.0,0.0,0.0],"rotation":0,"texture":"#0","tintindex":0}}},{"from":[6.928,10.761436,3.984497],"to":[8.310857,13.515722,5.024497],"rotation":{"angle":0.0,"axis":"y","origin":[7.562286,12.195722,4.504497]},"faces":{"east":{"uv":[4.5625,8.75,4.6875,9.0625],"rotation":0,"texture":"#0","tintindex":0},"south":{"uv":[8.375,2.5625,8.5625,2.875],"rotation":0,"texture":"#0","tintindex":0},"north":{"uv":[2.8125,6.5,3.0,6.8125],"rotation":0,"texture":"#0","tintindex":0},"west":{"uv":[4.6875,8.75,4.8125,9.0625],"rotation":0,"texture":"#0","tintindex":0},"up":{"uv":[9.375,8.8125,9.1875,8.6875],"rotation":0,"texture":"#0","tintindex":0},"down":{"uv":[9.0625,9.1875,8.875,9.3125],"rotation":0,"texture":"#0","tintindex":0}}},{"from":[6.9337144,10.881436,3.9902115],"to":[8.305142,13.624292,5.0187826],"rotation":{"angle":-22.5,"axis":"x","origin":[7.6194286,12.138578,4.504497]},"faces":{"east":{"uv":[5.0625,8.75,5.1875,9.0625],"rotation":0,"texture":"#0","tintindex":0},"south":{"uv":[3.3125,8.375,3.5,8.6875],"rotation":0,"texture":"#0","tintindex":0},"north":{"uv":[3.125,8.375,3.3125,8.6875],"rotation":0,"texture":"#0","tintindex":0},"west":{"uv":[5.1875,8.75,5.3125,9.0625],"rotation":0,"texture":"#0","tintindex":0},"up":{"uv":[0.4375,9.375,0.25,9.25],"rotation":0,"texture":"#0","tintindex":0},"down":{"uv":[0.625,9.25,0.4375,9.375],"rotation":0,"texture":"#0","tintindex":0}}},{"from":[7.162286,12.824293,4.16164],"to":[8.076571,14.538579,5.3044972],"rotation":{"angle":-22.5,"axis":"x","origin":[7.6194286,12.138578,4.504497]},"faces":{"east":{"uv":[7.5625,1.375,7.75,1.625],"rotation":0,"texture":"#0","tintindex":0},"south":{"uv":[6.3125,8.4375,6.5,8.6875],"rotation":0,"texture":"#0","tintindex":0},"north":{"uv":[5.9375,2.3125,6.125,2.5625],"rotation":0,"texture":"#0","tintindex":0},"west":{"uv":[6.5,8.4375,6.6875,8.6875],"rotation":0,"texture":"#0","tintindex":0},"up":{"uv":[9.1875,2.3125,9.0,2.125],"rotation":0,"texture":"#0","tintindex":0},"down":{"uv":[9.1875,2.5625,9.0,2.75],"rotation":0,"texture":"#0","tintindex":0}}},{"from":[5.448,6.5385785,9.761641],"to":[7.048,7.56715,10.790212],"rotation":{"angle":-22.5,"axis":"z","origin":[7.6194286,9.910007,10.275927]},"faces":{"east":{"uv":[8.5,9.375,8.625,9.5],"rotation":0,"texture":"#0","tintindex":0},"south":{"uv":[1.1875,9.25,1.375,9.375],"rotation":0,"texture":"#0","tintindex":0},"north":{"uv":[1.0,9.25,1.1875,9.375],"rotation":0,"texture":"#0","tintindex":0},"west":{"uv":[8.625,9.375,8.75,9.5],"rotation":0,"texture":"#0","tintindex":0},"up":{"uv":[1.6875,9.375,1.5,9.25],"rotation":0,"texture":"#0","tintindex":0},"down":{"uv":[1.875,9.25,1.6875,9.375],"rotation":0,"texture":"#0","tintindex":0}}},{"from":[4.648,7.96715,9.933069],"to":[6.3622856,13.110007,11.075926],"rotation":{"angle":0.0,"axis":"y","origin":[5.5316343,3.9413805,6.3686023]},"faces":{"east":{"uv":[5.5,8.0625,5.625,8.625],"rotation":0,"texture":"#0","tintindex":0},"south":{"uv":[5.4375,7.5,5.625,8.0625],"rotation":0,"texture":"#0","tintindex":0},"north":{"uv":[5.25,7.5,5.4375,8.0625],"rotation":0,"texture":"#0","tintindex":0},"west":{"uv":[2.375,8.125,2.5,8.6875],"rotation":0,"texture":"#0","tintindex":0},"up":{"uv":[2.5625,9.375,2.375,9.25],"rotation":0,"texture":"#0","tintindex":0},"down":{"uv":[9.4375,2.375,9.25,2.5],"rotation":0,"texture":"#0","tintindex":0}}},{"from":[3.6263905,9.624293,8.447354],"to":[4.654962,12.938579,10.047355],"rotation":{"angle":0.0,"axis":"y","origin":[5.0243106,3.9413805,6.3686023]},"faces":{"east":{"uv":[2.5,8.125,2.6875,8.5],"rotation":0,"texture":"#0","tintindex":0},"south":{"uv":[0.875,8.4375,1.0,8.8125],"rotation":0,"texture":"#0","tintindex":0},"north":{"uv":[0.6875,8.4375,0.8125,8.8125],"rotation":0,"texture":"#0","tintindex":0},"west":{"uv":[8.125,5.3125,8.3125,5.6875],"rotation":0,"texture":"#0","tintindex":0},"up":{"uv":[7.6875,9.375,7.5625,9.1875],"rotation":0,"texture":"#0","tintindex":0},"down":{"uv":[2.6875,9.25,2.5625,9.4375],"rotation":0,"texture":"#0","tintindex":0}}},{"from":[3.6263905,9.624293,6.333069],"to":[4.654962,12.938579,7.9330688],"rotation":{"angle":0.0,"axis":"y","origin":[5.0243106,3.9413805,6.3686023]},"faces":{"east":{"uv":[7.375,8.125,7.5625,8.5],"rotation":0,"texture":"#0","tintindex":0},"south":{"uv":[2.0,8.5,2.125,8.875],"rotation":0,"texture":"#0","tintindex":0},"north":{"uv":[1.875,8.5,2.0,8.875],"rotation":0,"texture":"#0","tintindex":0},"west":{"uv":[7.5625,8.125,7.75,8.5],"rotation":0,"texture":"#0","tintindex":0},"up":{"uv":[9.375,4.0,9.25,3.8125],"rotation":0,"texture":"#0","tintindex":0},"down":{"uv":[9.375,4.0,9.25,4.1875],"rotation":0,"texture":"#0","tintindex":0}}},{"from":[3.6263905,8.938579,4.9616404],"to":[4.654962,13.395721,5.9902115],"rotation":{"angle":0.0,"axis":"y","origin":[5.0243106,3.9413805,6.3686023]},"faces":{"east":{"uv":[6.0,8.3125,6.125,8.8125],"rotation":0,"texture":"#0","tintindex":0},"south":{"uv":[6.125,8.3125,6.25,8.8125],"rotation":0,"texture":"#0","tintindex":0},"north":{"uv":[4.9375,8.3125,5.0625,8.8125],"rotation":0,"texture":"#0","tintindex":0},"west":{"uv":[8.3125,6.375,8.4375,6.875],"rotation":0,"texture":"#0","tintindex":0},"up":{"uv":[9.5,8.8125,9.375,8.6875],"rotation":0,"texture":"#0","tintindex":0},"down":{"uv":[8.875,9.375,8.75,9.5],"rotation":0,"texture":"#0","tintindex":0}}},{"from":[3.8549619,13.338579,4.504497],"to":[4.4263906,13.910007,9.818783],"rotation":{"angle":0.0,"axis":"y","origin":[5.0243106,3.9413805,6.3686023]},"faces":{"east":{"uv":[8.875,6.8125,9.4375,6.875],"rotation":0,"texture":"#0","tintindex":0},"south":{"uv":[4.875,7.4375,4.9375,7.5],"rotation":0,"texture":"#0","tintindex":0},"north":{"uv":[7.4375,3.375,7.5,3.4375],"rotation":0,"texture":"#0","tintindex":0},"west":{"uv":[9.0,1.125,9.5625,1.1875],"rotation":0,"texture":"#0","tintindex":0},"up":{"uv":[1.5,9.5625,1.4375,9.0],"rotation":0,"texture":"#0","tintindex":0},"down":{"uv":[3.75,9.0,3.6875,9.5625],"rotation":0,"texture":"#0","tintindex":0}}},{"from":[3.8549619,9.338579,5.075926],"to":[4.4263906,13.338579,10.390212],"rotation":{"angle":0.0,"axis":"y","origin":[5.0243106,3.9413805,6.3686023]},"faces":{"east":{"uv":[6.125,2.75,6.6875,3.1875],"rotation":0,"texture":"#0","tintindex":0},"south":{"uv":[4.125,9.125,4.1875,9.5625],"rotation":0,"texture":"#0","tintindex":0},"north":{"uv":[3.625,9.125,3.6875,9.5625],"rotation":0,"texture":"#0","tintindex":0},"west":{"uv":[4.5625,6.1875,5.125,6.625],"rotation":0,"texture":"#0","tintindex":0},"up":{"uv":[3.8125,9.5625,3.75,9.0],"rotation":0,"texture":"#0","tintindex":0},"down":{"uv":[3.875,9.0,3.8125,9.5625],"rotation":0,"texture":"#0","tintindex":0}}},{"from":[3.8606763,9.115722,3.88164],"to":[4.420676,10.818579,7.8702116],"rotation":{"angle":-22.5,"axis":"x","origin":[4.712105,11.624293,7.36164]},"faces":{"east":{"uv":[1.4375,7.875,1.875,8.0625],"rotation":0,"texture":"#0","tintindex":0},"south":{"uv":[6.3125,9.5,6.375,9.6875],"rotation":0,"texture":"#0","tintindex":0},"north":{"uv":[6.25,9.5,6.3125,9.6875],"rotation":0,"texture":"#0","tintindex":0},"west":{"uv":[3.3125,7.875,3.75,8.0625],"rotation":0,"texture":"#0","tintindex":0},"up":{"uv":[5.0625,9.5625,5.0,9.125],"rotation":0,"texture":"#0","tintindex":0},"down":{"uv":[5.5,9.1875,5.4375,9.625],"rotation":0,"texture":"#0","tintindex":0}}},{"from":[3.8606763,8.258578,8.967355],"to":[4.420676,9.904293,10.384498],"rotation":{"angle":0.0,"axis":"y","origin":[4.712105,11.624293,7.36164]},"faces":{"east":{"uv":[9.0,3.25,9.1875,3.4375],"rotation":0,"texture":"#0","tintindex":0},"south":{"uv":[6.375,9.5,6.4375,9.6875],"rotation":0,"texture":"#0","tintindex":0},"north":{"uv":[9.5,6.3125,9.5625,6.5],"rotation":0,"texture":"#0","tintindex":0},"west":{"uv":[9.0,3.4375,9.1875,3.625],"rotation":0,"texture":"#0","tintindex":0},"up":{"uv":[6.5625,9.6875,6.5,9.5],"rotation":0,"texture":"#0","tintindex":0},"down":{"uv":[6.625,9.5,6.5625,9.6875],"rotation":0,"texture":"#0","tintindex":0}}},{"from":[3.8663907,10.378579,9.20164],"to":[4.414962,12.070007,10.893069],"rotation":{"angle":45.0,"axis":"x","origin":[4.712105,11.624293,7.36164]},"faces":{"east":{"uv":[9.0,4.1875,9.1875,4.375],"rotation":0,"texture":"#0","tintindex":0},"south":{"uv":[6.6875,9.5,6.75,9.6875],"rotation":0,"texture":"#0","tintindex":0},"north":{"uv":[6.625,9.5,6.6875,9.6875],"rotation":0,"texture":"#0","tintindex":0},"west":{"uv":[9.0,4.375,9.1875,4.5625],"rotation":0,"texture":"#0","tintindex":0},"up":{"uv":[6.8125,9.6875,6.75,9.5],"rotation":0,"texture":"#0","tintindex":0},"down":{"uv":[6.875,9.5,6.8125,9.6875],"rotation":0,"texture":"#0","tintindex":0}}},{"from":[3.3406768,7.1100073,3.9902115],"to":[4.369248,12.710008,5.0187826],"rotation":{"angle":0.0,"axis":"y","origin":[5.0243106,3.9413805,6.3686023]},"faces":{"east":{"uv":[2.0,7.875,2.125,8.5],"rotation":0,"texture":"#0","tintindex":0},"south":{"uv":[2.125,7.875,2.25,8.5],"rotation":0,"texture":"#0","tintindex":0},"north":{"uv":[1.875,7.875,2.0,8.5],"rotation":0,"texture":"#0","tintindex":0},"west":{"uv":[0.375,7.9375,0.5,8.5625],"rotation":0,"texture":"#0","tintindex":0},"up":{"uv":[9.5,8.9375,9.375,8.8125],"rotation":0,"texture":"#0","tintindex":0},"down":{"uv":[9.5,8.9375,9.375,9.0625],"rotation":0,"texture":"#0","tintindex":0}}},{"from":[3.3406768,7.1100073,9.133069],"to":[4.369248,12.710008,10.16164],"rotation":{"angle":0.0,"axis":"y","origin":[9.399006,13.416441,9.604498]},"faces":{"east":{"uv":[4.375,7.9375,4.5,8.5625],"rotation":0,"texture":"#0","tintindex":0},"south":{"uv":[8.0,2.0,8.125,2.625],"rotation":0,"texture":"#0","tintindex":0},"north":{"uv":[0.5,7.9375,0.625,8.5625],"rotation":0,"texture":"#0","tintindex":0},"west":{"uv":[2.75,8.0,2.875,8.625],"rotation":0,"texture":"#0","tintindex":0},"up":{"uv":[9.5,9.1875,9.375,9.0625],"rotation":0,"texture":"#0","tintindex":0},"down":{"uv":[9.4375,9.375,9.3125,9.5],"rotation":0,"texture":"#0","tintindex":0}}},{"from":[10.869609,7.1100073,9.133069],"to":[11.898181,12.710008,10.16164],"rotation":{"angle":0.0,"axis":"y","origin":[5.8398514,13.416441,9.604498]},"faces":{"east":{"uv":[5.625,8.0,5.75,8.625],"rotation":0,"texture":"#0","tintindex":0},"south":{"uv":[5.75,8.0,5.875,8.625],"rotation":0,"texture":"#0","tintindex":0},"north":{"uv":[2.875,8.0,3.0,8.625],"rotation":0,"texture":"#0","tintindex":0},"west":{"uv":[5.875,8.0,6.0,8.625],"rotation":0,"texture":"#0","tintindex":0},"up":{"uv":[9.5625,0.125,9.4375,0.0],"rotation":0,"texture":"#0","tintindex":0},"down":{"uv":[9.5625,0.125,9.4375,0.25],"rotation":0,"texture":"#0","tintindex":0}}},{"from":[3.2321053,11.858579,3.995926],"to":[4.9349623,12.990007,5.1273546],"rotation":{"angle":45.0,"axis":"z","origin":[4.712105,12.767151,4.504497]},"faces":{"east":{"uv":[9.4375,0.25,9.5625,0.375],"rotation":0,"texture":"#0","tintindex":0},"south":{"uv":[4.5625,9.25,4.75,9.375],"rotation":0,"texture":"#0","tintindex":0},"north":{"uv":[9.25,2.875,9.4375,3.0],"rotation":0,"texture":"#0","tintindex":0},"west":{"uv":[9.4375,0.5,9.5625,0.625],"rotation":0,"texture":"#0","tintindex":0},"up":{"uv":[9.4375,5.0625,9.25,4.9375],"rotation":0,"texture":"#0","tintindex":0},"down":{"uv":[5.25,9.25,5.0625,9.375],"rotation":0,"texture":"#0","tintindex":0}}},{"from":[3.8549619,12.195722,3.9330683],"to":[5.5692477,13.338579,5.075926],"rotation":{"angle":0.0,"axis":"y","origin":[5.0243106,3.9413805,6.3686023]},"faces":{"east":{"uv":[9.4375,0.625,9.5625,0.75],"rotation":0,"texture":"#0","tintindex":0},"south":{"uv":[9.25,6.1875,9.4375,6.3125],"rotation":0,"texture":"#0","tintindex":0},"north":{"uv":[5.25,9.25,5.4375,9.375],"rotation":0,"texture":"#0","tintindex":0},"west":{"uv":[9.4375,0.75,9.5625,0.875],"rotation":0,"texture":"#0","tintindex":0},"up":{"uv":[9.4375,6.6875,9.25,6.5625],"rotation":0,"texture":"#0","tintindex":0},"down":{"uv":[6.8125,9.25,6.625,9.375],"rotation":0,"texture":"#0","tintindex":0}}},{"from":[6.5406766,11.224293,4.104497],"to":[7.3406763,13.738579,4.904497],"rotation":{"angle":22.5,"axis":"z","origin":[7.512105,12.195722,4.504497]},"faces":{"east":{"uv":[6.8125,8.75,6.9375,9.0625],"rotation":0,"texture":"#0","tintindex":0},"south":{"uv":[6.9375,8.75,7.0625,9.0625],"rotation":0,"texture":"#0","tintindex":0},"north":{"uv":[5.3125,8.75,5.4375,9.0625],"rotation":0,"texture":"#0","tintindex":0},"west":{"uv":[0.0,8.8125,0.125,9.125],"rotation":0,"texture":"#0","tintindex":0},"up":{"uv":[9.5625,1.0,9.4375,0.875],"rotation":0,"texture":"#0","tintindex":0},"down":{"uv":[9.5625,1.3125,9.4375,1.4375],"rotation":0,"texture":"#0","tintindex":0}}},{"from":[5.5692477,12.481436,3.9330683],"to":[6.7121053,15.338579,5.075926],"rotation":{"angle":0.0,"axis":"y","origin":[5.0243106,3.9413805,6.3686023]},"faces":{"east":{"uv":[0.6875,8.8125,0.8125,9.125],"rotation":0,"texture":"#0","tintindex":0},"south":{"uv":[0.875,8.8125,1.0,9.125],"rotation":0,"texture":"#0","tintindex":0},"north":{"uv":[0.125,8.8125,0.25,9.125],"rotation":0,"texture":"#0","tintindex":0},"west":{"uv":[2.75,8.8125,2.875,9.125],"rotation":0,"texture":"#0","tintindex":0},"up":{"uv":[1.625,9.5625,1.5,9.4375],"rotation":0,"texture":"#0","tintindex":0},"down":{"uv":[1.75,9.4375,1.625,9.5625],"rotation":0,"texture":"#0","tintindex":0}}},{"from":[4.769248,12.995722,3.9902115],"to":[5.912105,15.852865,5.133069],"rotation":{"angle":45.0,"axis":"z","origin":[6.1406765,13.624293,4.504497]},"faces":{"east":{"uv":[3.0,8.8125,3.125,9.125],"rotation":0,"texture":"#0","tintindex":0},"south":{"uv":[3.3125,8.8125,3.4375,9.125],"rotation":0,"texture":"#0","tintindex":0},"north":{"uv":[2.875,8.8125,3.0,9.125],"rotation":0,"texture":"#0","tintindex":0},"west":{"uv":[3.4375,8.8125,3.5625,9.125],"rotation":0,"texture":"#0","tintindex":0},"up":{"uv":[9.5625,1.875,9.4375,1.75],"rotation":0,"texture":"#0","tintindex":0},"down":{"uv":[2.0,9.4375,1.875,9.5625],"rotation":0,"texture":"#0","tintindex":0}}},{"from":[4.9406767,14.767151,4.16164],"to":[5.7406764,17.281437,4.9616404],"rotation":{"angle":45.0,"axis":"z","origin":[6.1406765,13.624293,4.504497]},"faces":{"east":{"uv":[3.9375,8.8125,4.0625,9.125],"rotation":0,"texture":"#0","tintindex":0},"south":{"uv":[4.0625,8.8125,4.1875,9.125],"rotation":0,"texture":"#0","tintindex":0},"north":{"uv":[3.5625,8.8125,3.6875,9.125],"rotation":0,"texture":"#0","tintindex":0},"west":{"uv":[4.8125,8.8125,4.9375,9.125],"rotation":0,"texture":"#0","tintindex":0},"up":{"uv":[9.5625,2.0,9.4375,1.875],"rotation":0,"texture":"#0","tintindex":0},"down":{"uv":[2.125,9.4375,2.0,9.5625],"rotation":0,"texture":"#0","tintindex":0}}},{"from":[5.8549623,15.224294,3.9902115],"to":[6.654962,17.738579,4.7902117],"rotation":{"angle":0.0,"axis":"y","origin":[5.0243106,3.9413805,6.3686023]},"faces":{"east":{"uv":[5.9375,8.8125,6.0625,9.125],"rotation":0,"texture":"#0","tintindex":0},"south":{"uv":[6.0625,8.8125,6.1875,9.125],"rotation":0,"texture":"#0","tintindex":0},"north":{"uv":[4.9375,8.8125,5.0625,9.125],"rotation":0,"texture":"#0","tintindex":0},"west":{"uv":[8.8125,7.5625,8.9375,7.875],"rotation":0,"texture":"#0","tintindex":0},"up":{"uv":[9.5625,2.125,9.4375,2.0],"rotation":0,"texture":"#0","tintindex":0},"down":{"uv":[2.25,9.4375,2.125,9.5625],"rotation":0,"texture":"#0","tintindex":0}}},{"from":[4.4263906,12.767151,4.2759256],"to":[7.2835336,19.624294,4.2759256],"rotation":{"angle":0.0,"axis":"y","origin":[5.0243106,3.9413805,6.3686023]},"faces":{"east":{"uv":[0.0,0.0,0.0,0.75],"rotation":0,"texture":"#0","tintindex":0},"south":{"uv":[6.375,3.9375,6.6875,4.6875],"rotation":0,"texture":"#0","tintindex":0},"north":{"uv":[1.0,6.3125,1.3125,7.0625],"rotation":0,"texture":"#0","tintindex":0},"west":{"uv":[0.0,0.0,0.0,0.75],"rotation":0,"texture":"#0","tintindex":0},"up":{"uv":[0.3125,0.0,0.0,0.0],"rotation":0,"texture":"#0","tintindex":0},"down":{"uv":[0.3125,0.0,0.0,0.0],"rotation":0,"texture":"#0","tintindex":0}}},{"from":[9.740677,10.252865,4.218783],"to":[13.740677,16.538578,4.218783],"rotation":{"angle":45.0,"axis":"z","origin":[5.0243106,3.9413805,6.3686023]},"faces":{"east":{"uv":[0.0,0.0,0.0,0.6875],"rotation":0,"texture":"#0","tintindex":0},"south":{"uv":[2.0,5.9375,2.4375,6.625],"rotation":0,"texture":"#0","tintindex":0},"north":{"uv":[1.5625,5.9375,2.0,6.625],"rotation":0,"texture":"#0","tintindex":0},"west":{"uv":[0.0,0.0,0.0,0.6875],"rotation":0,"texture":"#0","tintindex":0},"up":{"uv":[0.4375,0.0,0.0,0.0],"rotation":0,"texture":"#0","tintindex":0},"down":{"uv":[0.4375,0.0,0.0,0.0],"rotation":0,"texture":"#0","tintindex":0}}},{"from":[4.0835333,6.481436,3.4187827],"to":[4.9978194,8.538579,4.333069],"rotation":{"angle":0.0,"axis":"y","origin":[5.0243106,3.9413805,6.3686023]},"faces":{"east":{"uv":[7.4375,9.0,7.5625,9.25],"rotation":0,"texture":"#0","tintindex":0},"south":{"uv":[8.125,9.0,8.25,9.25],"rotation":0,"texture":"#0","tintindex":0},"north":{"uv":[5.8125,9.0,5.9375,9.25],"rotation":0,"texture":"#0","tintindex":0},"west":{"uv":[2.25,9.0625,2.375,9.3125],"rotation":0,"texture":"#0","tintindex":0},"up":{"uv":[9.5625,2.25,9.4375,2.125],"rotation":0,"texture":"#0","tintindex":0},"down":{"uv":[9.5625,2.375,9.4375,2.5],"rotation":0,"texture":"#0","tintindex":0}}},{"from":[4.4835334,6.138579,3.0187826],"to":[5.3978195,7.0528646,3.9330688],"rotation":{"angle":0.0,"axis":"y","origin":[5.0243106,3.9413805,6.3686023]},"faces":{"east":{"uv":[9.4375,2.875,9.5625,3.0],"rotation":0,"texture":"#0","tintindex":0},"south":{"uv":[3.3125,9.4375,3.4375,9.5625],"rotation":0,"texture":"#0","tintindex":0},"north":{"uv":[2.5625,9.4375,2.6875,9.5625],"rotation":0,"texture":"#0","tintindex":0},"west":{"uv":[9.4375,4.1875,9.5625,4.3125],"rotation":0,"texture":"#0","tintindex":0},"up":{"uv":[4.4375,9.5625,4.3125,9.4375],"rotation":0,"texture":"#0","tintindex":0},"down":{"uv":[9.5625,4.3125,9.4375,4.4375],"rotation":0,"texture":"#0","tintindex":0}}},{"from":[5.155323,12.331787,4.5513797],"to":[10.083534,13.907161,7.193876],"rotation":{"angle":-22.5,"axis":"x","origin":[7.6194286,13.519474,6.158342]},"faces":{"east":{"uv":[7.75,4.0,8.125,4.25],"rotation":0,"texture":"#0","tintindex":0},"south":{"uv":[5.0,6.875,5.625,7.125],"rotation":0,"texture":"#0","tintindex":0},"north":{"uv":[5.875,1.0,6.5,1.25],"rotation":0,"texture":"#0","tintindex":0},"west":{"uv":[7.75,5.375,8.125,5.625],"rotation":0,"texture":"#0","tintindex":0},"up":{"uv":[6.9375,1.75,6.3125,1.375],"rotation":0,"texture":"#0","tintindex":0},"down":{"uv":[6.9375,5.4375,6.3125,5.8125],"rotation":0,"texture":"#0","tintindex":0}}},{"from":[5.726752,8.281436,3.6759257],"to":[9.512105,10.428238,4.6041365],"rotation":{"angle":0.0,"axis":"y","origin":[10.50026,3.9413805,6.3686023]},"faces":{"east":{"uv":[4.1875,9.0625,4.3125,9.3125],"rotation":0,"texture":"#0","tintindex":0},"south":{"uv":[7.5,0.25,7.9375,0.5],"rotation":0,"texture":"#0","tintindex":0},"north":{"uv":[7.5,0.0,7.9375,0.25],"rotation":0,"texture":"#0","tintindex":0},"west":{"uv":[0.875,9.125,1.0,9.375],"rotation":0,"texture":"#0","tintindex":0},"up":{"uv":[8.75,7.0,8.3125,6.875],"rotation":0,"texture":"#0","tintindex":0},"down":{"uv":[8.875,1.1875,8.4375,1.3125],"rotation":0,"texture":"#0","tintindex":0}}},{"from":[4.5838947,9.538579,5.4473543],"to":[10.654963,11.685381,8.08985],"rotation":{"angle":-22.5,"axis":"x","origin":[8.762286,9.354837,4.140031]},"faces":{"east":{"uv":[6.125,3.1875,6.4375,3.4375],"rotation":0,"texture":"#0","tintindex":0},"south":{"uv":[6.6875,5.8125,7.375,6.0625],"rotation":0,"texture":"#0","tintindex":0},"north":{"uv":[6.6875,4.625,7.375,4.875],"rotation":0,"texture":"#0","tintindex":0},"west":{"uv":[8.0,4.25,8.3125,4.5],"rotation":0,"texture":"#0","tintindex":0},"up":{"uv":[7.125,3.875,6.4375,3.5625],"rotation":0,"texture":"#0","tintindex":0},"down":{"uv":[7.125,6.25,6.4375,6.5625],"rotation":0,"texture":"#0","tintindex":0}}},{"from":[4.612466,9.938579,4.133069],"to":[10.62639,12.0853815,7.3469934],"rotation":{"angle":0.0,"axis":"y","origin":[9.305143,9.354837,4.140031]},"faces":{"east":{"uv":[5.125,5.625,5.5,5.875],"rotation":0,"texture":"#0","tintindex":0},"south":{"uv":[6.6875,4.375,7.375,4.625],"rotation":0,"texture":"#0","tintindex":0},"north":{"uv":[6.6875,0.875,7.375,1.125],"rotation":0,"texture":"#0","tintindex":0},"west":{"uv":[7.6875,1.0,8.0625,1.25],"rotation":0,"texture":"#0","tintindex":0},"up":{"uv":[6.625,2.3125,5.9375,1.9375],"rotation":0,"texture":"#0","tintindex":0},"down":{"uv":[6.6875,5.875,6.0,6.25],"rotation":0,"texture":"#0","tintindex":0}}},{"from":[4.869609,8.052864,7.5044975],"to":[10.369248,11.342524,10.146994],"rotation":{"angle":0.0,"axis":"y","origin":[9.643118,3.9413805,6.3686023]},"faces":{"east":{"uv":[7.4375,1.625,7.75,2.0],"rotation":0,"texture":"#0","tintindex":0},"south":{"uv":[6.4375,3.1875,7.0625,3.5625],"rotation":0,"texture":"#0","tintindex":0},"north":{"uv":[6.375,5.0,7.0,5.375],"rotation":0,"texture":"#0","tintindex":0},"west":{"uv":[4.5625,7.4375,4.875,7.8125],"rotation":0,"texture":"#0","tintindex":0},"up":{"uv":[5.75,6.875,5.125,6.5625],"rotation":0,"texture":"#0","tintindex":0},"down":{"uv":[7.0625,6.5625,6.4375,6.875],"rotation":0,"texture":"#0","tintindex":0}}},{"from":[5.3267517,7.481436,6.1330686],"to":[5.6835337,9.628239,9.346993],"rotation":{"angle":-22.5,"axis":"x","origin":[5.048,8.269123,7.9686027]},"faces":{"east":{"uv":[7.75,5.625,8.125,5.875],"rotation":0,"texture":"#0","tintindex":0},"south":{"uv":[7.5625,8.625,7.625,8.875],"rotation":0,"texture":"#0","tintindex":0},"north":{"uv":[4.8125,7.8125,4.875,8.0625],"rotation":0,"texture":"#0","tintindex":0},"west":{"uv":[6.8125,7.75,7.1875,8.0],"rotation":0,"texture":"#0","tintindex":0},"up":{"uv":[1.3125,7.4375,1.25,7.0625],"rotation":0,"texture":"#0","tintindex":0},"down":{"uv":[4.4375,7.5625,4.375,7.9375],"rotation":0,"texture":"#0","tintindex":0}}},{"from":[9.555324,7.481436,6.1330686],"to":[9.912106,9.628239,9.346993],"rotation":{"angle":-22.5,"axis":"x","origin":[10.190857,8.269123,7.9686027]},"faces":{"east":{"uv":[7.8125,3.375,8.1875,3.625],"rotation":0,"texture":"#0","tintindex":0},"south":{"uv":[1.75,9.4375,1.8125,9.6875],"rotation":0,"texture":"#0","tintindex":0},"north":{"uv":[5.375,9.375,5.4375,9.625],"rotation":0,"texture":"#0","tintindex":0},"west":{"uv":[7.8125,6.1875,8.1875,6.4375],"rotation":0,"texture":"#0","tintindex":0},"up":{"uv":[2.75,8.5,2.6875,8.125],"rotation":0,"texture":"#0","tintindex":0},"down":{"uv":[2.75,9.25,2.6875,9.625],"rotation":0,"texture":"#0","tintindex":0}}},{"from":[4.87018,7.596293,7.73364],"to":[10.368677,8.599095,9.803565],"rotation":{"angle":0.0,"axis":"y","origin":[9.643118,3.9413805,6.3686023]},"faces":{"east":{"uv":[7.125,0.75,7.375,0.875],"rotation":0,"texture":"#0","tintindex":0},"south":{"uv":[7.375,8.0,8.0,8.125],"rotation":0,"texture":"#0","tintindex":0},"north":{"uv":[8.0,5.1875,8.625,5.3125],"rotation":0,"texture":"#0","tintindex":0},"west":{"uv":[7.5,3.6875,7.75,3.8125],"rotation":0,"texture":"#0","tintindex":0},"up":{"uv":[6.9375,7.125,6.3125,6.875],"rotation":0,"texture":"#0","tintindex":0},"down":{"uv":[7.5625,1.375,6.9375,1.625],"rotation":0,"texture":"#0","tintindex":0}}},{"from":[6.0195065,8.118533,8.384109],"to":[9.219351,11.849655,8.958011],"rotation":{"angle":0.0,"axis":"y","origin":[9.642547,3.9413805,6.3686023]},"faces":{"east":{"uv":[5.5,9.1875,5.5625,9.625],"rotation":0,"texture":"#0","tintindex":0},"south":{"uv":[5.75,6.8125,6.125,7.25],"rotation":0,"texture":"#0","tintindex":0},"north":{"uv":[2.8125,6.8125,3.1875,7.25],"rotation":0,"texture":"#0","tintindex":0},"west":{"uv":[5.5625,9.1875,5.625,9.625],"rotation":0,"texture":"#0","tintindex":0},"up":{"uv":[6.6875,5.875,6.3125,5.8125],"rotation":0,"texture":"#0","tintindex":0},"down":{"uv":[9.4375,8.0,9.0625,8.0625],"rotation":0,"texture":"#0","tintindex":0}}},{"from":[5.638935,7.7343454,7.0612426],"to":[9.599922,9.016682,8.539382],"rotation":{"angle":0.0,"axis":"y","origin":[8.957518,3.9413805,6.3686023]},"faces":{"east":{"uv":[6.8125,9.25,7.0,9.375],"rotation":0,"texture":"#0","tintindex":0},"south":{"uv":[8.4375,6.375,8.875,6.5],"rotation":0,"texture":"#0","tintindex":0},"north":{"uv":[8.4375,5.0625,8.875,5.1875],"rotation":0,"texture":"#0","tintindex":0},"west":{"uv":[9.25,7.0,9.4375,7.125],"rotation":0,"texture":"#0","tintindex":0},"up":{"uv":[4.1875,8.0625,3.75,7.875],"rotation":0,"texture":"#0","tintindex":0},"down":{"uv":[8.3125,6.4375,7.875,6.625],"rotation":0,"texture":"#0","tintindex":0}}},{"from":[5.6313233,7.6892486,7.510317],"to":[9.607533,8.948179,8.47088],"rotation":{"angle":0.0,"axis":"y","origin":[8.957518,3.9413805,6.3686023]},"faces":{"east":{"uv":[9.4375,4.4375,9.5625,4.5625],"rotation":0,"texture":"#0","tintindex":0},"south":{"uv":[8.4375,6.625,8.875,6.75],"rotation":0,"texture":"#0","tintindex":0},"north":{"uv":[8.4375,6.5,8.875,6.625],"rotation":0,"texture":"#0","tintindex":0},"west":{"uv":[4.5625,9.4375,4.6875,9.5625],"rotation":0,"texture":"#0","tintindex":0},"up":{"uv":[8.875,6.875,8.4375,6.75],"rotation":0,"texture":"#0","tintindex":0},"down":{"uv":[8.9375,2.375,8.5,2.5],"rotation":0,"texture":"#0","tintindex":0}}},{"from":[5.9287777,11.75008,4.6082706],"to":[9.31008,12.840342,7.22234],"rotation":{"angle":-22.5,"axis":"x","origin":[7.276914,11.94341,5.915305]},"faces":{"east":{"uv":[8.75,3.8125,9.0625,3.9375],"rotation":0,"texture":"#0","tintindex":0},"south":{"uv":[8.5625,7.0,8.9375,7.125],"rotation":0,"texture":"#0","tintindex":0},"north":{"uv":[6.6875,3.0625,7.0625,3.1875],"rotation":0,"texture":"#0","tintindex":0},"west":{"uv":[8.75,5.5625,9.0625,5.6875],"rotation":0,"texture":"#0","tintindex":0},"up":{"uv":[7.75,6.0625,7.375,5.75],"rotation":0,"texture":"#0","tintindex":0},"down":{"uv":[7.1875,7.4375,6.8125,7.75],"rotation":0,"texture":"#0","tintindex":0}}},{"from":[6.0031414,12.05233,6.2436624],"to":[9.235716,13.450549,8.202616],"rotation":{"angle":22.5,"axis":"x","origin":[7.2388573,11.94341,5.915305]},"faces":{"east":{"uv":[2.5,8.5,2.75,8.6875],"rotation":0,"texture":"#0","tintindex":0},"south":{"uv":[8.0625,4.6875,8.4375,4.875],"rotation":0,"texture":"#0","tintindex":0},"north":{"uv":[8.0625,3.1875,8.4375,3.375],"rotation":0,"texture":"#0","tintindex":0},"west":{"uv":[0.375,8.5625,0.625,8.75],"rotation":0,"texture":"#0","tintindex":0},"up":{"uv":[8.1875,7.25,7.8125,7.0],"rotation":0,"texture":"#0","tintindex":0},"down":{"uv":[8.1875,7.4375,7.8125,7.6875],"rotation":0,"texture":"#0","tintindex":0}}},{"from":[6.15537,11.73728,7.8994784],"to":[9.083487,12.94293,8.632611],"rotation":{"angle":45.0,"axis":"x","origin":[8.152228,11.9914255,7.5071096]},"faces":{"east":{"uv":[4.375,9.25,4.5,9.4375],"rotation":0,"texture":"#0","tintindex":0},"south":{"uv":[8.125,2.375,8.5,2.5625],"rotation":0,"texture":"#0","tintindex":0},"north":{"uv":[8.0625,5.0,8.4375,5.1875],"rotation":0,"texture":"#0","tintindex":0},"west":{"uv":[5.8125,9.25,5.9375,9.4375],"rotation":0,"texture":"#0","tintindex":0},"up":{"uv":[8.9375,7.5625,8.5625,7.4375],"rotation":0,"texture":"#0","tintindex":0},"down":{"uv":[8.375,8.5625,8.0,8.6875],"rotation":0,"texture":"#0","tintindex":0}}}],"textures":{"0":"modelengine:entity/nocsy_skeleton_necromancer_skin"},"display":{"head":{"translation":[0.0,-6.4,0.0],"scale":[4.0,4.0,4.0]}}}