{"elements":[{"from":[6.6078696,6.1110125,8.190286],"to":[9.39213,8.805458,9.088434],"rotation":{"angle":0.0,"axis":"y","origin":[5.3504615,14.733239,6.3939886]},"faces":{"east":{"uv":[8.8125,7.875,8.9375,8.1875],"rotation":0,"texture":"#0","tintindex":0},"south":{"uv":[7.5,3.375,7.8125,3.6875],"rotation":0,"texture":"#0","tintindex":0},"north":{"uv":[7.125,2.75,7.4375,3.0625],"rotation":0,"texture":"#0","tintindex":0},"west":{"uv":[8.25,8.8125,8.375,9.125],"rotation":0,"texture":"#0","tintindex":0},"up":{"uv":[9.0625,7.0,8.75,6.875],"rotation":0,"texture":"#0","tintindex":0},"down":{"uv":[9.0625,8.5625,8.75,8.6875],"rotation":0,"texture":"#0","tintindex":0}}},{"from":[4.8571424,6.739584,4.1902857],"to":[11.142858,8.45387,9.333143],"rotation":{"angle":0.0,"axis":"y","origin":[9.31402,13.647525,6.3939886]},"faces":{"east":{"uv":[5.25,3.4375,5.8125,3.625],"rotation":0,"texture":"#0","tintindex":0},"south":{"uv":[7.375,5.0,8.0625,5.1875],"rotation":0,"texture":"#0","tintindex":0},"north":{"uv":[7.375,4.6875,8.0625,4.875],"rotation":0,"texture":"#0","tintindex":0},"west":{"uv":[7.5,0.5,8.0625,0.6875],"rotation":0,"texture":"#0","tintindex":0},"up":{"uv":[5.8125,4.1875,5.125,3.625],"rotation":0,"texture":"#0","tintindex":0},"down":{"uv":[5.9375,2.0,5.25,2.5625],"rotation":0,"texture":"#0","tintindex":0}}},{"from":[6.7771425,6.739584,3.7331429],"to":[9.062857,9.025298,4.304571],"rotation":{"angle":-45.0,"axis":"z","origin":[7.92,7.596727,4.476]},"faces":{"east":{"uv":[3.4375,9.4375,3.5,9.6875],"rotation":0,"texture":"#0","tintindex":0},"south":{"uv":[1.0,7.625,1.25,7.875],"rotation":0,"texture":"#0","tintindex":0},"north":{"uv":[5.75,6.5625,6.0,6.8125],"rotation":0,"texture":"#0","tintindex":0},"west":{"uv":[4.4375,9.4375,4.5,9.6875],"rotation":0,"texture":"#0","tintindex":0},"up":{"uv":[6.6875,3.9375,6.4375,3.875],"rotation":0,"texture":"#0","tintindex":0},"down":{"uv":[7.8125,6.1875,7.5625,6.25],"rotation":0,"texture":"#0","tintindex":0}}},{"from":[6.4342856,6.45387,3.6759996],"to":[7.12,8.853869,4.3617144],"rotation":{"angle":-45.0,"axis":"z","origin":[7.92,7.3681555,4.476]},"faces":{"east":{"uv":[9.4375,5.0625,9.5,5.3125],"rotation":0,"texture":"#0","tintindex":0},"south":{"uv":[5.1875,9.4375,5.25,9.6875],"rotation":0,"texture":"#0","tintindex":0},"north":{"uv":[4.8125,9.4375,4.875,9.6875],"rotation":0,"texture":"#0","tintindex":0},"west":{"uv":[5.25,9.4375,5.3125,9.6875],"rotation":0,"texture":"#0","tintindex":0},"up":{"uv":[7.5625,6.625,7.5,6.5625],"rotation":0,"texture":"#0","tintindex":0},"down":{"uv":[8.0625,0.9375,8.0,1.0],"rotation":0,"texture":"#0","tintindex":0}}},{"from":[8.885715,6.1624413,3.6702852],"to":[9.582857,8.859584,4.367429],"rotation":{"angle":45.0,"axis":"z","origin":[7.92,7.3681555,4.476]},"faces":{"east":{"uv":[2.375,7.25,2.4375,7.5625],"rotation":0,"texture":"#0","tintindex":0},"south":{"uv":[0.125,7.75,0.1875,8.0625],"rotation":0,"texture":"#0","tintindex":0},"north":{"uv":[1.5,6.3125,1.5625,6.625],"rotation":0,"texture":"#0","tintindex":0},"west":{"uv":[3.0,8.0,3.0625,8.3125],"rotation":0,"texture":"#0","tintindex":0},"up":{"uv":[8.125,4.0,8.0625,3.9375],"rotation":0,"texture":"#0","tintindex":0},"down":{"uv":[8.1875,5.8125,8.125,5.875],"rotation":0,"texture":"#0","tintindex":0}}},{"from":[9.005714,6.6574445,3.6759996],"to":[9.691428,9.228873,4.3617144],"rotation":{"angle":-45.0,"axis":"z","origin":[7.92,8.143159,4.476]},"faces":{"east":{"uv":[9.4375,5.3125,9.5,5.5625],"rotation":0,"texture":"#0","tintindex":0},"south":{"uv":[5.8125,9.4375,5.875,9.6875],"rotation":0,"texture":"#0","tintindex":0},"north":{"uv":[5.3125,9.4375,5.375,9.6875],"rotation":0,"texture":"#0","tintindex":0},"west":{"uv":[5.875,9.4375,5.9375,9.6875],"rotation":0,"texture":"#0","tintindex":0},"up":{"uv":[8.25,7.25,8.1875,7.1875],"rotation":0,"texture":"#0","tintindex":0},"down":{"uv":[8.25,7.625,8.1875,7.6875],"rotation":0,"texture":"#0","tintindex":0}}},{"from":[6.3714285,6.366016,3.6702852],"to":[7.0685716,9.063159,4.367429],"rotation":{"angle":45.0,"axis":"z","origin":[7.92,8.143159,4.476]},"faces":{"east":{"uv":[3.875,8.375,3.9375,8.6875],"rotation":0,"texture":"#0","tintindex":0},"south":{"uv":[4.75,8.4375,4.8125,8.75],"rotation":0,"texture":"#0","tintindex":0},"north":{"uv":[5.0625,8.3125,5.125,8.625],"rotation":0,"texture":"#0","tintindex":0},"west":{"uv":[6.4375,9.3125,6.5,9.625],"rotation":0,"texture":"#0","tintindex":0},"up":{"uv":[3.1875,8.375,3.125,8.3125],"rotation":0,"texture":"#0","tintindex":0},"down":{"uv":[8.625,2.125,8.5625,2.1875],"rotation":0,"texture":"#0","tintindex":0}}},{"from":[4.5142856,8.282441,3.9045715],"to":[11.485714,8.968156,9.733143],"rotation":{"angle":0.0,"axis":"y","origin":[9.028306,13.647525,6.3939886]},"faces":{"east":{"uv":[8.6875,0.125,9.3125,0.1875],"rotation":0,"texture":"#0","tintindex":0},"south":{"uv":[2.5,5.5625,3.25,5.625],"rotation":0,"texture":"#0","tintindex":0},"north":{"uv":[0.875,4.1875,1.625,4.25],"rotation":0,"texture":"#0","tintindex":0},"west":{"uv":[8.75,1.6875,9.375,1.75],"rotation":0,"texture":"#0","tintindex":0},"up":{"uv":[3.25,5.5625,2.5,4.9375],"rotation":0,"texture":"#0","tintindex":0},"down":{"uv":[4.0,5.0,3.25,5.625],"rotation":0,"texture":"#0","tintindex":0}}},{"from":[4.285714,6.739584,4.761714],"to":[11.714286,8.45387,8.761714],"rotation":{"angle":0.0,"axis":"y","origin":[9.31402,13.647525,6.3939886]},"faces":{"east":{"uv":[7.875,6.625,8.3125,6.8125],"rotation":0,"texture":"#0","tintindex":0},"south":{"uv":[6.9375,5.5625,7.75,5.75],"rotation":0,"texture":"#0","tintindex":0},"north":{"uv":[6.9375,5.375,7.75,5.5625],"rotation":0,"texture":"#0","tintindex":0},"west":{"uv":[7.9375,0.0,8.375,0.1875],"rotation":0,"texture":"#0","tintindex":0},"up":{"uv":[6.3125,5.875,5.5,5.4375],"rotation":0,"texture":"#0","tintindex":0},"down":{"uv":[3.3125,5.625,2.5,6.0625],"rotation":0,"texture":"#0","tintindex":0}}},{"from":[3.9428568,8.268155,4.7045717],"to":[12.057143,8.95387,8.818857],"rotation":{"angle":0.0,"axis":"y","origin":[9.599735,13.647525,6.3939886]},"faces":{"east":{"uv":[7.8125,7.25,8.25,7.3125],"rotation":0,"texture":"#0","tintindex":0},"south":{"uv":[8.4375,1.3125,9.3125,1.375],"rotation":0,"texture":"#0","tintindex":0},"north":{"uv":[8.25,7.375,9.125,7.4375],"rotation":0,"texture":"#0","tintindex":0},"west":{"uv":[7.875,6.8125,8.3125,6.875],"rotation":0,"texture":"#0","tintindex":0},"up":{"uv":[6.125,3.0,5.25,2.5625],"rotation":0,"texture":"#0","tintindex":0},"down":{"uv":[6.125,3.0,5.25,3.4375],"rotation":0,"texture":"#0","tintindex":0}}},{"from":[4.5714283,6.5681553,3.9617143],"to":[11.428572,7.139584,9.676001],"rotation":{"angle":0.0,"axis":"y","origin":[9.028306,13.647525,6.3939886]},"faces":{"east":{"uv":[8.8125,5.9375,9.4375,6.0],"rotation":0,"texture":"#0","tintindex":0},"south":{"uv":[8.5625,3.75,9.3125,3.8125],"rotation":0,"texture":"#0","tintindex":0},"north":{"uv":[8.5625,2.8125,9.3125,2.875],"rotation":0,"texture":"#0","tintindex":0},"west":{"uv":[8.8125,6.0,9.4375,6.0625],"rotation":0,"texture":"#0","tintindex":0},"up":{"uv":[4.75,5.625,4.0,5.0],"rotation":0,"texture":"#0","tintindex":0},"down":{"uv":[5.75,4.25,5.0,4.875],"rotation":0,"texture":"#0","tintindex":0}}},{"from":[4.0,6.5538697,4.761714],"to":[12.0,7.1252985,8.761714],"rotation":{"angle":0.0,"axis":"y","origin":[9.599735,13.647525,6.3939886]},"faces":{"east":{"uv":[8.0,4.5,8.4375,4.5625],"rotation":0,"texture":"#0","tintindex":0},"south":{"uv":[8.5,3.0,9.375,3.0625],"rotation":0,"texture":"#0","tintindex":0},"north":{"uv":[8.5,2.5,9.375,2.5625],"rotation":0,"texture":"#0","tintindex":0},"west":{"uv":[8.0625,2.875,8.5,2.9375],"rotation":0,"texture":"#0","tintindex":0},"up":{"uv":[2.5,5.9375,1.625,5.5],"rotation":0,"texture":"#0","tintindex":0},"down":{"uv":[6.375,5.0,5.5,5.4375],"rotation":0,"texture":"#0","tintindex":0}}},{"from":[4.802591,6.1020308,8.540564],"to":[7.0659256,8.81444,9.54649],"rotation":{"angle":-22.5,"axis":"y","origin":[8.0,8.356384,8.190286]},"faces":{"east":{"uv":[8.375,8.8125,8.5,9.125],"rotation":0,"texture":"#0","tintindex":0},"south":{"uv":[6.8125,8.0,7.0625,8.3125],"rotation":0,"texture":"#0","tintindex":0},"north":{"uv":[6.0,8.0,6.25,8.3125],"rotation":0,"texture":"#0","tintindex":0},"west":{"uv":[8.5,8.8125,8.625,9.125],"rotation":0,"texture":"#0","tintindex":0},"up":{"uv":[9.3125,5.6875,9.0625,5.5625],"rotation":0,"texture":"#0","tintindex":0},"down":{"uv":[9.3125,6.875,9.0625,7.0],"rotation":0,"texture":"#0","tintindex":0}}},{"from":[4.802591,6.1020308,8.540564],"to":[4.8140197,8.81444,9.54649],"rotation":{"angle":-22.5,"axis":"y","origin":[8.0,8.356384,8.190286]},"faces":{"east":{"uv":[8.625,8.8125,8.75,9.125],"rotation":0,"texture":"#0","tintindex":0},"south":{"uv":[0.0,0.0,0.0,0.3125],"rotation":0,"texture":"#0","tintindex":0},"north":{"uv":[0.0,0.0,0.0,0.3125],"rotation":0,"texture":"#0","tintindex":0},"west":{"uv":[8.75,8.8125,8.875,9.125],"rotation":0,"texture":"#0","tintindex":0},"up":{"uv":[0.0,0.125,0.0,0.0],"rotation":0,"texture":"#0","tintindex":0},"down":{"uv":[0.0,0.0,0.0,0.125],"rotation":0,"texture":"#0","tintindex":0}}},{"from":[4.820554,6.119994,6.7622294],"to":[5.790554,8.796476,9.438712],"rotation":{"angle":-22.5,"axis":"y","origin":[8.0,8.356384,8.190286]},"faces":{"east":{"uv":[7.5,6.25,7.8125,6.5625],"rotation":0,"texture":"#0","tintindex":0},"south":{"uv":[1.875,8.875,2.0,9.1875],"rotation":0,"texture":"#0","tintindex":0},"north":{"uv":[8.875,1.375,9.0,1.6875],"rotation":0,"texture":"#0","tintindex":0},"west":{"uv":[7.5,7.0,7.8125,7.3125],"rotation":0,"texture":"#0","tintindex":0},"up":{"uv":[2.125,9.1875,2.0,8.875],"rotation":0,"texture":"#0","tintindex":0},"down":{"uv":[2.25,8.875,2.125,9.1875],"rotation":0,"texture":"#0","tintindex":0}}},{"from":[8.934074,6.1020308,8.540564],"to":[11.197409,8.81444,9.54649],"rotation":{"angle":22.5,"axis":"y","origin":[8.0,8.356384,8.190286]},"faces":{"east":{"uv":[8.875,6.375,9.0,6.6875],"rotation":0,"texture":"#0","tintindex":0},"south":{"uv":[8.0,8.0,8.25,8.3125],"rotation":0,"texture":"#0","tintindex":0},"north":{"uv":[8.0,7.6875,8.25,8.0],"rotation":0,"texture":"#0","tintindex":0},"west":{"uv":[7.5625,8.875,7.6875,9.1875],"rotation":0,"texture":"#0","tintindex":0},"up":{"uv":[9.3125,8.6875,9.0625,8.5625],"rotation":0,"texture":"#0","tintindex":0},"down":{"uv":[9.375,0.375,9.125,0.5],"rotation":0,"texture":"#0","tintindex":0}}},{"from":[10.209446,6.119994,6.7622294],"to":[11.179446,8.796476,9.438712],"rotation":{"angle":22.5,"axis":"y","origin":[8.0,8.356384,8.190286]},"faces":{"east":{"uv":[3.3125,7.5625,3.625,7.875],"rotation":0,"texture":"#0","tintindex":0},"south":{"uv":[2.375,8.9375,2.5,9.25],"rotation":0,"texture":"#0","tintindex":0},"north":{"uv":[8.875,8.6875,9.0,9.0],"rotation":0,"texture":"#0","tintindex":0},"west":{"uv":[3.625,7.5625,3.9375,7.875],"rotation":0,"texture":"#0","tintindex":0},"up":{"uv":[2.625,9.25,2.5,8.9375],"rotation":0,"texture":"#0","tintindex":0},"down":{"uv":[2.75,8.9375,2.625,9.25],"rotation":0,"texture":"#0","tintindex":0}}},{"from":[9.095906,6.838513,4.9861298],"to":[10.065907,8.257587,6.9440937],"rotation":{"angle":45.0,"axis":"y","origin":[9.401277,7.098976,5.47113]},"faces":{"east":{"uv":[9.0,4.5625,9.1875,4.75],"rotation":0,"texture":"#0","tintindex":0},"south":{"uv":[9.25,7.3125,9.375,7.5],"rotation":0,"texture":"#0","tintindex":0},"north":{"uv":[9.25,7.125,9.375,7.3125],"rotation":0,"texture":"#0","tintindex":0},"west":{"uv":[9.0,4.75,9.1875,4.9375],"rotation":0,"texture":"#0","tintindex":0},"up":{"uv":[7.5625,9.4375,7.4375,9.25],"rotation":0,"texture":"#0","tintindex":0},"down":{"uv":[9.375,7.5,9.25,7.6875],"rotation":0,"texture":"#0","tintindex":0}}},{"from":[9.455166,6.4792533,4.537056],"to":[10.065907,7.1798096,6.225575],"rotation":{"angle":22.5,"axis":"y","origin":[9.401277,7.098976,5.47113]},"faces":{"east":{"uv":[5.75,1.9375,5.9375,2.0],"rotation":0,"texture":"#0","tintindex":0},"south":{"uv":[8.5625,7.125,8.625,7.1875],"rotation":0,"texture":"#0","tintindex":0},"north":{"uv":[8.5625,5.9375,8.625,6.0],"rotation":0,"texture":"#0","tintindex":0},"west":{"uv":[6.5,1.0625,6.6875,1.125],"rotation":0,"texture":"#0","tintindex":0},"up":{"uv":[6.9375,9.6875,6.875,9.5],"rotation":0,"texture":"#0","tintindex":0},"down":{"uv":[7.0,9.5,6.9375,9.6875],"rotation":0,"texture":"#0","tintindex":0}}},{"from":[5.9340935,6.838513,4.9861298],"to":[6.904094,8.257587,6.9440937],"rotation":{"angle":-45.0,"axis":"y","origin":[6.5987234,7.098976,5.47113]},"faces":{"east":{"uv":[9.0,5.1875,9.1875,5.375],"rotation":0,"texture":"#0","tintindex":0},"south":{"uv":[8.125,9.25,8.25,9.4375],"rotation":0,"texture":"#0","tintindex":0},"north":{"uv":[9.25,7.6875,9.375,7.875],"rotation":0,"texture":"#0","tintindex":0},"west":{"uv":[9.0,5.375,9.1875,5.5625],"rotation":0,"texture":"#0","tintindex":0},"up":{"uv":[9.375,8.5,9.25,8.3125],"rotation":0,"texture":"#0","tintindex":0},"down":{"uv":[9.375,8.8125,9.25,9.0],"rotation":0,"texture":"#0","tintindex":0}}},{"from":[5.9340935,6.4792533,4.537056],"to":[6.5448346,7.1798096,6.225575],"rotation":{"angle":-22.5,"axis":"y","origin":[6.5987234,7.098976,5.47113]},"faces":{"east":{"uv":[1.3125,7.375,1.5,7.4375],"rotation":0,"texture":"#0","tintindex":0},"south":{"uv":[0.8125,9.0625,0.875,9.125],"rotation":0,"texture":"#0","tintindex":0},"north":{"uv":[8.5625,7.5625,8.625,7.625],"rotation":0,"texture":"#0","tintindex":0},"west":{"uv":[7.5,0.6875,7.6875,0.75],"rotation":0,"texture":"#0","tintindex":0},"up":{"uv":[7.125,9.6875,7.0625,9.5],"rotation":0,"texture":"#0","tintindex":0},"down":{"uv":[7.1875,9.5,7.125,9.6875],"rotation":0,"texture":"#0","tintindex":0}}}],"textures":{"0":"modelengine:entity/nocsy_skeleton_necromancer_skin"},"display":{"head":{"translation":[0.0,-6.4,0.0],"scale":[4.0,4.0,4.0]}}}