{"elements":[{"from":[6.1130376,5.822795,3.362268],"to":[9.886963,6.8153114,8.27905],"rotation":{"angle":0.0,"axis":"y","origin":[10.137975,2.6198826,4.849231]},"faces":{"east":{"uv":[8.125,3.9375,8.6875,4.0625],"rotation":0,"texture":"#0","tintindex":0},"south":{"uv":[7.1875,8.5,7.625,8.625],"rotation":0,"texture":"#0","tintindex":0},"north":{"uv":[8.5,2.875,8.9375,3.0],"rotation":0,"texture":"#0","tintindex":0},"west":{"uv":[8.125,4.0625,8.6875,4.1875],"rotation":0,"texture":"#0","tintindex":0},"up":{"uv":[6.4375,6.8125,6.0,6.25],"rotation":0,"texture":"#0","tintindex":0},"down":{"uv":[0.4375,6.3125,0.0,6.875],"rotation":0,"texture":"#0","tintindex":0}}},{"from":[6.5714283,5.4170804,3.985125],"to":[9.428572,5.988509,7.9851255],"rotation":{"angle":0.0,"axis":"y","origin":[9.630651,2.6198826,4.849231]},"faces":{"east":{"uv":[6.9375,5.75,7.375,5.8125],"rotation":0,"texture":"#0","tintindex":0},"south":{"uv":[9.3125,5.625,9.625,5.6875],"rotation":0,"texture":"#0","tintindex":0},"north":{"uv":[7.125,3.8125,7.4375,3.875],"rotation":0,"texture":"#0","tintindex":0},"west":{"uv":[7.25,1.1875,7.6875,1.25],"rotation":0,"texture":"#0","tintindex":0},"up":{"uv":[7.5,7.4375,7.1875,7.0],"rotation":0,"texture":"#0","tintindex":0},"down":{"uv":[3.125,7.25,2.8125,7.6875],"rotation":0,"texture":"#0","tintindex":0}}},{"from":[6.118752,5.828509,3.7108393],"to":[8.166963,6.809597,8.616193],"rotation":{"angle":45.0,"axis":"y","origin":[8.0,6.6047673,5.877802]},"faces":{"east":{"uv":[8.125,5.6875,8.6875,5.8125],"rotation":0,"texture":"#0","tintindex":0},"south":{"uv":[9.0,6.1875,9.25,6.3125],"rotation":0,"texture":"#0","tintindex":0},"north":{"uv":[9.0,4.9375,9.25,5.0625],"rotation":0,"texture":"#0","tintindex":0},"west":{"uv":[8.1875,1.375,8.75,1.5],"rotation":0,"texture":"#0","tintindex":0},"up":{"uv":[0.4375,7.4375,0.1875,6.875],"rotation":0,"texture":"#0","tintindex":0},"down":{"uv":[7.1875,6.875,6.9375,7.4375],"rotation":0,"texture":"#0","tintindex":0}}},{"from":[7.833038,5.828509,3.7108393],"to":[9.881248,6.809597,8.616193],"rotation":{"angle":-45.0,"axis":"y","origin":[8.0,6.6047673,5.877802]},"faces":{"east":{"uv":[8.1875,1.5,8.75,1.625],"rotation":0,"texture":"#0","tintindex":0},"south":{"uv":[9.0625,0.0,9.3125,0.125],"rotation":0,"texture":"#0","tintindex":0},"north":{"uv":[9.0,6.5625,9.25,6.6875],"rotation":0,"texture":"#0","tintindex":0},"west":{"uv":[8.1875,1.625,8.75,1.75],"rotation":0,"texture":"#0","tintindex":0},"up":{"uv":[0.6875,7.625,0.4375,7.0625],"rotation":0,"texture":"#0","tintindex":0},"down":{"uv":[1.25,7.0625,1.0,7.625],"rotation":0,"texture":"#0","tintindex":0}}},{"from":[6.1130376,6.394223,3.7051253],"to":[9.315534,7.3867397,4.621907],"rotation":{"angle":45.0,"axis":"y","origin":[8.0,7.176196,5.877802]},"faces":{"east":{"uv":[9.4375,4.5625,9.5625,4.6875],"rotation":0,"texture":"#0","tintindex":0},"south":{"uv":[8.625,0.4375,9.0,0.5625],"rotation":0,"texture":"#0","tintindex":0},"north":{"uv":[8.375,8.5625,8.75,8.6875],"rotation":0,"texture":"#0","tintindex":0},"west":{"uv":[4.6875,9.4375,4.8125,9.5625],"rotation":0,"texture":"#0","tintindex":0},"up":{"uv":[9.0,0.6875,8.625,0.5625],"rotation":0,"texture":"#0","tintindex":0},"down":{"uv":[9.0,0.6875,8.625,0.8125],"rotation":0,"texture":"#0","tintindex":0}}},{"from":[6.107323,6.388509,3.3565536],"to":[9.892676,7.392454,4.2847643],"rotation":{"angle":0.0,"axis":"y","origin":[10.137975,3.1913114,4.849231]},"faces":{"east":{"uv":[9.4375,4.6875,9.5625,4.8125],"rotation":0,"texture":"#0","tintindex":0},"south":{"uv":[8.5,8.4375,8.9375,8.5625],"rotation":0,"texture":"#0","tintindex":0},"north":{"uv":[8.5,8.3125,8.9375,8.4375],"rotation":0,"texture":"#0","tintindex":0},"west":{"uv":[9.4375,4.8125,9.5625,4.9375],"rotation":0,"texture":"#0","tintindex":0},"up":{"uv":[9.0,0.3125,8.5625,0.1875],"rotation":0,"texture":"#0","tintindex":0},"down":{"uv":[9.0,0.3125,8.5625,0.4375],"rotation":0,"texture":"#0","tintindex":0}}},{"from":[6.6844664,6.394223,3.7051253],"to":[9.886963,7.3867397,4.621907],"rotation":{"angle":-45.0,"axis":"y","origin":[8.0,7.176196,5.877802]},"faces":{"east":{"uv":[9.4375,4.9375,9.5625,5.0625],"rotation":0,"texture":"#0","tintindex":0},"south":{"uv":[1.0,8.625,1.375,8.75],"rotation":0,"texture":"#0","tintindex":0},"north":{"uv":[8.625,0.8125,9.0,0.9375],"rotation":0,"texture":"#0","tintindex":0},"west":{"uv":[5.0625,9.4375,5.1875,9.5625],"rotation":0,"texture":"#0","tintindex":0},"up":{"uv":[9.0,2.25,8.625,2.125],"rotation":0,"texture":"#0","tintindex":0},"down":{"uv":[9.0,2.25,8.625,2.375],"rotation":0,"texture":"#0","tintindex":0}}}],"textures":{"0":"modelengine:entity/nocsy_skeleton_necromancer_skin"},"display":{"head":{"translation":[0.0,-6.4,0.0],"scale":[4.0,4.0,4.0]}}}