{"elements":[{"from":[8.642614,6.8735266,7.6374493],"to":[9.6431,8.212188,8.533979],"rotation":{"angle":0.0,"axis":"y","origin":[8.0,8.0,8.0]},"faces":{"east":{"uv":[2.4375,9.5,2.5625,9.625],"rotation":0,"texture":"#0","tintindex":0},"south":{"uv":[2.75,9.5,2.875,9.625],"rotation":0,"texture":"#0","tintindex":0},"north":{"uv":[2.25,9.5,2.375,9.625],"rotation":0,"texture":"#0","tintindex":0},"west":{"uv":[2.875,9.5,3.0,9.625],"rotation":0,"texture":"#0","tintindex":0},"up":{"uv":[3.125,9.625,3.0,9.5],"rotation":0,"texture":"#0","tintindex":0},"down":{"uv":[9.625,3.25,9.5,3.375],"rotation":0,"texture":"#0","tintindex":0}}},{"from":[8.642614,1.9020982,7.694592],"to":[9.6431,2.26933,8.3054085],"rotation":{"angle":0.0,"axis":"y","origin":[8.0,8.0,8.0]},"faces":{"east":{"uv":[9.75,7.0625,9.8125,7.125],"rotation":0,"texture":"#0","tintindex":0},"south":{"uv":[6.0625,9.6875,6.1875,9.75],"rotation":0,"texture":"#0","tintindex":0},"north":{"uv":[9.6875,5.75,9.8125,5.8125],"rotation":0,"texture":"#0","tintindex":0},"west":{"uv":[7.125,9.75,7.1875,9.8125],"rotation":0,"texture":"#0","tintindex":0},"up":{"uv":[9.8125,6.125,9.6875,6.0625],"rotation":0,"texture":"#0","tintindex":0},"down":{"uv":[9.8125,6.125,9.6875,6.1875],"rotation":0,"texture":"#0","tintindex":0}}},{"from":[8.528329,4.4163837,7.580306],"to":[9.757385,6.8979015,8.476836],"rotation":{"angle":0.0,"axis":"y","origin":[8.114285,8.0,8.0]},"faces":{"east":{"uv":[9.1875,4.6875,9.3125,4.9375],"rotation":0,"texture":"#0","tintindex":0},"south":{"uv":[9.1875,5.0625,9.3125,5.3125],"rotation":0,"texture":"#0","tintindex":0},"north":{"uv":[9.1875,4.4375,9.3125,4.6875],"rotation":0,"texture":"#0","tintindex":0},"west":{"uv":[9.1875,5.3125,9.3125,5.5625],"rotation":0,"texture":"#0","tintindex":0},"up":{"uv":[3.625,9.625,3.5,9.5],"rotation":0,"texture":"#0","tintindex":0},"down":{"uv":[4.0,9.5,3.875,9.625],"rotation":0,"texture":"#0","tintindex":0}}},{"from":[8.414043,2.244955,7.6374493],"to":[9.871671,4.4407587,8.419694],"rotation":{"angle":0.0,"axis":"y","origin":[8.228572,8.0,8.0]},"faces":{"east":{"uv":[1.1875,9.5,1.25,9.75],"rotation":0,"texture":"#0","tintindex":0},"south":{"uv":[3.125,8.6875,3.3125,8.9375],"rotation":0,"texture":"#0","tintindex":0},"north":{"uv":[2.5625,8.6875,2.75,8.9375],"rotation":0,"texture":"#0","tintindex":0},"west":{"uv":[3.25,9.5,3.3125,9.75],"rotation":0,"texture":"#0","tintindex":0},"up":{"uv":[9.75,4.5,9.5625,4.4375],"rotation":0,"texture":"#0","tintindex":0},"down":{"uv":[9.75,4.5,9.5625,4.5625],"rotation":0,"texture":"#0","tintindex":0}}}],"textures":{"0":"modelengine:entity/nocsy_skeleton_necromancer_skin"},"display":{"head":{"translation":[0.0,-6.4,0.0],"scale":[4.0,4.0,4.0]}}}