{"elements":[{"from":[7.4296083,2.4224973,7.2275925],"to":[8.16582,8.008982,8.592778],"rotation":{"angle":0.0,"axis":"y","origin":[5.574999,13.5685215,8.0]},"faces":{"east":{"uv":[1.75,8.0625,1.875,8.6875],"rotation":0,"texture":"#0","tintindex":0},"south":{"uv":[3.1875,8.9375,3.25,9.5625],"rotation":0,"texture":"#0","tintindex":0},"north":{"uv":[3.125,8.9375,3.1875,9.5625],"rotation":0,"texture":"#0","tintindex":0},"west":{"uv":[2.25,8.0625,2.375,8.6875],"rotation":0,"texture":"#0","tintindex":0},"up":{"uv":[9.0625,9.0,9.0,8.875],"rotation":0,"texture":"#0","tintindex":0},"down":{"uv":[9.6875,3.25,9.625,3.375],"rotation":0,"texture":"#0","tintindex":0}}},{"from":[6.292465,-0.42893124,3.9190207],"to":[8.006751,1.2853541,11.919021],"rotation":{"angle":0.0,"axis":"y","origin":[5.574999,13.5685215,8.0]},"faces":{"east":{"uv":[5.75,4.6875,6.625,4.875],"rotation":0,"texture":"#0","tintindex":0},"south":{"uv":[5.625,9.0,5.8125,9.1875],"rotation":0,"texture":"#0","tintindex":0},"north":{"uv":[5.4375,9.0,5.625,9.1875],"rotation":0,"texture":"#0","tintindex":0},"west":{"uv":[6.6875,6.0625,7.5625,6.25],"rotation":0,"texture":"#0","tintindex":0},"up":{"uv":[6.3125,7.6875,6.125,6.8125],"rotation":0,"texture":"#0","tintindex":0},"down":{"uv":[0.1875,6.875,0.0,7.75],"rotation":0,"texture":"#0","tintindex":0}}},{"from":[5.726751,-0.9946461,-8.646694],"to":[8.572465,1.8510685,-7.5152664],"rotation":{"angle":0.0,"axis":"y","origin":[5.574999,13.5685215,8.0]},"faces":{"east":{"uv":[4.375,8.9375,4.5,9.25],"rotation":0,"texture":"#0","tintindex":0},"south":{"uv":[7.6875,4.25,8.0,4.5625],"rotation":0,"texture":"#0","tintindex":0},"north":{"uv":[2.75,7.6875,3.0625,8.0],"rotation":0,"texture":"#0","tintindex":0},"west":{"uv":[8.9375,7.4375,9.0625,7.75],"rotation":0,"texture":"#0","tintindex":0},"up":{"uv":[9.1875,1.3125,8.875,1.1875],"rotation":0,"texture":"#0","tintindex":0},"down":{"uv":[9.1875,3.0625,8.875,3.1875],"rotation":0,"texture":"#0","tintindex":0}}},{"from":[5.721037,-1.0003605,-9.795265],"to":[6.292465,-0.42893124,-8.652409],"rotation":{"angle":0.0,"axis":"y","origin":[5.574999,13.5685215,8.0]},"faces":{"east":{"uv":[3.5,9.625,3.625,9.6875],"rotation":0,"texture":"#0","tintindex":0},"south":{"uv":[9.25,8.5,9.3125,8.5625],"rotation":0,"texture":"#0","tintindex":0},"north":{"uv":[9.1875,8.8125,9.25,8.875],"rotation":0,"texture":"#0","tintindex":0},"west":{"uv":[3.625,9.625,3.75,9.6875],"rotation":0,"texture":"#0","tintindex":0},"up":{"uv":[3.8125,9.75,3.75,9.625],"rotation":0,"texture":"#0","tintindex":0},"down":{"uv":[3.9375,9.625,3.875,9.75],"rotation":0,"texture":"#0","tintindex":0}}},{"from":[8.006751,-1.0003605,-9.795265],"to":[8.578179,-0.42893124,-8.652409],"rotation":{"angle":0.0,"axis":"y","origin":[7.860713,13.5685215,8.0]},"faces":{"east":{"uv":[3.9375,9.625,4.0625,9.6875],"rotation":0,"texture":"#0","tintindex":0},"south":{"uv":[9.375,8.4375,9.4375,8.5],"rotation":0,"texture":"#0","tintindex":0},"north":{"uv":[4.3125,9.375,4.375,9.4375],"rotation":0,"texture":"#0","tintindex":0},"west":{"uv":[4.1875,9.625,4.3125,9.6875],"rotation":0,"texture":"#0","tintindex":0},"up":{"uv":[4.125,9.75,4.0625,9.625],"rotation":0,"texture":"#0","tintindex":0},"down":{"uv":[4.625,9.625,4.5625,9.75],"rotation":0,"texture":"#0","tintindex":0}}},{"from":[8.0124655,-0.9946461,-9.2181225],"to":[8.572465,-0.43464565,-8.086695],"rotation":{"angle":-45.0,"axis":"y","origin":[8.292465,-0.7146454,-9.223837]},"faces":{"east":{"uv":[4.625,9.625,4.75,9.6875],"rotation":0,"texture":"#0","tintindex":0},"south":{"uv":[8.0625,9.6875,8.125,9.75],"rotation":0,"texture":"#0","tintindex":0},"north":{"uv":[5.875,9.6875,5.9375,9.75],"rotation":0,"texture":"#0","tintindex":0},"west":{"uv":[4.875,9.625,5.0,9.6875],"rotation":0,"texture":"#0","tintindex":0},"up":{"uv":[5.0625,9.75,5.0,9.625],"rotation":0,"texture":"#0","tintindex":0},"down":{"uv":[5.125,9.625,5.0625,9.75],"rotation":0,"texture":"#0","tintindex":0}}},{"from":[3.381287,-0.99068356,-3.8541212],"to":[3.941287,-0.4306841,-2.7226925],"rotation":{"angle":45.0,"axis":"y","origin":[-1.6346045,-2.2146454,-9.338123]},"faces":{"east":{"uv":[5.375,9.625,5.5,9.6875],"rotation":0,"texture":"#0","tintindex":0},"south":{"uv":[0.1875,9.75,0.25,9.8125],"rotation":0,"texture":"#0","tintindex":0},"north":{"uv":[8.875,9.6875,8.9375,9.75],"rotation":0,"texture":"#0","tintindex":0},"west":{"uv":[5.5,9.625,5.625,9.6875],"rotation":0,"texture":"#0","tintindex":0},"up":{"uv":[5.1875,9.75,5.125,9.625],"rotation":0,"texture":"#0","tintindex":0},"down":{"uv":[5.6875,9.625,5.625,9.75],"rotation":0,"texture":"#0","tintindex":0}}},{"from":[3.381287,1.280745,-3.8541212],"to":[3.941287,1.840745,-2.7226925],"rotation":{"angle":45.0,"axis":"y","origin":[-1.6346045,-2.2146454,-9.338123]},"faces":{"east":{"uv":[9.625,5.625,9.75,5.6875],"rotation":0,"texture":"#0","tintindex":0},"south":{"uv":[2.3125,9.75,2.375,9.8125],"rotation":0,"texture":"#0","tintindex":0},"north":{"uv":[0.875,9.75,0.9375,9.8125],"rotation":0,"texture":"#0","tintindex":0},"west":{"uv":[9.625,5.8125,9.75,5.875],"rotation":0,"texture":"#0","tintindex":0},"up":{"uv":[5.75,9.75,5.6875,9.625],"rotation":0,"texture":"#0","tintindex":0},"down":{"uv":[6.0,9.625,5.9375,9.75],"rotation":0,"texture":"#0","tintindex":0}}},{"from":[8.003031,-1.0537539,-9.224318],"to":[8.531602,-0.48232555,-8.081459],"rotation":{"angle":-45.0,"axis":"x","origin":[8.292465,-0.7146454,-9.223837]},"faces":{"east":{"uv":[9.625,5.875,9.75,5.9375],"rotation":0,"texture":"#0","tintindex":0},"south":{"uv":[9.75,4.25,9.8125,4.3125],"rotation":0,"texture":"#0","tintindex":0},"north":{"uv":[3.625,9.75,3.6875,9.8125],"rotation":0,"texture":"#0","tintindex":0},"west":{"uv":[9.625,7.0625,9.75,7.125],"rotation":0,"texture":"#0","tintindex":0},"up":{"uv":[6.0625,9.75,6.0,9.625],"rotation":0,"texture":"#0","tintindex":0},"down":{"uv":[6.5,9.625,6.4375,9.75],"rotation":0,"texture":"#0","tintindex":0}}},{"from":[5.7516017,-1.0480394,-9.218603],"to":[6.3116016,-0.48803997,-8.087173],"rotation":{"angle":-45.0,"axis":"x","origin":[8.292465,-0.7146454,-9.223837]},"faces":{"east":{"uv":[9.625,7.125,9.75,7.1875],"rotation":0,"texture":"#0","tintindex":0},"south":{"uv":[4.375,9.75,4.4375,9.8125],"rotation":0,"texture":"#0","tintindex":0},"north":{"uv":[9.75,4.3125,9.8125,4.375],"rotation":0,"texture":"#0","tintindex":0},"west":{"uv":[9.625,7.1875,9.75,7.25],"rotation":0,"texture":"#0","tintindex":0},"up":{"uv":[7.0625,9.75,7.0,9.625],"rotation":0,"texture":"#0","tintindex":0},"down":{"uv":[9.6875,8.5,9.625,8.625],"rotation":0,"texture":"#0","tintindex":0}}},{"from":[8.006751,1.2853541,-9.795265],"to":[8.578179,1.8567829,-8.652409],"rotation":{"angle":0.0,"axis":"y","origin":[7.860713,15.854236,8.0]},"faces":{"east":{"uv":[9.625,8.625,9.75,8.6875],"rotation":0,"texture":"#0","tintindex":0},"south":{"uv":[4.4375,9.75,4.5,9.8125],"rotation":0,"texture":"#0","tintindex":0},"north":{"uv":[9.75,4.375,9.8125,4.4375],"rotation":0,"texture":"#0","tintindex":0},"west":{"uv":[9.625,8.6875,9.75,8.75],"rotation":0,"texture":"#0","tintindex":0},"up":{"uv":[9.6875,8.875,9.625,8.75],"rotation":0,"texture":"#0","tintindex":0},"down":{"uv":[9.0,9.625,8.9375,9.75],"rotation":0,"texture":"#0","tintindex":0}}},{"from":[5.721037,1.2853541,-9.795265],"to":[6.292465,1.8567829,-8.652409],"rotation":{"angle":0.0,"axis":"y","origin":[5.574999,15.854236,8.0]},"faces":{"east":{"uv":[9.0,9.625,9.125,9.6875],"rotation":0,"texture":"#0","tintindex":0},"south":{"uv":[4.5,9.75,4.5625,9.8125],"rotation":0,"texture":"#0","tintindex":0},"north":{"uv":[9.75,4.4375,9.8125,4.5],"rotation":0,"texture":"#0","tintindex":0},"west":{"uv":[9.625,9.1875,9.75,9.25],"rotation":0,"texture":"#0","tintindex":0},"up":{"uv":[9.6875,9.375,9.625,9.25],"rotation":0,"texture":"#0","tintindex":0},"down":{"uv":[9.6875,9.375,9.625,9.5],"rotation":0,"texture":"#0","tintindex":0}}},{"from":[5.892465,1.4567828,-10.766693],"to":[6.1210365,1.6853542,-9.395266],"rotation":{"angle":0.0,"axis":"y","origin":[5.574999,15.854236,8.0]},"faces":{"east":{"uv":[8.125,4.1875,8.3125,4.25],"rotation":0,"texture":"#0","tintindex":0},"south":{"uv":[4.5625,9.75,4.625,9.8125],"rotation":0,"texture":"#0","tintindex":0},"north":{"uv":[9.75,4.5,9.8125,4.5625],"rotation":0,"texture":"#0","tintindex":0},"west":{"uv":[7.1875,8.4375,7.375,8.5],"rotation":0,"texture":"#0","tintindex":0},"up":{"uv":[8.0,9.6875,7.9375,9.5],"rotation":0,"texture":"#0","tintindex":0},"down":{"uv":[8.0625,9.5,8.0,9.6875],"rotation":0,"texture":"#0","tintindex":0}}},{"from":[5.892465,-0.8289318,-10.766693],"to":[6.1210365,-0.6003599,-9.395266],"rotation":{"angle":0.0,"axis":"y","origin":[5.574999,15.854236,8.0]},"faces":{"east":{"uv":[9.0,5.875,9.1875,5.9375],"rotation":0,"texture":"#0","tintindex":0},"south":{"uv":[4.625,9.75,4.6875,9.8125],"rotation":0,"texture":"#0","tintindex":0},"north":{"uv":[9.75,4.5625,9.8125,4.625],"rotation":0,"texture":"#0","tintindex":0},"west":{"uv":[9.5,5.5,9.6875,5.5625],"rotation":0,"texture":"#0","tintindex":0},"up":{"uv":[8.125,9.6875,8.0625,9.5],"rotation":0,"texture":"#0","tintindex":0},"down":{"uv":[9.5625,8.1875,9.5,8.375],"rotation":0,"texture":"#0","tintindex":0}}},{"from":[8.17818,-0.8289318,-10.766693],"to":[8.406751,-0.6003599,-9.395266],"rotation":{"angle":0.0,"axis":"y","origin":[5.574999,15.854236,8.0]},"faces":{"east":{"uv":[9.5,6.0625,9.6875,6.125],"rotation":0,"texture":"#0","tintindex":0},"south":{"uv":[4.6875,9.75,4.75,9.8125],"rotation":0,"texture":"#0","tintindex":0},"north":{"uv":[9.75,4.625,9.8125,4.6875],"rotation":0,"texture":"#0","tintindex":0},"west":{"uv":[9.5,6.125,9.6875,6.1875],"rotation":0,"texture":"#0","tintindex":0},"up":{"uv":[8.3125,9.6875,8.25,9.5],"rotation":0,"texture":"#0","tintindex":0},"down":{"uv":[8.375,9.5,8.3125,9.6875],"rotation":0,"texture":"#0","tintindex":0}}},{"from":[8.17818,1.4567828,-10.766693],"to":[8.406751,1.6853542,-9.395266],"rotation":{"angle":0.0,"axis":"y","origin":[5.574999,15.854236,8.0]},"faces":{"east":{"uv":[9.5,6.5,9.6875,6.5625],"rotation":0,"texture":"#0","tintindex":0},"south":{"uv":[4.75,9.75,4.8125,9.8125],"rotation":0,"texture":"#0","tintindex":0},"north":{"uv":[9.75,4.6875,9.8125,4.75],"rotation":0,"texture":"#0","tintindex":0},"west":{"uv":[9.5,6.6875,9.6875,6.75],"rotation":0,"texture":"#0","tintindex":0},"up":{"uv":[8.4375,9.6875,8.375,9.5],"rotation":0,"texture":"#0","tintindex":0},"down":{"uv":[8.5,9.5,8.4375,9.6875],"rotation":0,"texture":"#0","tintindex":0}}},{"from":[5.7410364,0.9482112,-9.2181225],"to":[6.301037,1.5082111,-8.086695],"rotation":{"angle":45.0,"axis":"x","origin":[6.006751,1.2282114,-8.652409]},"faces":{"east":{"uv":[9.4375,9.625,9.5625,9.6875],"rotation":0,"texture":"#0","tintindex":0},"south":{"uv":[4.8125,9.75,4.875,9.8125],"rotation":0,"texture":"#0","tintindex":0},"north":{"uv":[9.75,4.75,9.8125,4.8125],"rotation":0,"texture":"#0","tintindex":0},"west":{"uv":[9.625,9.5,9.75,9.5625],"rotation":0,"texture":"#0","tintindex":0},"up":{"uv":[9.625,9.75,9.5625,9.625],"rotation":0,"texture":"#0","tintindex":0},"down":{"uv":[9.6875,9.5625,9.625,9.6875],"rotation":0,"texture":"#0","tintindex":0}}},{"from":[8.0124655,0.9482112,-9.2181225],"to":[8.55818,1.5082111,-8.086695],"rotation":{"angle":45.0,"axis":"x","origin":[8.292465,1.2282114,-8.652409]},"faces":{"east":{"uv":[9.6875,0.0,9.8125,0.0625],"rotation":0,"texture":"#0","tintindex":0},"south":{"uv":[4.875,9.75,4.9375,9.8125],"rotation":0,"texture":"#0","tintindex":0},"north":{"uv":[9.75,4.8125,9.8125,4.875],"rotation":0,"texture":"#0","tintindex":0},"west":{"uv":[9.6875,0.0625,9.8125,0.125],"rotation":0,"texture":"#0","tintindex":0},"up":{"uv":[0.1875,9.8125,0.125,9.6875],"rotation":0,"texture":"#0","tintindex":0},"down":{"uv":[0.3125,9.6875,0.25,9.8125],"rotation":0,"texture":"#0","tintindex":0}}},{"from":[7.0924654,-3.2860746,-2.995266],"to":[7.0924654,4.713926,5.004735],"rotation":{"angle":0.0,"axis":"y","origin":[4.0892844,13.5685215,8.0]},"faces":{"east":{"uv":[2.625,3.1875,3.5,4.0625],"rotation":0,"texture":"#0","tintindex":0},"south":{"uv":[0.0,0.0,0.0,0.875],"rotation":0,"texture":"#0","tintindex":0},"north":{"uv":[0.0,0.0,0.0,0.875],"rotation":0,"texture":"#0","tintindex":0},"west":{"uv":[3.375,0.0,4.25,0.875],"rotation":0,"texture":"#0","tintindex":0},"up":{"uv":[0.0,0.875,0.0,0.0],"rotation":0,"texture":"#0","tintindex":0},"down":{"uv":[0.0,0.0,0.0,0.875],"rotation":0,"texture":"#0","tintindex":0}}},{"from":[2.8591022,0.35048962,-2.995266],"to":[10.859102,0.35048962,5.004735],"rotation":{"angle":0.0,"axis":"y","origin":[-6.0551844,-4.563796,1.004735]},"faces":{"east":{"uv":[0.0,0.0,0.875,0.0],"rotation":0,"texture":"#0","tintindex":0},"south":{"uv":[0.0,0.0,0.875,0.0],"rotation":0,"texture":"#0","tintindex":0},"north":{"uv":[0.0,0.0,0.875,0.0],"rotation":0,"texture":"#0","tintindex":0},"west":{"uv":[0.0,0.0,0.875,0.0],"rotation":0,"texture":"#0","tintindex":0},"up":{"uv":[4.25,1.75,3.375,0.875],"rotation":0,"texture":"#0","tintindex":0},"down":{"uv":[2.5,3.375,1.625,4.25],"rotation":0,"texture":"#0","tintindex":0}}},{"from":[3.1496077,0.48535395,-15.50955],"to":[11.149609,0.48535395,-7.509552],"rotation":{"angle":0.0,"axis":"y","origin":[4.717856,9.911379,8.0]},"faces":{"east":{"uv":[0.0,0.0,7.0,0.0],"rotation":0,"texture":"#2","tintindex":0},"south":{"uv":[0.0,0.0,7.0,0.0],"rotation":0,"texture":"#2","tintindex":0},"north":{"uv":[0.0,0.0,7.0,0.0],"rotation":0,"texture":"#2","tintindex":0},"west":{"uv":[0.0,0.0,7.0,0.0],"rotation":0,"texture":"#2","tintindex":0},"up":{"uv":[7.0,7.0,0.0,0.0],"rotation":0,"texture":"#2","tintindex":0},"down":{"uv":[7.0,0.0,0.0,7.0],"rotation":0,"texture":"#2","tintindex":0}}},{"from":[7.2019596,-3.535224,-15.50955],"to":[7.2019596,4.464776,-7.509552],"rotation":{"angle":0.0,"axis":"y","origin":[-15.252636,-6.938405,8.0]},"faces":{"east":{"uv":[14.0,7.0,7.0,14.0],"rotation":0,"texture":"#2","tintindex":0},"south":{"uv":[0.0,0.0,0.0,7.0],"rotation":0,"texture":"#2","tintindex":0},"north":{"uv":[0.0,0.0,0.0,7.0],"rotation":0,"texture":"#2","tintindex":0},"west":{"uv":[7.0,7.0,14.0,14.0],"rotation":0,"texture":"#2","tintindex":0},"up":{"uv":[0.0,7.0,0.0,0.0],"rotation":0,"texture":"#2","tintindex":0},"down":{"uv":[0.0,0.0,0.0,7.0],"rotation":0,"texture":"#2","tintindex":0}}},{"from":[7.0924654,-3.5717888,12.433307],"to":[7.0924654,4.4282117,20.433308],"rotation":{"angle":0.0,"axis":"y","origin":[4.0892844,13.5685215,8.0]},"faces":{"east":{"uv":[2.5,4.0625,3.375,4.9375],"rotation":0,"texture":"#0","tintindex":0},"south":{"uv":[0.0,0.0,0.0,0.875],"rotation":0,"texture":"#0","tintindex":0},"north":{"uv":[0.0,0.0,0.0,0.875],"rotation":0,"texture":"#0","tintindex":0},"west":{"uv":[4.25,0.0,5.125,0.875],"rotation":0,"texture":"#0","tintindex":0},"up":{"uv":[0.0,0.875,0.0,0.0],"rotation":0,"texture":"#0","tintindex":0},"down":{"uv":[0.0,0.0,0.0,0.875],"rotation":0,"texture":"#0","tintindex":0}}},{"from":[3.0305305,0.35048962,12.433307],"to":[11.030531,0.35048962,20.433308],"rotation":{"angle":0.0,"axis":"y","origin":[-5.76947,-4.563796,16.433308]},"faces":{"east":{"uv":[0.0,0.0,0.875,0.0],"rotation":0,"texture":"#0","tintindex":0},"south":{"uv":[0.0,0.0,0.875,0.0],"rotation":0,"texture":"#0","tintindex":0},"north":{"uv":[0.0,0.0,0.875,0.0],"rotation":0,"texture":"#0","tintindex":0},"west":{"uv":[0.0,0.0,0.875,0.0],"rotation":0,"texture":"#0","tintindex":0},"up":{"uv":[1.75,5.125,0.875,4.25],"rotation":0,"texture":"#0","tintindex":0},"down":{"uv":[5.125,0.875,4.25,1.75],"rotation":0,"texture":"#0","tintindex":0}}},{"from":[5.721037,-1.0003605,-5.795266],"to":[8.578179,1.8567829,-4.6524086],"rotation":{"angle":0.0,"axis":"y","origin":[5.574999,13.5685215,8.0]},"faces":{"east":{"uv":[8.9375,7.75,9.0625,8.0625],"rotation":0,"texture":"#0","tintindex":0},"south":{"uv":[5.9375,7.6875,6.25,8.0],"rotation":0,"texture":"#0","tintindex":0},"north":{"uv":[5.625,7.6875,5.9375,8.0],"rotation":0,"texture":"#0","tintindex":0},"west":{"uv":[9.0,0.1875,9.125,0.5],"rotation":0,"texture":"#0","tintindex":0},"up":{"uv":[9.1875,5.1875,8.875,5.0625],"rotation":0,"texture":"#0","tintindex":0},"down":{"uv":[9.1875,6.6875,8.875,6.8125],"rotation":0,"texture":"#0","tintindex":0}}},{"from":[6.292465,-0.42893124,-8.652409],"to":[8.006751,1.2853541,-2.9381227],"rotation":{"angle":0.0,"axis":"y","origin":[5.574999,13.5685215,8.0]},"faces":{"east":{"uv":[7.375,5.1875,8.0,5.375],"rotation":0,"texture":"#0","tintindex":0},"south":{"uv":[6.3125,9.0,6.5,9.1875],"rotation":0,"texture":"#0","tintindex":0},"north":{"uv":[9.0,5.6875,9.1875,5.875],"rotation":0,"texture":"#0","tintindex":0},"west":{"uv":[7.4375,3.1875,8.0625,3.375],"rotation":0,"texture":"#0","tintindex":0},"up":{"uv":[0.375,8.0625,0.1875,7.4375],"rotation":0,"texture":"#0","tintindex":0},"down":{"uv":[7.375,7.4375,7.1875,8.0625],"rotation":0,"texture":"#0","tintindex":0}}},{"from":[6.292465,-0.42893124,20.71902],"to":[8.006751,1.2853541,22.433308],"rotation":{"angle":0.0,"axis":"y","origin":[5.574999,13.5685215,33.37143]},"faces":{"east":{"uv":[6.5,9.0,6.6875,9.1875],"rotation":0,"texture":"#0","tintindex":0},"south":{"uv":[7.0625,9.0,7.25,9.1875],"rotation":0,"texture":"#0","tintindex":0},"north":{"uv":[9.0,6.375,9.1875,6.5625],"rotation":0,"texture":"#0","tintindex":0},"west":{"uv":[7.25,9.0,7.4375,9.1875],"rotation":0,"texture":"#0","tintindex":0},"up":{"uv":[7.9375,9.1875,7.75,9.0],"rotation":0,"texture":"#0","tintindex":0},"down":{"uv":[8.125,9.0,7.9375,9.1875],"rotation":0,"texture":"#0","tintindex":0}}},{"from":[6.406751,-0.31464577,22.376163],"to":[7.8924656,1.1710687,22.71902],"rotation":{"angle":0.0,"axis":"y","origin":[5.574999,13.5685215,33.37143]},"faces":{"east":{"uv":[8.5,9.5,8.5625,9.6875],"rotation":0,"texture":"#0","tintindex":0},"south":{"uv":[8.875,9.0,9.0625,9.1875],"rotation":0,"texture":"#0","tintindex":0},"north":{"uv":[9.0,8.6875,9.1875,8.875],"rotation":0,"texture":"#0","tintindex":0},"west":{"uv":[8.5625,9.5,8.625,9.6875],"rotation":0,"texture":"#0","tintindex":0},"up":{"uv":[9.6875,6.8125,9.5,6.75],"rotation":0,"texture":"#0","tintindex":0},"down":{"uv":[9.6875,6.875,9.5,6.9375],"rotation":0,"texture":"#0","tintindex":0}}},{"from":[6.069608,-0.42321682,-7.9609795],"to":[7.772465,1.2796397,-6.2581224],"rotation":{"angle":-22.5,"axis":"y","origin":[7.149608,0.4282112,-5.795266]},"faces":{"east":{"uv":[0.4375,9.0625,0.625,9.25],"rotation":0,"texture":"#0","tintindex":0},"south":{"uv":[1.0,9.0625,1.1875,9.25],"rotation":0,"texture":"#0","tintindex":0},"north":{"uv":[0.25,9.0625,0.4375,9.25],"rotation":0,"texture":"#0","tintindex":0},"west":{"uv":[1.1875,9.0625,1.375,9.25],"rotation":0,"texture":"#0","tintindex":0},"up":{"uv":[1.6875,9.25,1.5,9.0625],"rotation":0,"texture":"#0","tintindex":0},"down":{"uv":[1.875,9.0625,1.6875,9.25],"rotation":0,"texture":"#0","tintindex":0}}},{"from":[5.9139667,-0.42321682,-4.9324083],"to":[7.6168237,1.2796397,-3.2295513],"rotation":{"angle":22.5,"axis":"y","origin":[-0.8346052,0.4282112,-5.795266]},"faces":{"east":{"uv":[9.0625,4.0,9.25,4.1875],"rotation":0,"texture":"#0","tintindex":0},"south":{"uv":[4.5625,9.0625,4.75,9.25],"rotation":0,"texture":"#0","tintindex":0},"north":{"uv":[9.0625,3.8125,9.25,4.0],"rotation":0,"texture":"#0","tintindex":0},"west":{"uv":[5.0625,9.0625,5.25,9.25],"rotation":0,"texture":"#0","tintindex":0},"up":{"uv":[5.4375,9.25,5.25,9.0625],"rotation":0,"texture":"#0","tintindex":0},"down":{"uv":[6.875,9.0625,6.6875,9.25],"rotation":0,"texture":"#0","tintindex":0}}},{"from":[6.3435383,-0.15211391,-8.022415],"to":[7.9892526,1.5507436,-6.319558],"rotation":{"angle":22.5,"axis":"x","origin":[6.757194,0.4282112,-7.1198664]},"faces":{"east":{"uv":[9.0625,7.4375,9.25,7.625],"rotation":0,"texture":"#0","tintindex":0},"south":{"uv":[9.0625,7.625,9.25,7.8125],"rotation":0,"texture":"#0","tintindex":0},"north":{"uv":[6.875,9.0625,7.0625,9.25],"rotation":0,"texture":"#0","tintindex":0},"west":{"uv":[9.0625,7.8125,9.25,8.0],"rotation":0,"texture":"#0","tintindex":0},"up":{"uv":[9.25,9.0625,9.0625,8.875],"rotation":0,"texture":"#0","tintindex":0},"down":{"uv":[9.25,9.0625,9.0625,9.25],"rotation":0,"texture":"#0","tintindex":0}}},{"from":[6.287646,9.1206455,-6.2096214],"to":[7.990503,10.823503,-4.5067644],"rotation":{"angle":-22.5,"axis":"x","origin":[6.6857653,0.4282112,18.439758]},"faces":{"east":{"uv":[9.125,0.1875,9.3125,0.375],"rotation":0,"texture":"#0","tintindex":0},"south":{"uv":[0.6875,9.125,0.875,9.3125],"rotation":0,"texture":"#0","tintindex":0},"north":{"uv":[0.0,9.125,0.1875,9.3125],"rotation":0,"texture":"#0","tintindex":0},"west":{"uv":[2.75,9.125,2.9375,9.3125],"rotation":0,"texture":"#0","tintindex":0},"up":{"uv":[3.125,9.3125,2.9375,9.125],"rotation":0,"texture":"#0","tintindex":0},"down":{"uv":[3.5,9.125,3.3125,9.3125],"rotation":0,"texture":"#0","tintindex":0}}},{"from":[6.5210366,-0.14321709,-8.523838],"to":[7.6638937,0.99964,21.761879],"rotation":{"angle":0.0,"axis":"y","origin":[5.574999,13.5685215,8.0]},"faces":{"east":{"uv":[5.0,4.875,8.3125,5.0],"rotation":0,"texture":"#0","tintindex":0},"south":{"uv":[0.375,9.5,0.5,9.625],"rotation":0,"texture":"#0","tintindex":0},"north":{"uv":[0.25,9.5,0.375,9.625],"rotation":0,"texture":"#0","tintindex":0},"west":{"uv":[5.125,1.25,8.4375,1.375],"rotation":0,"texture":"#0","tintindex":0},"up":{"uv":[0.875,7.8125,0.75,4.5],"rotation":0,"texture":"#0","tintindex":0},"down":{"uv":[1.0,5.125,0.875,8.4375],"rotation":0,"texture":"#0","tintindex":0}}},{"from":[8.441037,-0.5489311,7.2275925],"to":[9.042392,8.466125,8.592778],"rotation":{"angle":0.0,"axis":"y","origin":[5.574999,13.5685215,8.0]},"faces":{"east":{"uv":[2.25,7.0625,2.375,8.0625],"rotation":0,"texture":"#0","tintindex":0},"south":{"uv":[4.5,7.9375,4.5625,8.9375],"rotation":0,"texture":"#0","tintindex":0},"north":{"uv":[0.625,7.9375,0.6875,8.9375],"rotation":0,"texture":"#0","tintindex":0},"west":{"uv":[6.6875,7.125,6.8125,8.125],"rotation":0,"texture":"#0","tintindex":0},"up":{"uv":[9.75,0.375,9.6875,0.25],"rotation":0,"texture":"#0","tintindex":0},"down":{"uv":[0.375,9.6875,0.3125,9.8125],"rotation":0,"texture":"#0","tintindex":0}}},{"from":[7.0351467,6.669224,6.794764],"to":[9.1644335,8.798511,8.834235],"rotation":{"angle":0.0,"axis":"y","origin":[7.82037,6.6976843,7.9101853]},"faces":{"east":{"uv":[8.25,8.3125,8.5,8.5625],"rotation":0,"texture":"#0","tintindex":0},"south":{"uv":[0.0,8.375,0.25,8.625],"rotation":0,"texture":"#0","tintindex":0},"north":{"uv":[8.0,8.3125,8.25,8.5625],"rotation":0,"texture":"#0","tintindex":0},"west":{"uv":[8.375,0.4375,8.625,0.6875],"rotation":0,"texture":"#0","tintindex":0},"up":{"uv":[1.25,8.625,1.0,8.375],"rotation":0,"texture":"#0","tintindex":0},"down":{"uv":[1.5,8.375,1.25,8.625],"rotation":0,"texture":"#0","tintindex":0}}},{"from":[7.829426,0.07689142,6.582682],"to":[9.354698,2.6023421,9.358177],"rotation":{"angle":0.0,"axis":"y","origin":[4.6538596,18.092602,8.032941]},"faces":{"east":{"uv":[3.9375,8.0625,4.25,8.3125],"rotation":0,"texture":"#0","tintindex":0},"south":{"uv":[2.375,8.6875,2.5625,8.9375],"rotation":0,"texture":"#0","tintindex":0},"north":{"uv":[8.625,7.5625,8.8125,7.8125],"rotation":0,"texture":"#0","tintindex":0},"west":{"uv":[4.8125,8.0625,5.125,8.3125],"rotation":0,"texture":"#0","tintindex":0},"up":{"uv":[4.75,8.75,4.5625,8.4375],"rotation":0,"texture":"#0","tintindex":0},"down":{"uv":[8.625,4.75,8.4375,5.0625],"rotation":0,"texture":"#0","tintindex":0}}},{"from":[7.5187783,-1.1733313,6.520171],"to":[8.794005,0.8520303,7.232798],"rotation":{"angle":-22.5,"axis":"z","origin":[7.854536,-1.4307051,7.954802]},"faces":{"east":{"uv":[0.0625,9.5,0.125,9.75],"rotation":0,"texture":"#0","tintindex":0},"south":{"uv":[8.625,9.125,8.75,9.375],"rotation":0,"texture":"#0","tintindex":0},"north":{"uv":[8.5,9.125,8.625,9.375],"rotation":0,"texture":"#0","tintindex":0},"west":{"uv":[0.5,9.5,0.5625,9.75],"rotation":0,"texture":"#0","tintindex":0},"up":{"uv":[9.8125,0.1875,9.6875,0.125],"rotation":0,"texture":"#0","tintindex":0},"down":{"uv":[9.8125,0.375,9.6875,0.4375],"rotation":0,"texture":"#0","tintindex":0}}},{"from":[7.1091285,-1.6934547,6.657696],"to":[8.859441,-0.69327736,7.1577845],"rotation":{"angle":0.0,"axis":"y","origin":[13.596986,-16.224367,7.954802]},"faces":{"east":{"uv":[0.8125,9.75,0.6875,9.6875],"rotation":90,"texture":"#0","tintindex":0},"south":{"uv":[9.3125,4.1875,9.4375,4.375],"rotation":90,"texture":"#0","tintindex":0},"north":{"uv":[4.1875,9.3125,4.3125,9.5],"rotation":270,"texture":"#0","tintindex":0},"west":{"uv":[0.9375,9.6875,0.8125,9.75],"rotation":90,"texture":"#0","tintindex":0},"up":{"uv":[8.6875,9.5,8.75,9.6875],"rotation":90,"texture":"#0","tintindex":0},"down":{"uv":[8.625,9.5,8.6875,9.6875],"rotation":90,"texture":"#0","tintindex":0}}},{"from":[1.0821586,-4.9738665,6.7202067],"to":[2.7074485,-4.09871,7.0952735],"rotation":{"angle":-22.5,"axis":"z","origin":[13.596986,-16.224367,7.954802]},"faces":{"east":{"uv":[9.8125,1.0625,9.6875,1.0],"rotation":90,"texture":"#0","tintindex":0},"south":{"uv":[9.3125,4.5625,9.4375,4.75],"rotation":90,"texture":"#0","tintindex":0},"north":{"uv":[9.3125,4.375,9.4375,4.5625],"rotation":270,"texture":"#0","tintindex":0},"west":{"uv":[9.8125,1.0625,9.6875,1.125],"rotation":90,"texture":"#0","tintindex":0},"up":{"uv":[8.75,9.5,8.8125,9.6875],"rotation":90,"texture":"#0","tintindex":0},"down":{"uv":[9.5,8.6875,9.5625,8.875],"rotation":90,"texture":"#0","tintindex":0}}},{"from":[7.1091285,-1.6934547,8.689308],"to":[8.859441,-0.69327736,9.283164],"rotation":{"angle":0.0,"axis":"y","origin":[13.596986,-16.224367,7.954802]},"faces":{"east":{"uv":[9.8125,1.25,9.6875,1.1875],"rotation":90,"texture":"#0","tintindex":0},"south":{"uv":[9.3125,5.0625,9.4375,5.25],"rotation":90,"texture":"#0","tintindex":0},"north":{"uv":[9.3125,4.75,9.4375,4.9375],"rotation":270,"texture":"#0","tintindex":0},"west":{"uv":[1.375,9.6875,1.25,9.75],"rotation":90,"texture":"#0","tintindex":0},"up":{"uv":[9.5,8.875,9.5625,9.0625],"rotation":90,"texture":"#0","tintindex":0},"down":{"uv":[8.8125,9.5,8.875,9.6875],"rotation":90,"texture":"#0","tintindex":0}}},{"from":[1.1288657,-5.046418,7.814152],"to":[2.5041108,-4.2962847,8.157963],"rotation":{"angle":-22.5,"axis":"z","origin":[13.596986,-16.224367,7.954802]},"faces":{"east":{"uv":[9.8125,1.3125,9.6875,1.25],"rotation":90,"texture":"#0","tintindex":0},"south":{"uv":[9.3125,5.4375,9.4375,5.625],"rotation":90,"texture":"#0","tintindex":0},"north":{"uv":[9.3125,5.25,9.4375,5.4375],"rotation":270,"texture":"#0","tintindex":0},"west":{"uv":[9.8125,1.4375,9.6875,1.5],"rotation":90,"texture":"#0","tintindex":0},"up":{"uv":[9.3125,9.5,9.375,9.6875],"rotation":90,"texture":"#0","tintindex":0},"down":{"uv":[9.5,9.25,9.5625,9.4375],"rotation":90,"texture":"#0","tintindex":0}}},{"from":[1.1288657,-5.046418,8.81433],"to":[2.5041108,-4.2962847,9.158141],"rotation":{"angle":-22.5,"axis":"z","origin":[13.596986,-16.224367,7.954802]},"faces":{"east":{"uv":[9.8125,1.5625,9.6875,1.5],"rotation":90,"texture":"#0","tintindex":0},"south":{"uv":[6.3125,9.3125,6.4375,9.5],"rotation":90,"texture":"#0","tintindex":0},"north":{"uv":[5.625,9.3125,5.75,9.5],"rotation":270,"texture":"#0","tintindex":0},"west":{"uv":[9.8125,1.5625,9.6875,1.625],"rotation":90,"texture":"#0","tintindex":0},"up":{"uv":[9.5,9.4375,9.5625,9.625],"rotation":90,"texture":"#0","tintindex":0},"down":{"uv":[9.375,9.5,9.4375,9.6875],"rotation":90,"texture":"#0","tintindex":0}}},{"from":[7.1091285,-1.6934547,7.6891294],"to":[8.859441,-0.69327736,8.282986],"rotation":{"angle":0.0,"axis":"y","origin":[13.596986,-16.224367,7.954802]},"faces":{"east":{"uv":[9.8125,1.75,9.6875,1.6875],"rotation":90,"texture":"#0","tintindex":0},"south":{"uv":[7.875,9.3125,8.0,9.5],"rotation":90,"texture":"#0","tintindex":0},"north":{"uv":[7.75,9.3125,7.875,9.5],"rotation":270,"texture":"#0","tintindex":0},"west":{"uv":[1.875,9.6875,1.75,9.75],"rotation":90,"texture":"#0","tintindex":0},"up":{"uv":[0.1875,9.5625,0.25,9.75],"rotation":90,"texture":"#0","tintindex":0},"down":{"uv":[9.5625,0.0,9.625,0.1875],"rotation":90,"texture":"#0","tintindex":0}}},{"from":[6.204136,0.07689142,6.4576597],"to":[7.1042967,2.1022525,7.7328873],"rotation":{"angle":-22.5,"axis":"z","origin":[6.9042606,1.089572,7.0952735]},"faces":{"east":{"uv":[9.1875,1.75,9.3125,2.0],"rotation":0,"texture":"#0","tintindex":0},"south":{"uv":[1.875,9.1875,2.0,9.4375],"rotation":0,"texture":"#0","tintindex":0},"north":{"uv":[8.75,9.125,8.875,9.375],"rotation":0,"texture":"#0","tintindex":0},"west":{"uv":[2.0,9.1875,2.125,9.4375],"rotation":0,"texture":"#0","tintindex":0},"up":{"uv":[0.8125,9.625,0.6875,9.5],"rotation":0,"texture":"#0","tintindex":0},"down":{"uv":[1.0,9.5,0.875,9.625],"rotation":0,"texture":"#0","tintindex":0}}},{"from":[5.9665937,-1.1608295,6.5951843],"to":[6.5917053,0.58948326,7.5953627],"rotation":{"angle":0.0,"axis":"y","origin":[6.9042606,1.089572,7.0952735]},"faces":{"east":{"uv":[8.0,9.3125,8.125,9.5],"rotation":0,"texture":"#0","tintindex":0},"south":{"uv":[9.5625,0.375,9.625,0.5625],"rotation":0,"texture":"#0","tintindex":0},"north":{"uv":[9.5625,0.1875,9.625,0.375],"rotation":0,"texture":"#0","tintindex":0},"west":{"uv":[9.3125,8.5,9.4375,8.6875],"rotation":0,"texture":"#0","tintindex":0},"up":{"uv":[0.4375,9.8125,0.375,9.6875],"rotation":0,"texture":"#0","tintindex":0},"down":{"uv":[1.0,9.6875,0.9375,9.8125],"rotation":0,"texture":"#0","tintindex":0}}},{"from":[5.716549,-1.6609173,6.7202067],"to":[6.091616,-1.0358067,7.4703407],"rotation":{"angle":22.5,"axis":"z","origin":[6.2791495,-0.28567314,7.0952735]},"faces":{"east":{"uv":[1.875,9.6875,2.0,9.75],"rotation":0,"texture":"#0","tintindex":0},"south":{"uv":[9.75,4.9375,9.8125,5.0],"rotation":0,"texture":"#0","tintindex":0},"north":{"uv":[9.75,4.875,9.8125,4.9375],"rotation":0,"texture":"#0","tintindex":0},"west":{"uv":[2.25,9.6875,2.375,9.75],"rotation":0,"texture":"#0","tintindex":0},"up":{"uv":[2.0625,9.8125,2.0,9.6875],"rotation":0,"texture":"#0","tintindex":0},"down":{"uv":[2.4375,9.6875,2.375,9.8125],"rotation":0,"texture":"#0","tintindex":0}}},{"from":[7.5187783,-1.1733313,7.5828605],"to":[8.794005,0.8520303,8.357999],"rotation":{"angle":-22.5,"axis":"z","origin":[7.854536,-1.4307051,7.954802]},"faces":{"east":{"uv":[0.5625,9.5,0.625,9.75],"rotation":0,"texture":"#0","tintindex":0},"south":{"uv":[2.125,9.1875,2.25,9.4375],"rotation":0,"texture":"#0","tintindex":0},"north":{"uv":[9.1875,2.0,9.3125,2.25],"rotation":0,"texture":"#0","tintindex":0},"west":{"uv":[1.0,9.5,1.0625,9.75],"rotation":0,"texture":"#0","tintindex":0},"up":{"uv":[9.8125,2.3125,9.6875,2.25],"rotation":0,"texture":"#0","tintindex":0},"down":{"uv":[2.5625,9.6875,2.4375,9.75],"rotation":0,"texture":"#0","tintindex":0}}},{"from":[7.5187783,-1.1733313,8.583038],"to":[8.794005,0.8520303,9.389433],"rotation":{"angle":-22.5,"axis":"z","origin":[7.854536,-1.4307051,7.954802]},"faces":{"east":{"uv":[1.0625,9.5,1.125,9.75],"rotation":0,"texture":"#0","tintindex":0},"south":{"uv":[9.1875,4.1875,9.3125,4.4375],"rotation":0,"texture":"#0","tintindex":0},"north":{"uv":[9.1875,3.25,9.3125,3.5],"rotation":0,"texture":"#0","tintindex":0},"west":{"uv":[1.125,9.5,1.1875,9.75],"rotation":0,"texture":"#0","tintindex":0},"up":{"uv":[9.8125,2.5625,9.6875,2.5],"rotation":0,"texture":"#0","tintindex":0},"down":{"uv":[9.8125,2.5625,9.6875,2.625],"rotation":0,"texture":"#0","tintindex":0}}},{"from":[6.6542163,1.4021282,6.657696],"to":[9.279684,2.527328,9.283164],"rotation":{"angle":0.0,"axis":"y","origin":[4.6538596,18.092602,8.032941]},"faces":{"east":{"uv":[8.9375,2.875,9.25,3.0],"rotation":0,"texture":"#0","tintindex":0},"south":{"uv":[8.9375,7.0,9.25,7.125],"rotation":0,"texture":"#0","tintindex":0},"north":{"uv":[8.9375,2.375,9.25,2.5],"rotation":0,"texture":"#0","tintindex":0},"west":{"uv":[8.9375,8.0625,9.25,8.1875],"rotation":0,"texture":"#0","tintindex":0},"up":{"uv":[7.6875,8.0,7.375,7.6875],"rotation":0,"texture":"#0","tintindex":0},"down":{"uv":[8.0,7.6875,7.6875,8.0],"rotation":0,"texture":"#0","tintindex":0}}},{"from":[6.1210365,2.256783,5.804735],"to":[10.121037,3.39964,9.804735],"rotation":{"angle":0.0,"axis":"y","origin":[5.574999,13.5685215,8.0]},"faces":{"east":{"uv":[8.5625,3.625,9.0,3.75],"rotation":0,"texture":"#0","tintindex":0},"south":{"uv":[8.5625,4.1875,9.0,4.3125],"rotation":0,"texture":"#0","tintindex":0},"north":{"uv":[8.5625,3.5,9.0,3.625],"rotation":0,"texture":"#0","tintindex":0},"west":{"uv":[8.5625,4.3125,9.0,4.4375],"rotation":0,"texture":"#0","tintindex":0},"up":{"uv":[7.125,0.4375,6.6875,0.0],"rotation":0,"texture":"#0","tintindex":0},"down":{"uv":[7.125,0.4375,6.6875,0.875],"rotation":0,"texture":"#0","tintindex":0}}},{"from":[6.4581795,2.4224973,6.199021],"to":[9.89818,5.8624973,9.639021],"rotation":{"angle":0.0,"axis":"y","origin":[5.574999,13.5685215,8.0]},"faces":{"east":{"uv":[6.3125,7.125,6.6875,7.5],"rotation":0,"texture":"#0","tintindex":0},"south":{"uv":[3.3125,7.1875,3.6875,7.5625],"rotation":0,"texture":"#0","tintindex":0},"north":{"uv":[7.125,6.25,7.5,6.625],"rotation":0,"texture":"#0","tintindex":0},"west":{"uv":[3.6875,7.1875,4.0625,7.5625],"rotation":0,"texture":"#0","tintindex":0},"up":{"uv":[4.4375,7.5625,4.0625,7.1875],"rotation":0,"texture":"#0","tintindex":0},"down":{"uv":[7.5625,6.625,7.1875,7.0],"rotation":0,"texture":"#0","tintindex":0}}},{"from":[6.1210365,4.885354,5.804735],"to":[10.121037,6.0282116,9.804735],"rotation":{"angle":0.0,"axis":"y","origin":[5.574999,13.5685215,8.0]},"faces":{"east":{"uv":[8.5625,5.4375,9.0,5.5625],"rotation":0,"texture":"#0","tintindex":0},"south":{"uv":[8.5625,5.8125,9.0,5.9375],"rotation":0,"texture":"#0","tintindex":0},"north":{"uv":[8.5625,5.3125,9.0,5.4375],"rotation":0,"texture":"#0","tintindex":0},"west":{"uv":[8.5625,6.1875,9.0,6.3125],"rotation":0,"texture":"#0","tintindex":0},"up":{"uv":[7.125,2.625,6.6875,2.1875],"rotation":0,"texture":"#0","tintindex":0},"down":{"uv":[7.125,2.625,6.6875,3.0625],"rotation":0,"texture":"#0","tintindex":0}}}],"textures":{"0":"modelengine:entity/nocsy_skeleton_necromancer_skin","2":"modelengine:entity/nocsy_skeleton_necromancer_red_flame_animated"},"display":{"head":{"translation":[0.0,-6.4,0.0],"scale":[4.0,4.0,4.0]}}}