{"elements":[{"from":[7.362345,1.4612737,7.557884],"to":[9.024594,6.850165,8.9051075],"rotation":{"angle":0.0,"axis":"y","origin":[5.4313254,7.0297947,8.321311]},"faces":{"east":{"uv":[7.875,8.125,8.0,8.6875],"rotation":0,"texture":"#0","tintindex":0},"south":{"uv":[2.5625,7.5625,2.75,8.125],"rotation":0,"texture":"#0","tintindex":0},"north":{"uv":[2.375,7.5625,2.5625,8.125],"rotation":0,"texture":"#0","tintindex":0},"west":{"uv":[4.25,8.1875,4.375,8.75],"rotation":0,"texture":"#0","tintindex":0},"up":{"uv":[9.5,3.375,9.3125,3.25],"rotation":0,"texture":"#0","tintindex":0},"down":{"uv":[3.5,9.3125,3.3125,9.4375],"rotation":0,"texture":"#0","tintindex":0}}},{"from":[6.6880593,5.5069876,6.8835983],"to":[9.024594,8.198736,9.579393],"rotation":{"angle":22.5,"axis":"z","origin":[7.856327,6.852862,8.231496]},"faces":{"east":{"uv":[7.6875,2.0,8.0,2.3125],"rotation":0,"texture":"#0","tintindex":0},"south":{"uv":[3.4375,8.0625,3.6875,8.375],"rotation":0,"texture":"#0","tintindex":0},"north":{"uv":[3.1875,8.0625,3.4375,8.375],"rotation":0,"texture":"#0","tintindex":0},"west":{"uv":[7.6875,2.3125,8.0,2.625],"rotation":0,"texture":"#0","tintindex":0},"up":{"uv":[8.3125,3.9375,8.0625,3.625],"rotation":0,"texture":"#0","tintindex":0},"down":{"uv":[3.9375,8.0625,3.6875,8.375],"rotation":0,"texture":"#0","tintindex":0}}}],"textures":{"0":"modelengine:entity/nocsy_skeleton_necromancer_skin"},"display":{"head":{"translation":[0.0,-6.4,0.0],"scale":[4.0,4.0,4.0]}}}