{"elements":[{"from":[4.4761906,6.952381,5.428571],"to":[9.619047,8.666667,10.571428],"rotation":{"angle":0.0,"axis":"y","origin":[7.3333335,6.952381,7.142857]},"faces":{"east":{"uv":[10.5,1.5,15.0,3.0],"rotation":0,"texture":"#0","tintindex":0},"south":{"uv":[10.5,3.0,15.0,4.5],"rotation":0,"texture":"#0","tintindex":0},"north":{"uv":[10.5,0.0,15.0,1.5],"rotation":0,"texture":"#0","tintindex":0},"west":{"uv":[10.5,4.5,15.0,6.0],"rotation":0,"texture":"#0","tintindex":0},"up":{"uv":[10.5,4.5,6.0,0.0],"rotation":0,"texture":"#0","tintindex":0},"down":{"uv":[10.5,4.5,6.0,9.0],"rotation":0,"texture":"#0","tintindex":0}}},{"from":[7.3333335,6.952381,3.142857],"to":[10.761905,8.095238,11.142858],"rotation":{"angle":0.0,"axis":"y","origin":[7.3333335,6.952381,7.142857]},"faces":{"east":{"uv":[8.0,9.0,15.0,10.0],"rotation":0,"texture":"#0","tintindex":0},"south":{"uv":[10.5,8.0,13.5,9.0],"rotation":0,"texture":"#0","tintindex":0},"north":{"uv":[10.5,7.0,13.5,8.0],"rotation":0,"texture":"#0","tintindex":0},"west":{"uv":[8.0,10.0,15.0,11.0],"rotation":0,"texture":"#0","tintindex":0},"up":{"uv":[3.0,7.0,0.0,0.0],"rotation":0,"texture":"#0","tintindex":0},"down":{"uv":[6.0,0.0,3.0,7.0],"rotation":0,"texture":"#0","tintindex":0}}},{"from":[5.6190476,8.095238,7.142857],"to":[10.190476,9.238095,10.571428],"rotation":{"angle":0.0,"axis":"y","origin":[7.3333335,6.952381,7.142857]},"faces":{"east":{"uv":[0.0,11.0,3.0,12.0],"rotation":0,"texture":"#0","tintindex":0},"south":{"uv":[10.5,6.0,14.5,7.0],"rotation":0,"texture":"#0","tintindex":0},"north":{"uv":[0.0,10.0,4.0,11.0],"rotation":0,"texture":"#0","tintindex":0},"west":{"uv":[8.0,11.0,11.0,12.0],"rotation":0,"texture":"#0","tintindex":0},"up":{"uv":[4.0,10.0,0.0,7.0],"rotation":0,"texture":"#0","tintindex":0},"down":{"uv":[8.0,9.0,4.0,12.0],"rotation":0,"texture":"#0","tintindex":0}}}],"textures":{"0":"modelengine:entity/kurrot_groundrocks"},"display":{"head":{"translation":[0.0,-6.4,0.0],"scale":[4.0,4.0,4.0]}}}