{
	"credit": "Made by PolygonMC",
	"texture_size": [24, 24],
	"textures": {
		"1": "valentineset:animations/animations_1",
		"4": "valentineset:axe"
	},
	"elements": [
		{
			"from": [7.4, 1.4, 7.4],
			"to": [8.6, 3.65, 8.6],
			"rotation": {"angle": 45, "axis": "y", "origin": [8, 4.4, 8]},
			"faces": {
				"north": {"uv": [4, 10, 4.66667, 11.66667], "texture": "#4"},
				"east": {"uv": [6, 10, 6.66667, 11.66667], "texture": "#4"},
				"south": {"uv": [6.66667, 10, 7.33333, 11.66667], "texture": "#4"},
				"west": {"uv": [10, 6.66667, 10.66667, 8.33333], "texture": "#4"},
				"up": {"uv": [6.66667, 8.66667, 6, 8], "texture": "#4"}
			}
		},
		{
			"from": [7.4, 5.15, 7.4],
			"to": [8.6, 7.9, 8.6],
			"rotation": {"angle": 45, "axis": "y", "origin": [8, 4.4, 8]},
			"faces": {
				"north": {"uv": [1.66667, 8.33333, 2.33333, 10.33333], "texture": "#4"},
				"east": {"uv": [2.66667, 9.33333, 3.33333, 11.33333], "texture": "#4"},
				"south": {"uv": [4.66667, 9.33333, 5.33333, 11.33333], "texture": "#4"},
				"west": {"uv": [5.33333, 9.33333, 6, 11.33333], "texture": "#4"},
				"down": {"uv": [11.33333, 8, 10.66667, 8.66667], "texture": "#4"}
			}
		},
		{
			"from": [7.4, 12.9, 7.4],
			"to": [8.6, 13.9, 8.6],
			"rotation": {"angle": 45, "axis": "y", "origin": [8, 11.4, 8]},
			"faces": {
				"north": {"uv": [0.66667, 12, 1.33333, 12.66667], "texture": "#4"},
				"east": {"uv": [1.33333, 12, 2, 12.66667], "texture": "#4"},
				"south": {"uv": [12, 1.33333, 12.66667, 2], "texture": "#4"},
				"west": {"uv": [2, 12, 2.66667, 12.66667], "texture": "#4"}
			}
		},
		{
			"from": [7.5, 3.65, 7.5],
			"to": [8.5, 5.15, 8.5],
			"rotation": {"angle": 45, "axis": "y", "origin": [8, 4.4, 8]},
			"faces": {
				"north": {"uv": [4.66667, 6.66667, 5.33333, 7.66667], "texture": "#4"},
				"east": {"uv": [7.33333, 10, 8, 11], "texture": "#4"},
				"south": {"uv": [0, 12, 0.66667, 13], "texture": "#4"},
				"west": {"uv": [12, 0, 12.66667, 1], "texture": "#4"}
			}
		},
		{
			"from": [7.25, 2.7, 7.25],
			"to": [8.75, 3.2, 8.75],
			"rotation": {"angle": 45, "axis": "y", "origin": [8, 3.95, 8]},
			"faces": {
				"north": {"uv": [12, 2, 13, 2.33333], "texture": "#4"},
				"east": {"uv": [12, 6.66667, 13, 7], "texture": "#4"},
				"south": {"uv": [12, 7.33333, 13, 7.66667], "texture": "#4"},
				"west": {"uv": [12, 9.33333, 13, 9.66667], "texture": "#4"},
				"up": {"uv": [11, 9.66667, 10, 8.66667], "texture": "#4"},
				"down": {"uv": [11, 10, 10, 11], "texture": "#4"}
			}
		},
		{
			"from": [7.25, 5.6, 7.25],
			"to": [8.75, 6.1, 8.75],
			"rotation": {"angle": 45, "axis": "y", "origin": [8, 6.85, 8]},
			"faces": {
				"north": {"uv": [12, 10, 13, 10.33333], "texture": "#4"},
				"east": {"uv": [12, 10.66667, 13, 11], "texture": "#4"},
				"south": {"uv": [11.33333, 12, 12.33333, 12.33333], "texture": "#4"},
				"west": {"uv": [12, 11.33333, 13, 11.66667], "texture": "#4"},
				"up": {"uv": [1, 11.66667, 0, 10.66667], "texture": "#4"},
				"down": {"uv": [11.66667, 0, 10.66667, 1], "texture": "#4"}
			}
		},
		{
			"from": [7.25, 6.5, 7.25],
			"to": [8.75, 7, 8.75],
			"rotation": {"angle": 45, "axis": "y", "origin": [8, 7.75, 8]},
			"faces": {
				"north": {"uv": [12.66667, 0, 13.66667, 0.33333], "texture": "#4"},
				"east": {"uv": [0.66667, 12.66667, 1.66667, 13], "texture": "#4"},
				"south": {"uv": [12.66667, 0.66667, 13.66667, 1], "texture": "#4"},
				"west": {"uv": [12.66667, 1.33333, 13.66667, 1.66667], "texture": "#4"},
				"up": {"uv": [2.33333, 11.66667, 1.33333, 10.66667], "texture": "#4"},
				"down": {"uv": [11.66667, 1.33333, 10.66667, 2.33333], "texture": "#4"}
			}
		},
		{
			"from": [6.85, 14.25, 7.08579],
			"to": [9.15, 15.75, 8.58579],
			"rotation": {"angle": 45, "axis": "x", "origin": [7.5, 14.25, 6.58579]},
			"faces": {
				"east": {"uv": [10.66667, 6.66667, 11.66667, 7.66667], "texture": "#4"},
				"south": {"uv": [8, 6.66667, 9.66667, 7.66667], "texture": "#4"},
				"west": {"uv": [11.33333, 2.66667, 12.33333, 3.66667], "texture": "#4"},
				"down": {"uv": [9.66667, 8, 8, 9], "texture": "#4"}
			}
		},
		{
			"from": [6.85, 15.89645, 6.73223],
			"to": [9.15, 17.39645, 8.23223],
			"rotation": {"angle": 45, "axis": "x", "origin": [7.5, 13.89645, 6.23223]},
			"faces": {
				"north": {"uv": [8.66667, 0, 10.33333, 1], "texture": "#4"},
				"east": {"uv": [11.33333, 4, 12.33333, 5], "texture": "#4"},
				"south": {"uv": [8.66667, 1.33333, 10.33333, 2.33333], "texture": "#4"},
				"west": {"uv": [4.66667, 11.33333, 5.66667, 12.33333], "texture": "#4"},
				"up": {"uv": [7.66667, 9.66667, 6, 8.66667], "texture": "#4"}
			}
		},
		{
			"from": [6.85, 13.89645, 5.43934],
			"to": [9.15, 15.39645, 6.93934],
			"rotation": {"angle": 45, "axis": "x", "origin": [7.5, 13.89645, 6.93934]},
			"faces": {
				"north": {"uv": [9.33333, 2.66667, 11, 3.66667], "texture": "#4"},
				"east": {"uv": [11.33333, 5.33333, 12.33333, 6.33333], "texture": "#4"},
				"west": {"uv": [7.33333, 11.33333, 8.33333, 12.33333], "texture": "#4"},
				"up": {"uv": [11, 5, 9.33333, 4], "texture": "#4"},
				"down": {"uv": [11, 5.33333, 9.33333, 6.33333], "texture": "#4"}
			}
		},
		{
			"from": [7.085, 0.335, 7.085],
			"to": [8.915, 2.165, 8.915],
			"rotation": {"angle": -45, "axis": "x", "origin": [8, 1.25, 8]},
			"faces": {
				"north": {"uv": [7.33333, 0, 8.66667, 1.33333], "texture": "#4"},
				"east": {"uv": [7.33333, 1.33333, 8.66667, 2.66667], "texture": "#4"},
				"south": {"uv": [8, 2.66667, 9.33333, 4], "texture": "#4"},
				"west": {"uv": [8, 4, 9.33333, 5.33333], "texture": "#4"},
				"up": {"uv": [6, 9.33333, 4.66667, 8], "texture": "#4"},
				"down": {"uv": [9.33333, 5.33333, 8, 6.66667], "texture": "#4"}
			}
		},
		{
			"from": [6.5, 10.25, 4.25],
			"to": [6.5, 18.25, 12.25],
			"rotation": {"angle": 0, "axis": "y", "origin": [6.5, 10.25, 4.25]},
			"faces": {
				"west": {"uv": [0, 0, 16, 16], "texture": "#1"}
			}
		},
		{
			"from": [9.5, 10.25, 4.25],
			"to": [9.5, 18.25, 12.25],
			"rotation": {"angle": 0, "axis": "y", "origin": [9.5, 10.25, 4.25]},
			"faces": {
				"east": {"uv": [16, 0, 0, 16], "texture": "#1"}
			}
		},
		{
			"from": [6.83579, 7.9, 8.25],
			"to": [8.33579, 12.9, 9.75],
			"rotation": {"angle": 45, "axis": "y", "origin": [6.58579, 7.9, 8]},
			"faces": {
				"north": {"uv": [13.66667, 9.66667, 14.66667, 13], "texture": "#4"},
				"east": {"uv": [6.66667, 5.33333, 7.66667, 8.66667], "texture": "#4"},
				"south": {"uv": [12.33333, 12.66667, 13.33333, 16], "texture": "#4"},
				"west": {"uv": [15, 9.66667, 16, 13], "texture": "#4"},
				"up": {"uv": [12.33333, 9, 11.33333, 8], "texture": "#4"},
				"down": {"uv": [9.66667, 11.33333, 8.66667, 12.33333], "texture": "#4"}
			}
		},
		{
			"from": [7.5, 13.5, 3.5],
			"to": [8.5, 16.5, 6.5],
			"rotation": {"angle": 45, "axis": "x", "origin": [7.5, 14.5, 4.5]},
			"faces": {
				"north": {"uv": [8, 9.33333, 8.66667, 11.33333], "texture": "#4"},
				"east": {"uv": [13.66667, 5.33333, 15.66667, 7.33333], "texture": "#4"},
				"south": {"uv": [8.66667, 9.33333, 9.33333, 11.33333], "texture": "#4"},
				"west": {"uv": [13.66667, 7.33333, 15.66667, 9.33333], "texture": "#4"},
				"up": {"uv": [10, 11.33333, 9.33333, 9.33333], "texture": "#4"},
				"down": {"uv": [4, 10, 3.33333, 12], "texture": "#4"}
			}
		},
		{
			"from": [7.7535, 10.76538, 4.66995],
			"to": [8.2465, 14.76538, 6.66995],
			"rotation": {"angle": -22.5, "axis": "x", "origin": [7.7535, 8.76538, 4.16995]},
			"faces": {
				"north": {"uv": [2.66667, 11.33333, 3, 14], "texture": "#4"},
				"east": {"uv": [5.33333, 2.66667, 6.66667, 5.33333], "texture": "#4"},
				"south": {"uv": [11.33333, 9.33333, 11.66667, 12], "texture": "#4"},
				"west": {"uv": [5.33333, 5.33333, 6.66667, 8], "texture": "#4"},
				"down": {"uv": [3.66667, 12, 3.33333, 13.33333], "texture": "#4"}
			}
		},
		{
			"from": [7.75, 14.23462, 4.66995],
			"to": [8.25, 18.23462, 6.66995],
			"rotation": {"angle": 22.5, "axis": "x", "origin": [7.75, 20.23462, 4.16995]},
			"faces": {
				"north": {"uv": [10, 11.33333, 10.33333, 14], "texture": "#4"},
				"east": {"uv": [6, 0, 7.33333, 2.66667], "texture": "#4"},
				"south": {"uv": [10.66667, 11.33333, 11, 14], "texture": "#4"},
				"west": {"uv": [6.66667, 2.66667, 8, 5.33333], "texture": "#4"},
				"up": {"uv": [4.33333, 13.33333, 4, 12], "texture": "#4"},
				"down": {"uv": [6.33333, 12, 6, 13.33333], "texture": "#4"}
			}
		},
		{
			"from": [7.985, 9, 0.75],
			"to": [8.015, 20, 5.75],
			"rotation": {"angle": 0, "axis": "y", "origin": [7.985, 8, 0.75]},
			"faces": {
				"east": {"uv": [3.33333, 0, 0, 7.33333], "texture": "#4"},
				"west": {"uv": [0, 0, 3.33333, 7.33333], "texture": "#4"}
			}
		},
		{
			"from": [7.5, 13.5, 9.5],
			"to": [8.5, 16.5, 12.5],
			"rotation": {"angle": -45, "axis": "x", "origin": [7.5, 14.5, 11.5]},
			"faces": {
				"north": {"uv": [9.33333, 9.33333, 8.66667, 11.33333], "texture": "#4"},
				"east": {"uv": [15.66667, 5.33333, 13.66667, 7.33333], "texture": "#4"},
				"south": {"uv": [8.66667, 9.33333, 8, 11.33333], "texture": "#4"},
				"west": {"uv": [15.66667, 7.33333, 13.66667, 9.33333], "texture": "#4"},
				"up": {"uv": [10, 9.33333, 9.33333, 11.33333], "texture": "#4"},
				"down": {"uv": [4, 12, 3.33333, 10], "texture": "#4"}
			}
		},
		{
			"from": [7.7535, 10.76538, 9.33005],
			"to": [8.2465, 14.76538, 11.33005],
			"rotation": {"angle": 22.5, "axis": "x", "origin": [7.7535, 8.76538, 11.83005]},
			"faces": {
				"north": {"uv": [11.66667, 9.33333, 11.33333, 12], "texture": "#4"},
				"east": {"uv": [6.66667, 2.66667, 5.33333, 5.33333], "texture": "#4"},
				"south": {"uv": [3, 11.33333, 2.66667, 14], "texture": "#4"},
				"west": {"uv": [6.66667, 5.33333, 5.33333, 8], "texture": "#4"},
				"down": {"uv": [3.66667, 13.33333, 3.33333, 12], "texture": "#4"}
			}
		},
		{
			"from": [7.75, 14.23462, 9.33005],
			"to": [8.25, 18.23462, 11.33005],
			"rotation": {"angle": -22.5, "axis": "x", "origin": [7.75, 20.23462, 11.83005]},
			"faces": {
				"north": {"uv": [11, 11.33333, 10.66667, 14], "texture": "#4"},
				"east": {"uv": [7.33333, 0, 6, 2.66667], "texture": "#4"},
				"south": {"uv": [10.33333, 11.33333, 10, 14], "texture": "#4"},
				"west": {"uv": [8, 2.66667, 6.66667, 5.33333], "texture": "#4"},
				"up": {"uv": [4.33333, 12, 4, 13.33333], "texture": "#4"},
				"down": {"uv": [6.33333, 13.33333, 6, 12], "texture": "#4"}
			}
		},
		{
			"from": [7.985, 9, 10.25],
			"to": [8.015, 20, 15.25],
			"rotation": {"angle": 0, "axis": "y", "origin": [7.985, 8, 15.25]},
			"faces": {
				"east": {"uv": [0, 0, 3.33333, 7.33333], "texture": "#4"},
				"west": {"uv": [3.33333, 0, 0, 7.33333], "texture": "#4"}
			}
		},
		{
			"from": [6.25, 16, 7.995],
			"to": [9.75, 19.5, 8.005],
			"rotation": {"angle": 45, "axis": "y", "origin": [8, 17.75, 8]},
			"faces": {
				"north": {"uv": [15, 2.66667, 12.66667, 5], "texture": "#4"},
				"south": {"uv": [12.66667, 2.66667, 15, 5], "texture": "#4"}
			}
		},
		{
			"from": [7.995, 16, 6.25],
			"to": [8.005, 19.5, 9.75],
			"rotation": {"angle": 45, "axis": "y", "origin": [8, 17.75, 8]},
			"faces": {
				"east": {"uv": [12.66667, 2.66667, 15, 5], "texture": "#4"},
				"west": {"uv": [15, 2.66667, 12.66667, 5], "texture": "#4"}
			}
		}
	],
	"gui_light": "front",
	"display": {
		"thirdperson_righthand": {
			"translation": [0, 1, 1]
		},
		"thirdperson_lefthand": {
			"translation": [0, 1, 1]
		},
		"firstperson_righthand": {
			"rotation": [-10, 0, 0],
			"translation": [1.25, 1.75, -1.25]
		},
		"firstperson_lefthand": {
			"rotation": [-10, 0, 0],
			"translation": [1.25, 1.75, -1.25]
		},
		"ground": {
			"rotation": [-45, 0, 0],
			"translation": [0, 5, 0],
			"scale": [0.7, 0.7, 0.7]
		},
		"gui": {
			"rotation": [-90, 45, 90],
			"translation": [2.25, -2.25, 0],
			"scale": [0.8, 0.8, 0.8]
		},
		"head": {
			"rotation": [0, -90, 0]
		},
		"fixed": {
			"rotation": [0, -90, 0],
			"translation": [0, 0, -2],
			"scale": [2, 2, 2]
		}
	}
}