{
	"credit": "Made by PolygonMC",
	"texture_size": [32, 32],
	"textures": {
		"1": "valentineset:animations/animations_1",
		"2": "valentineset:crossbow",
		"particle": "valentineset:crossbow"
	},
	"elements": [
		{
			"from": [11, 9.9, -0.91421],
			"to": [12.5, 12.2, 0.58579],
			"rotation": {"angle": -45, "axis": "y", "origin": [11, 11.55, -1.41421]},
			"faces": {
				"south": {"uv": [11.5, 11.5, 12.75, 12.25], "rotation": 90, "texture": "#2"},
				"west": {"uv": [1.25, 12, 0, 12.75], "rotation": 90, "texture": "#2"},
				"up": {"uv": [5, 12.5, 5.75, 13.25], "rotation": 90, "texture": "#2"},
				"down": {"uv": [12.5, 4, 13.25, 4.75], "rotation": 90, "texture": "#2"}
			}
		},
		{
			"from": [12.64645, 9.9, -1.26777],
			"to": [14.14645, 12.2, 0.23223],
			"rotation": {"angle": -45, "axis": "y", "origin": [10.64645, 11.55, -1.76777]},
			"faces": {
				"north": {"uv": [12, 0, 13.25, 0.75], "rotation": 270, "texture": "#2"},
				"east": {"uv": [2.75, 12.75, 1.5, 12], "rotation": 90, "texture": "#2"},
				"south": {"uv": [12, 1, 13.25, 1.75], "rotation": 90, "texture": "#2"},
				"up": {"uv": [6, 12.5, 6.75, 13.25], "rotation": 90, "texture": "#2"},
				"down": {"uv": [12.5, 5, 13.25, 5.75], "rotation": 90, "texture": "#2"}
			}
		},
		{
			"from": [10.64645, 9.9, -2.56066],
			"to": [12.14645, 12.2, -1.06066],
			"rotation": {"angle": -45, "axis": "y", "origin": [10.64645, 11.55, -1.06066]},
			"faces": {
				"north": {"uv": [12, 2, 13.25, 2.75], "rotation": 270, "texture": "#2"},
				"east": {"uv": [4.25, 12.75, 3, 12], "rotation": 90, "texture": "#2"},
				"west": {"uv": [13.25, 3, 12, 3.75], "rotation": 90, "texture": "#2"},
				"up": {"uv": [12.5, 7, 13.25, 7.75], "rotation": 90, "texture": "#2"},
				"down": {"uv": [7, 12.5, 7.75, 13.25], "rotation": 90, "texture": "#2"}
			}
		},
		{
			"from": [13.94017, 10.135, -0.41712],
			"to": [15.77017, 11.965, 1.41288],
			"rotation": {"angle": 22.5, "axis": "y", "origin": [16.35517, 11.05, 0.74788]},
			"faces": {
				"north": {"uv": [10.5, 7.5, 11.5, 8.5], "rotation": 270, "texture": "#2"},
				"east": {"uv": [12, 2, 11, 1], "rotation": 90, "texture": "#2"},
				"south": {"uv": [10.5, 10.5, 11.5, 11.5], "rotation": 90, "texture": "#2"},
				"west": {"uv": [12, 2, 11, 3], "rotation": 90, "texture": "#2"},
				"up": {"uv": [11, 0, 12, 1], "rotation": 90, "texture": "#2"},
				"down": {"uv": [9.5, 10.5, 10.5, 11.5], "rotation": 90, "texture": "#2"}
			}
		},
		{
			"from": [10.5, 11.045, -7],
			"to": [14.5, 11.055, -2],
			"rotation": {"angle": 22.5, "axis": "z", "origin": [12.5, 11.05, -4.5]},
			"faces": {
				"up": {"uv": [3, 3, 5.5, 5], "rotation": 90, "texture": "#2"},
				"down": {"uv": [5.5, 3, 3, 5], "rotation": 90, "texture": "#2"}
			}
		},
		{
			"from": [-2, 12.75, -3],
			"to": [6, 12.75, 5],
			"rotation": {"angle": 22.5, "axis": "y", "origin": [2, 11.25, 1]},
			"faces": {
				"up": {"uv": [0, 0, 16, 16], "texture": "#1"}
			}
		},
		{
			"from": [10, 12.75, -3],
			"to": [18, 12.75, 5],
			"rotation": {"angle": -22.5, "axis": "y", "origin": [14, 11.25, 1]},
			"faces": {
				"up": {"uv": [16, 0, 0, 16], "texture": "#1"}
			}
		},
		{
			"from": [12, 10.3, -1],
			"to": [15, 11.8, 0.5],
			"rotation": {"angle": -22.5, "axis": "y", "origin": [12, 11.8, -1]},
			"faces": {
				"north": {"uv": [10, 2, 10.75, 3.5], "rotation": 270, "texture": "#2"},
				"south": {"uv": [5, 10, 5.75, 11.5], "rotation": 90, "texture": "#2"},
				"up": {"uv": [6, 10, 6.75, 11.5], "rotation": 90, "texture": "#2"},
				"down": {"uv": [10, 3.5, 10.75, 5], "rotation": 90, "texture": "#2"}
			}
		},
		{
			"from": [15.39527, 10.3, -0.52912],
			"to": [18.39527, 11.8, 0.97088],
			"rotation": {"angle": -45, "axis": "y", "origin": [14.39104, 11.8, 0.06147]},
			"faces": {
				"north": {"uv": [10, 6, 10.75, 7.5], "rotation": 270, "texture": "#2"},
				"south": {"uv": [3, 10.5, 3.75, 12], "rotation": 90, "texture": "#2"},
				"up": {"uv": [4, 10.5, 4.75, 12], "rotation": 90, "texture": "#2"},
				"down": {"uv": [7, 10, 7.75, 11.5], "rotation": 90, "texture": "#2"}
			}
		},
		{
			"from": [16.02039, 10.05, 2.25561],
			"to": [18.02039, 12.05, 4.25561],
			"rotation": {"angle": 22.5, "axis": "y", "origin": [18.17039, 11.55, 3.00561]},
			"faces": {
				"north": {"uv": [11, 3, 12, 4], "rotation": 270, "texture": "#2"},
				"east": {"uv": [6, 12.5, 5, 11.5], "rotation": 90, "texture": "#2"},
				"south": {"uv": [11, 6, 12, 7], "rotation": 90, "texture": "#2"},
				"west": {"uv": [7, 11.5, 6, 12.5], "rotation": 90, "texture": "#2"},
				"up": {"uv": [8.5, 11, 9.5, 12], "rotation": 90, "texture": "#2"},
				"down": {"uv": [11, 4, 12, 5], "rotation": 90, "texture": "#2"}
			}
		},
		{
			"from": [3.5, 9.9, -0.91421],
			"to": [5, 12.2, 0.58579],
			"rotation": {"angle": 45, "axis": "y", "origin": [5, 11.55, -1.41421]},
			"faces": {
				"east": {"uv": [1.25, 12.75, 0, 12], "rotation": 90, "texture": "#2"},
				"south": {"uv": [11.5, 12.25, 12.75, 11.5], "rotation": 90, "texture": "#2"},
				"up": {"uv": [5, 13.25, 5.75, 12.5], "rotation": 90, "texture": "#2"},
				"down": {"uv": [12.5, 4.75, 13.25, 4], "rotation": 90, "texture": "#2"}
			}
		},
		{
			"from": [1.85355, 9.9, -1.26777],
			"to": [3.35355, 12.2, 0.23223],
			"rotation": {"angle": 45, "axis": "y", "origin": [5.35355, 11.55, -1.76777]},
			"faces": {
				"north": {"uv": [12, 0.75, 13.25, 0], "rotation": 270, "texture": "#2"},
				"south": {"uv": [12, 1.75, 13.25, 1], "rotation": 90, "texture": "#2"},
				"west": {"uv": [2.75, 12, 1.5, 12.75], "rotation": 90, "texture": "#2"},
				"up": {"uv": [6, 13.25, 6.75, 12.5], "rotation": 90, "texture": "#2"},
				"down": {"uv": [12.5, 5.75, 13.25, 5], "rotation": 90, "texture": "#2"}
			}
		},
		{
			"from": [3.85355, 9.9, -2.56066],
			"to": [5.35355, 12.2, -1.06066],
			"rotation": {"angle": 45, "axis": "y", "origin": [5.35355, 11.55, -1.06066]},
			"faces": {
				"north": {"uv": [12, 2.75, 13.25, 2], "rotation": 270, "texture": "#2"},
				"east": {"uv": [13.25, 3.75, 12, 3], "rotation": 90, "texture": "#2"},
				"west": {"uv": [4.25, 12, 3, 12.75], "rotation": 90, "texture": "#2"},
				"up": {"uv": [12.5, 7.75, 13.25, 7], "rotation": 90, "texture": "#2"},
				"down": {"uv": [7, 13.25, 7.75, 12.5], "rotation": 90, "texture": "#2"}
			}
		},
		{
			"from": [0.22983, 10.135, -0.41712],
			"to": [2.05983, 11.965, 1.41288],
			"rotation": {"angle": -22.5, "axis": "y", "origin": [-0.35517, 11.05, 0.74788]},
			"faces": {
				"north": {"uv": [10.5, 8.5, 11.5, 7.5], "rotation": 270, "texture": "#2"},
				"east": {"uv": [12, 3, 11, 2], "rotation": 90, "texture": "#2"},
				"south": {"uv": [10.5, 11.5, 11.5, 10.5], "rotation": 90, "texture": "#2"},
				"west": {"uv": [12, 1, 11, 2], "rotation": 90, "texture": "#2"},
				"up": {"uv": [11, 1, 12, 0], "rotation": 90, "texture": "#2"},
				"down": {"uv": [9.5, 11.5, 10.5, 10.5], "rotation": 90, "texture": "#2"}
			}
		},
		{
			"from": [1.5, 11.045, -7],
			"to": [5.5, 11.055, -2],
			"rotation": {"angle": -22.5, "axis": "z", "origin": [3.5, 11.05, -4.5]},
			"faces": {
				"up": {"uv": [3, 5, 5.5, 3], "rotation": 90, "texture": "#2"},
				"down": {"uv": [5.5, 5, 3, 3], "rotation": 90, "texture": "#2"}
			}
		},
		{
			"from": [1, 10.3, -1],
			"to": [4, 11.8, 0.5],
			"rotation": {"angle": 22.5, "axis": "y", "origin": [4, 11.8, -1]},
			"faces": {
				"north": {"uv": [10, 3.5, 10.75, 2], "rotation": 270, "texture": "#2"},
				"south": {"uv": [5, 11.5, 5.75, 10], "rotation": 90, "texture": "#2"},
				"up": {"uv": [6, 11.5, 6.75, 10], "rotation": 90, "texture": "#2"},
				"down": {"uv": [10, 5, 10.75, 3.5], "rotation": 90, "texture": "#2"}
			}
		},
		{
			"from": [-2.39527, 10.3, -0.52912],
			"to": [0.60473, 11.8, 0.97088],
			"rotation": {"angle": 45, "axis": "y", "origin": [1.60896, 11.8, 0.06147]},
			"faces": {
				"north": {"uv": [10, 7.5, 10.75, 6], "rotation": 270, "texture": "#2"},
				"south": {"uv": [3, 12, 3.75, 10.5], "rotation": 90, "texture": "#2"},
				"up": {"uv": [4, 12, 4.75, 10.5], "rotation": 90, "texture": "#2"},
				"down": {"uv": [7, 11.5, 7.75, 10], "rotation": 90, "texture": "#2"}
			}
		},
		{
			"from": [-2.02039, 10.05, 2.25561],
			"to": [-0.02039, 12.05, 4.25561],
			"rotation": {"angle": -22.5, "axis": "y", "origin": [-2.17039, 11.55, 3.00561]},
			"faces": {
				"north": {"uv": [11, 4, 12, 3], "rotation": 270, "texture": "#2"},
				"east": {"uv": [7, 12.5, 6, 11.5], "rotation": 90, "texture": "#2"},
				"south": {"uv": [11, 7, 12, 6], "rotation": 90, "texture": "#2"},
				"west": {"uv": [6, 11.5, 5, 12.5], "rotation": 90, "texture": "#2"},
				"up": {"uv": [8.5, 12, 9.5, 11], "rotation": 90, "texture": "#2"},
				"down": {"uv": [11, 5, 12, 4], "rotation": 90, "texture": "#2"}
			}
		},
		{
			"from": [-0.625, 10.97, 3.48323],
			"to": [16.625, 11, 8.98323],
			"rotation": {"angle": 0, "axis": "z", "origin": [10.5, 13.985, 9.48323]},
			"faces": {
				"up": {"uv": [8.75, 2.75, 0, 0], "texture": "#2"},
				"down": {"uv": [8.75, 0, 0, 2.75], "texture": "#2"}
			}
		},
		{
			"from": [7, 8, 0],
			"to": [9, 10, 9],
			"rotation": {"angle": 0, "axis": "y", "origin": [7, 0, 0]},
			"faces": {
				"north": {"uv": [7, 11.5, 8, 12.5], "texture": "#2"},
				"east": {"uv": [3, 5, 7.5, 6], "texture": "#2"},
				"west": {"uv": [5.5, 3, 10, 4], "texture": "#2"},
				"up": {"uv": [4, 10.5, 3, 6], "texture": "#2"},
				"down": {"uv": [5, 6, 4, 10.5], "texture": "#2"}
			}
		},
		{
			"from": [7.5, 7, 0.5],
			"to": [8.5, 8, 4],
			"rotation": {"angle": 0, "axis": "y", "origin": [7, 0, 0]},
			"faces": {
				"north": {"uv": [13, 11.5, 13.5, 12], "texture": "#2"},
				"east": {"uv": [12, 6, 13.75, 6.5], "texture": "#2"},
				"south": {"uv": [12, 13, 12.5, 13.5], "texture": "#2"},
				"west": {"uv": [12, 6.5, 13.75, 7], "texture": "#2"},
				"down": {"uv": [12.5, 7, 12, 8.75], "texture": "#2"}
			}
		},
		{
			"from": [7, 7.85195, 10.77164],
			"to": [9, 8.85195, 16.77164],
			"rotation": {"angle": 0, "axis": "y", "origin": [7, -0.14805, 0.77164]},
			"faces": {
				"east": {"uv": [9, 5.5, 12, 6], "texture": "#2"},
				"west": {"uv": [8.5, 9, 11.5, 9.5], "texture": "#2"},
				"up": {"uv": [6, 9, 5, 6], "texture": "#2"},
				"down": {"uv": [7, 6, 6, 9], "texture": "#2"}
			}
		},
		{
			"from": [7.5, 6.85195, 10.77164],
			"to": [8.5, 7.85195, 16.77164],
			"rotation": {"angle": 0, "axis": "y", "origin": [7, -0.14805, 0.77164]},
			"faces": {
				"east": {"uv": [0, 9.5, 3, 10], "texture": "#2"},
				"west": {"uv": [5, 9.5, 8, 10], "texture": "#2"},
				"down": {"uv": [8.5, 9.5, 8, 12.5], "texture": "#2"}
			}
		},
		{
			"from": [6.9875, 6.54016, 8.31179],
			"to": [9.0125, 9.54016, 11.31179],
			"rotation": {"angle": 22.5, "axis": "x", "origin": [8.0125, 8.04016, 9.81179]},
			"faces": {
				"north": {"uv": [8.5, 7.5, 9.5, 9], "texture": "#2"},
				"east": {"uv": [7, 8, 8.5, 9.5], "texture": "#2"},
				"south": {"uv": [9, 0, 10, 1.5], "texture": "#2"},
				"west": {"uv": [8.5, 6, 10, 7.5], "texture": "#2"},
				"up": {"uv": [10, 3, 9, 1.5], "texture": "#2"},
				"down": {"uv": [10, 4, 9, 5.5], "texture": "#2"}
			}
		},
		{
			"from": [6.985, 6.08031, 15.62359],
			"to": [9.015, 9.08031, 16.62359],
			"rotation": {"angle": 22.5, "axis": "x", "origin": [6.985, 6.08031, 15.62359]},
			"faces": {
				"north": {"uv": [9.5, 7.5, 10.5, 9], "texture": "#2"},
				"east": {"uv": [8.5, 12, 9, 13.5], "texture": "#2"},
				"south": {"uv": [8.5, 9.5, 9.5, 11], "texture": "#2"},
				"west": {"uv": [9, 12, 9.5, 13.5], "texture": "#2"},
				"up": {"uv": [11.5, 9, 10.5, 8.5], "texture": "#2"},
				"down": {"uv": [13.5, 11, 12.5, 11.5], "texture": "#2"}
			}
		},
		{
			"from": [7.25, 4.57404, 9.07612],
			"to": [8.75, 8.07404, 10.07612],
			"rotation": {"angle": -22.5, "axis": "x", "origin": [7.5, 4.07404, 8.07612]},
			"faces": {
				"north": {"uv": [1, 10, 1.75, 11.75], "texture": "#2"},
				"east": {"uv": [12, 4, 12.5, 5.75], "texture": "#2"},
				"south": {"uv": [2, 10, 2.75, 11.75], "texture": "#2"},
				"west": {"uv": [4.5, 12, 5, 13.75], "texture": "#2"},
				"down": {"uv": [12.25, 12.5, 11.5, 13], "texture": "#2"}
			}
		},
		{
			"from": [7.25, 4.57404, 8.07612],
			"to": [8.75, 6.07404, 9.07612],
			"rotation": {"angle": -22.5, "axis": "x", "origin": [7.5, 4.07404, 8.07612]},
			"faces": {
				"north": {"uv": [12.5, 8, 13.25, 8.75], "texture": "#2"},
				"east": {"uv": [10.5, 12.5, 11, 13.25], "texture": "#2"},
				"west": {"uv": [12.5, 12.5, 13, 13.25], "texture": "#2"},
				"up": {"uv": [0.75, 13.5, 0, 13], "texture": "#2"},
				"down": {"uv": [1.75, 13, 1, 13.5], "texture": "#2"}
			}
		},
		{
			"from": [7.65, 6.07404, 8.32612],
			"to": [8.35, 8.57404, 9.07612],
			"rotation": {"angle": -22.5, "axis": "x", "origin": [7.5, 4.07404, 8.07612]},
			"faces": {
				"north": {"uv": [3, 13, 3.25, 14.25], "texture": "#2"},
				"east": {"uv": [12, 10, 12.5, 11.25], "texture": "#2"},
				"west": {"uv": [11, 12, 11.5, 13.25], "texture": "#2"}
			}
		},
		{
			"from": [8, 8.25, -1],
			"to": [9, 9.25, 3],
			"rotation": {"angle": 45, "axis": "z", "origin": [8, 8.25, -1]},
			"faces": {
				"north": {"uv": [11, 7, 11.5, 7.5], "texture": "#2"},
				"south": {"uv": [3.5, 13, 4, 13.5], "texture": "#2"},
				"west": {"uv": [5, 9, 7, 9.5], "texture": "#2"},
				"down": {"uv": [12, 7, 11.5, 9], "texture": "#2"}
			}
		},
		{
			"from": [9, 8.25, -1],
			"to": [12, 9.25, 3],
			"rotation": {"angle": 45, "axis": "z", "origin": [8, 8.25, -1]},
			"faces": {
				"north": {"uv": [9.5, 12, 11, 12.5], "texture": "#2"},
				"east": {"uv": [10, 5, 12, 5.5], "texture": "#2"},
				"south": {"uv": [12, 9.5, 13.5, 10], "texture": "#2"},
				"up": {"uv": [8.5, 8, 7, 6], "texture": "#2"},
				"down": {"uv": [9, 4, 7.5, 6], "texture": "#2"}
			}
		},
		{
			"from": [11, 9.25, -1],
			"to": [12, 10.25, 3],
			"rotation": {"angle": 45, "axis": "z", "origin": [8, 8.25, -1]},
			"faces": {
				"north": {"uv": [4, 13, 4.5, 13.5], "texture": "#2"},
				"east": {"uv": [11.5, 9, 13.5, 9.5], "texture": "#2"},
				"south": {"uv": [11.5, 13, 12, 13.5], "texture": "#2"},
				"west": {"uv": [9.5, 11.5, 11.5, 12], "texture": "#2"},
				"up": {"uv": [12, 11.5, 11.5, 9.5], "texture": "#2"}
			}
		},
		{
			"from": [4, 8.25, -1],
			"to": [7, 9.25, 3],
			"rotation": {"angle": -45, "axis": "z", "origin": [8, 8.25, -1]},
			"faces": {
				"north": {"uv": [11, 12, 9.5, 12.5], "texture": "#2"},
				"south": {"uv": [13.5, 9.5, 12, 10], "texture": "#2"},
				"west": {"uv": [12, 5, 10, 5.5], "texture": "#2"},
				"up": {"uv": [7, 8, 8.5, 6], "texture": "#2"},
				"down": {"uv": [7.5, 4, 9, 6], "texture": "#2"}
			}
		},
		{
			"from": [4, 9.25, -1],
			"to": [5, 10.25, 3],
			"rotation": {"angle": -45, "axis": "z", "origin": [8, 8.25, -1]},
			"faces": {
				"north": {"uv": [4.5, 13, 4, 13.5], "texture": "#2"},
				"east": {"uv": [11.5, 11.5, 9.5, 12], "texture": "#2"},
				"south": {"uv": [12, 13, 11.5, 13.5], "texture": "#2"},
				"west": {"uv": [13.5, 9, 11.5, 9.5], "texture": "#2"},
				"up": {"uv": [11.5, 11.5, 12, 9.5], "texture": "#2"}
			}
		},
		{
			"from": [7.5, 10, 7],
			"to": [8.5, 10.5, 9],
			"rotation": {"angle": 0, "axis": "y", "origin": [7.5, 10, 7]},
			"faces": {
				"north": {"uv": [13.5, 0, 14, 0.25], "texture": "#2"},
				"east": {"uv": [13, 12, 14, 12.25], "texture": "#2"},
				"south": {"uv": [0.5, 13.5, 1, 13.75], "texture": "#2"},
				"west": {"uv": [13, 12.5, 14, 12.75], "texture": "#2"},
				"up": {"uv": [8.5, 13.5, 8, 12.5], "texture": "#2"}
			}
		},
		{
			"from": [7.525, 10.44134, 8.53806],
			"to": [8.475, 11.69134, 9.03806],
			"rotation": {"angle": 22.5, "axis": "x", "origin": [7.5, 10.69134, 8.53806]},
			"faces": {
				"north": {"uv": [2, 13, 2.5, 13.75], "texture": "#2"},
				"east": {"uv": [13, 13, 13.25, 13.75], "texture": "#2"},
				"south": {"uv": [2.5, 13, 3, 13.75], "texture": "#2"},
				"west": {"uv": [0, 13.5, 0.25, 14.25], "texture": "#2"},
				"up": {"uv": [14, 0.75, 13.5, 0.5], "texture": "#2"}
			}
		},
		{
			"from": [7.75, 7.25001, 5.9471],
			"to": [8.25, 8.25001, 6.4471],
			"rotation": {"angle": -22.5, "axis": "x", "origin": [7.75, 6.75001, 5.9471]},
			"faces": {
				"north": {"uv": [1, 13.5, 1.25, 14], "texture": "#2"},
				"east": {"uv": [13.5, 1, 13.75, 1.5], "texture": "#2"},
				"south": {"uv": [1.5, 13.5, 1.75, 14], "texture": "#2"},
				"west": {"uv": [13.5, 1.5, 13.75, 2], "texture": "#2"},
				"down": {"uv": [13.75, 3.5, 13.5, 3.75], "texture": "#2"}
			}
		},
		{
			"from": [7.7535, 6.78702, 5.54539],
			"to": [8.2465, 7.53702, 6.04539],
			"rotation": {"angle": 22.5, "axis": "x", "origin": [8.0035, 7.03702, 5.79539]},
			"faces": {
				"north": {"uv": [13.5, 2, 13.75, 2.5], "texture": "#2"},
				"east": {"uv": [13.5, 2.5, 13.75, 3], "texture": "#2"},
				"south": {"uv": [13.5, 3, 13.75, 3.5], "texture": "#2"},
				"west": {"uv": [3.5, 13.5, 3.75, 14], "texture": "#2"},
				"down": {"uv": [4.25, 13.5, 4, 13.75], "texture": "#2"}
			}
		},
		{
			"from": [8, 5.68934, 0.25],
			"to": [9.5, 7.18934, 4.25],
			"rotation": {"angle": 45, "axis": "z", "origin": [8, 5.68934, 0.25]},
			"faces": {
				"north": {"uv": [9.5, 12.5, 10.25, 13.25], "texture": "#2"},
				"east": {"uv": [5.5, 4, 7.5, 4.75], "texture": "#2"},
				"south": {"uv": [12.5, 10, 13.25, 10.75], "texture": "#2"},
				"west": {"uv": [9.5, 9.5, 11.5, 10.25], "texture": "#2"},
				"up": {"uv": [0.75, 12, 0, 10], "texture": "#2"},
				"down": {"uv": [10.75, 0, 10, 2], "texture": "#2"}
			}
		}
	],
	"gui_light": "front",
	"display": {
		"thirdperson_righthand": {
			"translation": [-1, -0.25, 2.25],
			"scale": [0.8, 0.8, 0.8]
		},
		"thirdperson_lefthand": {
			"translation": [-1, -0.25, 2.25],
			"scale": [0.8, 0.8, 0.8]
		},
		"firstperson_righthand": {
			"rotation": [6.75, 0, 0],
			"translation": [1.25, 0, -1.25]
		},
		"firstperson_lefthand": {
			"rotation": [6.75, 0, 0],
			"translation": [1.25, 0, -1.25]
		},
		"ground": {
			"rotation": [25, 0, 0],
			"translation": [0, 5, 0],
			"scale": [0.7, 0.7, 0.7]
		},
		"gui": {
			"rotation": [90, 45, 0],
			"translation": [2, -2, 0],
			"scale": [0.8, 0.8, 0.8]
		},
		"head": {
			"rotation": [-29, 180, 0]
		},
		"fixed": {
			"rotation": [-90, 0, 0],
			"translation": [0, -0.25, -2.5],
			"scale": [2, 2, 2]
		}
	}
}