{
	"credit": "Made by PolygonMC",
	"textures": {
		"0": "valentineset:key",
		"1": "valentineset:animations/animations_1",
		"particle": "valentineset:key"
	},
	"elements": [
		{
			"from": [7.5, 7.48483, 7.84467],
			"to": [8.5, 8.48483, 9.84467],
			"rotation": {"angle": -45, "axis": "z", "origin": [8, 7.98483, 7.09467]},
			"faces": {
				"north": {"uv": [11, 0, 12, 1], "texture": "#0"},
				"east": {"uv": [8, 8, 10, 9], "texture": "#0"},
				"south": {"uv": [1, 11, 2, 12], "texture": "#0"},
				"west": {"uv": [9, 4, 11, 5], "texture": "#0"},
				"up": {"uv": [10, 7, 9, 5], "texture": "#0"},
				"down": {"uv": [9, 9, 8, 11], "texture": "#0"}
			}
		},
		{
			"from": [7.5, 7.48483, 4.34467],
			"to": [8.5, 8.48483, 6.34467],
			"rotation": {"angle": -45, "axis": "z", "origin": [8, 7.98483, 7.09467]},
			"faces": {
				"north": {"uv": [11, 1, 12, 2], "texture": "#0"},
				"east": {"uv": [9, 7, 11, 8], "texture": "#0"},
				"south": {"uv": [2, 11, 3, 12], "texture": "#0"},
				"west": {"uv": [9, 9, 11, 10], "texture": "#0"},
				"up": {"uv": [1, 12, 0, 10], "texture": "#0"},
				"down": {"uv": [11, 0, 10, 2], "texture": "#0"}
			}
		},
		{
			"from": [7.6, 7.58483, 6.34467],
			"to": [8.4, 8.38483, 7.84467],
			"rotation": {"angle": -45, "axis": "z", "origin": [8, 7.98483, 7.09467]},
			"faces": {
				"east": {"uv": [1, 10, 2.5, 11], "texture": "#0"},
				"west": {"uv": [10, 2, 11.5, 3], "texture": "#0"},
				"up": {"uv": [4, 11.5, 3, 10], "texture": "#0"},
				"down": {"uv": [5, 10, 4, 11.5], "texture": "#0"}
			}
		},
		{
			"from": [7.125, 7.625, 9.46967],
			"to": [8.875, 9.125, 10.96967],
			"rotation": {"angle": -45, "axis": "x", "origin": [8, 8, 10.59467]},
			"faces": {
				"north": {"uv": [4, 4, 2, 5.5], "rotation": 180, "texture": "#0"},
				"east": {"uv": [0, 8, 1.5, 9.5], "rotation": 270, "texture": "#0"},
				"west": {"uv": [8, 0, 9.5, 1.5], "rotation": 90, "texture": "#0"},
				"up": {"uv": [0, 4, 2, 5.5], "rotation": 180, "texture": "#0"}
			}
		},
		{
			"from": [6.875, 7.875, 9.71967],
			"to": [9.125, 8.875, 10.71967],
			"rotation": {"angle": -45, "axis": "x", "origin": [8, 8, 10.59467]},
			"faces": {
				"north": {"uv": [8.5, 5, 6, 6], "rotation": 180, "texture": "#0"},
				"east": {"uv": [11, 4, 12, 5], "rotation": 270, "texture": "#0"},
				"west": {"uv": [11, 5, 12, 6], "rotation": 90, "texture": "#0"},
				"up": {"uv": [6, 4, 8.5, 5], "rotation": 180, "texture": "#0"}
			}
		},
		{
			"from": [7.125, 6.125, 9.46967],
			"to": [8.875, 7.625, 10.96967],
			"rotation": {"angle": -45, "axis": "x", "origin": [8, 8, 10.59467]},
			"faces": {
				"north": {"uv": [6, 6, 4, 7.5], "rotation": 180, "texture": "#0"},
				"east": {"uv": [4, 8, 5.5, 9.5], "rotation": 270, "texture": "#0"},
				"south": {"uv": [8, 3.5, 6, 2], "texture": "#0"},
				"west": {"uv": [6, 8, 7.5, 9.5], "rotation": 90, "texture": "#0"},
				"down": {"uv": [2, 6, 4, 7.5], "texture": "#0"}
			}
		},
		{
			"from": [6.875, 6.375, 9.71967],
			"to": [9.125, 7.875, 10.71967],
			"rotation": {"angle": -45, "axis": "x", "origin": [8, 8, 10.59467]},
			"faces": {
				"north": {"uv": [5.5, 2, 3, 3.5], "rotation": 180, "texture": "#0"},
				"east": {"uv": [10, 3, 11.5, 4], "rotation": 270, "texture": "#0"},
				"south": {"uv": [5.5, 1.5, 3, 0], "texture": "#0"},
				"west": {"uv": [6, 10, 7.5, 11], "rotation": 90, "texture": "#0"},
				"down": {"uv": [6, 7, 8.5, 8], "texture": "#0"}
			}
		},
		{
			"from": [7.125, 7.625, 10.96967],
			"to": [8.875, 9.125, 12.46967],
			"rotation": {"angle": -45, "axis": "x", "origin": [8, 8, 10.59467]},
			"faces": {
				"east": {"uv": [2, 8, 3.5, 9.5], "rotation": 270, "texture": "#0"},
				"south": {"uv": [8, 1.5, 6, 0], "texture": "#0"},
				"west": {"uv": [8, 2, 9.5, 3.5], "rotation": 90, "texture": "#0"},
				"up": {"uv": [4, 4, 6, 5.5], "rotation": 180, "texture": "#0"},
				"down": {"uv": [0, 6, 2, 7.5], "texture": "#0"}
			}
		},
		{
			"from": [6.875, 7.875, 10.71967],
			"to": [9.125, 8.875, 12.21967],
			"rotation": {"angle": -45, "axis": "x", "origin": [8, 8, 10.59467]},
			"faces": {
				"east": {"uv": [5, 10, 6, 11.5], "rotation": 270, "texture": "#0"},
				"south": {"uv": [8.5, 7, 6, 6], "texture": "#0"},
				"west": {"uv": [10, 5, 11, 6.5], "rotation": 90, "texture": "#0"},
				"up": {"uv": [0, 0, 2.5, 1.5], "rotation": 180, "texture": "#0"},
				"down": {"uv": [0, 2, 2.5, 3.5], "texture": "#0"}
			}
		},
		{
			"from": [7.75, 6.98483, 4.6],
			"to": [8.25, 7.98483, 6.1],
			"rotation": {"angle": 0, "axis": "y", "origin": [7.75, 6.98483, 4.6]},
			"faces": {
				"north": {"uv": [11, 7, 11.5, 8], "texture": "#0"},
				"east": {"uv": [10, 8, 11.5, 9], "texture": "#0"},
				"south": {"uv": [8, 11, 8.5, 12], "texture": "#0"},
				"west": {"uv": [9, 10, 10.5, 11], "texture": "#0"},
				"down": {"uv": [7.5, 11, 7, 12.5], "texture": "#0"}
			}
		},
		{
			"from": [7.75, 5.98483, 4.6],
			"to": [8.25, 6.98483, 5.6],
			"rotation": {"angle": 0, "axis": "y", "origin": [7.75, 5.98483, 4.6]},
			"faces": {
				"north": {"uv": [9, 11, 9.5, 12], "texture": "#0"},
				"east": {"uv": [6, 11, 7, 12], "texture": "#0"},
				"south": {"uv": [11, 9, 11.5, 10], "texture": "#0"},
				"west": {"uv": [11, 6, 12, 7], "texture": "#0"},
				"down": {"uv": [10.5, 11, 10, 12], "texture": "#0"}
			}
		},
		{
			"from": [6.5, 4.25, 6.4],
			"to": [6.5, 12.25, 14.4],
			"rotation": {"angle": 0, "axis": "y", "origin": [6.5, 4.25, 6.4]},
			"faces": {
				"west": {"uv": [0, 0, 16, 16], "texture": "#1"}
			}
		},
		{
			"from": [9.5, 4.25, 6.4],
			"to": [9.5, 12.25, 14.4],
			"rotation": {"angle": 0, "axis": "y", "origin": [9.5, 4.25, 6.4]},
			"faces": {
				"east": {"uv": [16, 0, 0, 16], "texture": "#1"}
			}
		}
	],
	"gui_light": "front",
	"display": {
		"thirdperson_righthand": {
			"rotation": [90, 0, 0],
			"translation": [0, 3, 0.25]
		},
		"thirdperson_lefthand": {
			"rotation": [90, 0, 0],
			"translation": [0, 3, 0.25]
		},
		"firstperson_righthand": {
			"rotation": [56, 0, -11],
			"translation": [-1, 4.75, 2]
		},
		"firstperson_lefthand": {
			"rotation": [56, 0, -11],
			"translation": [-1, 4.75, 2]
		},
		"ground": {
			"rotation": [45, 0, 0],
			"translation": [0, 5, 0]
		},
		"gui": {
			"rotation": [-90, 134, 90],
			"translation": [0, 0.75, 0],
			"scale": [2, 2, 2]
		},
		"head": {
			"rotation": [90, -45, 90]
		},
		"fixed": {
			"rotation": [90, -45, 90],
			"translation": [0.5, 0.5, -1.5],
			"scale": [2.21094, 2.21094, 2.21094]
		}
	}
}