{
	"credit": "Made by PolygonMC",
	"texture_size": [24, 24],
	"textures": {
		"1": "valentineset:animations/animations_1",
		"2": "valentineset:scythe",
		"particle": "valentineset:scythe"
	},
	"elements": [
		{
			"from": [7.4, -3.6, 7.4],
			"to": [8.6, -1.35, 8.6],
			"rotation": {"angle": 45, "axis": "y", "origin": [8, -0.6, 8]},
			"faces": {
				"north": {"uv": [6, 11.33333, 6.66667, 13], "texture": "#2"},
				"east": {"uv": [11.33333, 6, 12, 7.66667], "texture": "#2"},
				"south": {"uv": [6.66667, 11.33333, 7.33333, 13], "texture": "#2"},
				"west": {"uv": [7.33333, 11.33333, 8, 13], "texture": "#2"},
				"up": {"uv": [8.66667, 3.33333, 8, 2.66667], "texture": "#2"}
			}
		},
		{
			"from": [7.4, 0.15, 7.4],
			"to": [8.6, 2.9, 8.6],
			"rotation": {"angle": 45, "axis": "y", "origin": [8, -0.6, 8]},
			"faces": {
				"north": {"uv": [2.66667, 10.66667, 3.33333, 12.66667], "texture": "#2"},
				"east": {"uv": [3.33333, 10.66667, 4, 12.66667], "texture": "#2"},
				"south": {"uv": [10, 10.66667, 10.66667, 12.66667], "texture": "#2"},
				"west": {"uv": [10.66667, 10.66667, 11.33333, 12.66667], "texture": "#2"},
				"down": {"uv": [10, 8, 9.33333, 8.66667], "texture": "#2"}
			}
		},
		{
			"from": [7.5, -1.35, 7.5],
			"to": [8.5, 0.15, 8.5],
			"rotation": {"angle": 45, "axis": "y", "origin": [8, -0.6, 8]},
			"faces": {
				"north": {"uv": [12, 13.33333, 12.66667, 14.33333], "texture": "#2"},
				"east": {"uv": [13.33333, 12, 14, 13], "texture": "#2"},
				"south": {"uv": [12.66667, 13.33333, 13.33333, 14.33333], "texture": "#2"},
				"west": {"uv": [13.33333, 13.33333, 14, 14.33333], "texture": "#2"}
			}
		},
		{
			"from": [7.5, 6.4, 7.5],
			"to": [8.5, 7.9, 8.5],
			"rotation": {"angle": 45, "axis": "y", "origin": [8, 7.15, 8]},
			"faces": {
				"north": {"uv": [2.66667, 14, 3.33333, 15], "texture": "#2"},
				"east": {"uv": [3.33333, 14, 4, 15], "texture": "#2"},
				"south": {"uv": [10, 14, 10.66667, 15], "texture": "#2"},
				"west": {"uv": [10.66667, 14, 11.33333, 15], "texture": "#2"}
			}
		},
		{
			"from": [7.25, -2.3, 7.25],
			"to": [8.75, -1.8, 8.75],
			"rotation": {"angle": 45, "axis": "y", "origin": [8, -1.05, 8]},
			"faces": {
				"north": {"uv": [14.66667, 3.33333, 15.66667, 3.66667], "texture": "#2"},
				"east": {"uv": [4, 14.66667, 5, 15], "texture": "#2"},
				"south": {"uv": [14.66667, 4, 15.66667, 4.33333], "texture": "#2"},
				"west": {"uv": [14.66667, 4.66667, 15.66667, 5], "texture": "#2"},
				"up": {"uv": [13, 1, 12, 0], "texture": "#2"},
				"down": {"uv": [13, 1.33333, 12, 2.33333], "texture": "#2"}
			}
		},
		{
			"from": [7.25, 0.6, 7.25],
			"to": [8.75, 1.1, 8.75],
			"rotation": {"angle": 45, "axis": "y", "origin": [8, 1.85, 8]},
			"faces": {
				"north": {"uv": [5.33333, 14.66667, 6.33333, 15], "texture": "#2"},
				"east": {"uv": [14.66667, 5.33333, 15.66667, 5.66667], "texture": "#2"},
				"south": {"uv": [14.66667, 6, 15.66667, 6.33333], "texture": "#2"},
				"west": {"uv": [6.66667, 14.66667, 7.66667, 15], "texture": "#2"},
				"up": {"uv": [13, 3.66667, 12, 2.66667], "texture": "#2"},
				"down": {"uv": [13, 4, 12, 5], "texture": "#2"}
			}
		},
		{
			"from": [7.25, 1.5, 7.25],
			"to": [8.75, 2, 8.75],
			"rotation": {"angle": 45, "axis": "y", "origin": [8, 2.75, 8]},
			"faces": {
				"north": {"uv": [14.66667, 6.66667, 15.66667, 7], "texture": "#2"},
				"east": {"uv": [14.66667, 7.33333, 15.66667, 7.66667], "texture": "#2"},
				"south": {"uv": [8, 14.66667, 9, 15], "texture": "#2"},
				"west": {"uv": [14.66667, 8, 15.66667, 8.33333], "texture": "#2"},
				"up": {"uv": [13, 6.33333, 12, 5.33333], "texture": "#2"},
				"down": {"uv": [13, 6.66667, 12, 7.66667], "texture": "#2"}
			}
		},
		{
			"from": [7.4, 11.4, 7.4],
			"to": [8.6, 13.65, 8.6],
			"rotation": {"angle": 45, "axis": "y", "origin": [8, 14.4, 8]},
			"faces": {
				"north": {"uv": [8, 11.33333, 8.66667, 13], "texture": "#2"},
				"east": {"uv": [8.66667, 11.33333, 9.33333, 13], "texture": "#2"},
				"south": {"uv": [9.33333, 11.33333, 10, 13], "texture": "#2"},
				"west": {"uv": [11.33333, 10.66667, 12, 12.33333], "texture": "#2"},
				"up": {"uv": [15.33333, 3.33333, 14.66667, 2.66667], "texture": "#2"}
			}
		},
		{
			"from": [7.4, 15.15, 7.4],
			"to": [8.6, 17.9, 8.6],
			"rotation": {"angle": 45, "axis": "y", "origin": [8, 14.4, 8]},
			"faces": {
				"north": {"uv": [11.33333, 2, 12, 4], "texture": "#2"},
				"east": {"uv": [4, 11.33333, 4.66667, 13.33333], "texture": "#2"},
				"south": {"uv": [11.33333, 4, 12, 6], "texture": "#2"},
				"west": {"uv": [4.66667, 11.33333, 5.33333, 13.33333], "texture": "#2"},
				"down": {"uv": [11.33333, 2, 10.66667, 2.66667], "texture": "#2"}
			}
		},
		{
			"from": [7.5, 13.65, 7.5],
			"to": [8.5, 15.15, 8.5],
			"rotation": {"angle": 45, "axis": "y", "origin": [8, 14.4, 8]},
			"faces": {
				"north": {"uv": [0, 14, 0.66667, 15], "texture": "#2"},
				"east": {"uv": [0.66667, 14, 1.33333, 15], "texture": "#2"},
				"south": {"uv": [1.33333, 14, 2, 15], "texture": "#2"},
				"west": {"uv": [2, 14, 2.66667, 15], "texture": "#2"}
			}
		},
		{
			"from": [7.25, 12.7, 7.25],
			"to": [8.75, 13.2, 8.75],
			"rotation": {"angle": 45, "axis": "y", "origin": [8, 13.95, 8]},
			"faces": {
				"north": {"uv": [13.33333, 14.66667, 14.33333, 15], "texture": "#2"},
				"east": {"uv": [14.66667, 13.33333, 15.66667, 13.66667], "texture": "#2"},
				"south": {"uv": [14.66667, 14, 15.66667, 14.33333], "texture": "#2"},
				"west": {"uv": [14.66667, 14.66667, 15.66667, 15], "texture": "#2"},
				"up": {"uv": [14.33333, 5, 13.33333, 4], "texture": "#2"},
				"down": {"uv": [6.33333, 13.33333, 5.33333, 14.33333], "texture": "#2"}
			}
		},
		{
			"from": [7.25, 15.6, 7.25],
			"to": [8.75, 16.1, 8.75],
			"rotation": {"angle": 45, "axis": "y", "origin": [8, 16.85, 8]},
			"faces": {
				"north": {"uv": [14.66667, 11.33333, 15.66667, 11.66667], "texture": "#2"},
				"east": {"uv": [12, 14.66667, 13, 15], "texture": "#2"},
				"south": {"uv": [14.66667, 12, 15.66667, 12.33333], "texture": "#2"},
				"west": {"uv": [14.66667, 12.66667, 15.66667, 13], "texture": "#2"},
				"up": {"uv": [14.33333, 3.66667, 13.33333, 2.66667], "texture": "#2"},
				"down": {"uv": [5, 13.33333, 4, 14.33333], "texture": "#2"}
			}
		},
		{
			"from": [7.25, 16.5, 7.25],
			"to": [8.75, 17, 8.75],
			"rotation": {"angle": 45, "axis": "y", "origin": [8, 17.75, 8]},
			"faces": {
				"north": {"uv": [14.66667, 8.66667, 15.66667, 9], "texture": "#2"},
				"east": {"uv": [14.66667, 9.33333, 15.66667, 9.66667], "texture": "#2"},
				"south": {"uv": [14.66667, 10, 15.66667, 10.33333], "texture": "#2"},
				"west": {"uv": [14.66667, 10.66667, 15.66667, 11], "texture": "#2"},
				"up": {"uv": [14.33333, 1, 13.33333, 0], "texture": "#2"},
				"down": {"uv": [14.33333, 1.33333, 13.33333, 2.33333], "texture": "#2"}
			}
		},
		{
			"from": [6.85, 20.75, 7.08579],
			"to": [9.15, 22.25, 8.58579],
			"rotation": {"angle": 45, "axis": "x", "origin": [7.5, 20.75, 6.58579]},
			"faces": {
				"east": {"uv": [12, 8, 13, 9], "texture": "#2"},
				"south": {"uv": [9.33333, 2.66667, 11, 3.66667], "texture": "#2"},
				"west": {"uv": [12, 9.33333, 13, 10.33333], "texture": "#2"},
				"down": {"uv": [11, 4, 9.33333, 5], "texture": "#2"}
			}
		},
		{
			"from": [6.85, 22.39645, 6.73223],
			"to": [9.15, 23.89645, 8.23223],
			"rotation": {"angle": 45, "axis": "x", "origin": [7.5, 20.39645, 6.23223]},
			"faces": {
				"north": {"uv": [9.33333, 5.33333, 11, 6.33333], "texture": "#2"},
				"east": {"uv": [12, 10.66667, 13, 11.66667], "texture": "#2"},
				"south": {"uv": [9.33333, 6.66667, 11, 7.66667], "texture": "#2"},
				"west": {"uv": [12, 12, 13, 13], "texture": "#2"},
				"up": {"uv": [7.66667, 11, 6, 10], "texture": "#2"}
			}
		},
		{
			"from": [6.85, 20.39645, 5.43934],
			"to": [9.15, 21.89645, 6.93934],
			"rotation": {"angle": 45, "axis": "x", "origin": [7.5, 20.39645, 6.93934]},
			"faces": {
				"north": {"uv": [8, 10, 9.66667, 11], "texture": "#2"},
				"east": {"uv": [0, 12.66667, 1, 13.66667], "texture": "#2"},
				"west": {"uv": [1.33333, 12.66667, 2.33333, 13.66667], "texture": "#2"},
				"up": {"uv": [11.66667, 9, 10, 8], "texture": "#2"},
				"down": {"uv": [11.66667, 9.33333, 10, 10.33333], "texture": "#2"}
			}
		},
		{
			"from": [7.085, -4.665, 7.085],
			"to": [8.915, -2.835, 8.915],
			"rotation": {"angle": -45, "axis": "x", "origin": [8, -3.75, 8]},
			"faces": {
				"north": {"uv": [6, 8.66667, 7.33333, 10], "texture": "#2"},
				"east": {"uv": [7.33333, 8.66667, 8.66667, 10], "texture": "#2"},
				"south": {"uv": [8.66667, 8.66667, 10, 10], "texture": "#2"},
				"west": {"uv": [0, 9.33333, 1.33333, 10.66667], "texture": "#2"},
				"up": {"uv": [10.66667, 1.33333, 9.33333, 0], "texture": "#2"},
				"down": {"uv": [2.66667, 9.33333, 1.33333, 10.66667], "texture": "#2"}
			}
		},
		{
			"from": [6.5, 17, 4.25],
			"to": [6.5, 25, 12.25],
			"rotation": {"angle": 0, "axis": "y", "origin": [6.5, 17, 4.25]},
			"faces": {
				"west": {"uv": [0, 0, 16, 16], "texture": "#1"}
			}
		},
		{
			"from": [9.5, 17, 4.25],
			"to": [9.5, 25, 12.25],
			"rotation": {"angle": 0, "axis": "y", "origin": [9.5, 17, 4.25]},
			"faces": {
				"east": {"uv": [16, 0, 0, 16], "texture": "#1"}
			}
		},
		{
			"from": [6.83579, 2.9, 8.25],
			"to": [8.33579, 6.4, 9.75],
			"rotation": {"angle": 45, "axis": "y", "origin": [6.58579, 2.9, 8]},
			"faces": {
				"north": {"uv": [5.33333, 6, 6.33333, 8.33333], "texture": "#2"},
				"east": {"uv": [0, 6.66667, 1, 9], "texture": "#2"},
				"south": {"uv": [1.33333, 6.66667, 2.33333, 9], "texture": "#2"},
				"west": {"uv": [2.66667, 6.66667, 3.66667, 9], "texture": "#2"},
				"up": {"uv": [3.66667, 13.66667, 2.66667, 12.66667], "texture": "#2"},
				"down": {"uv": [11, 12.66667, 10, 13.66667], "texture": "#2"}
			}
		},
		{
			"from": [6.83579, 7.9, 8.25],
			"to": [8.33579, 11.4, 9.75],
			"rotation": {"angle": 45, "axis": "y", "origin": [6.58579, 7.9, 8]},
			"faces": {
				"north": {"uv": [4, 6.66667, 5, 9], "texture": "#2"},
				"east": {"uv": [6.66667, 6, 7.66667, 8.33333], "texture": "#2"},
				"south": {"uv": [8, 0, 9, 2.33333], "texture": "#2"},
				"west": {"uv": [8, 6, 9, 8.33333], "texture": "#2"},
				"up": {"uv": [14.33333, 7.66667, 13.33333, 6.66667], "texture": "#2"},
				"down": {"uv": [9, 13.33333, 8, 14.33333], "texture": "#2"}
			}
		},
		{
			"from": [6.83579, 17.9, 8.25],
			"to": [8.33579, 20.4, 9.75],
			"rotation": {"angle": 45, "axis": "y", "origin": [6.58579, 17.9, 8]},
			"faces": {
				"north": {"uv": [4, 9.33333, 5, 11], "texture": "#2"},
				"east": {"uv": [0, 10.66667, 1, 12.33333], "texture": "#2"},
				"south": {"uv": [10.66667, 0, 11.66667, 1.66667], "texture": "#2"},
				"west": {"uv": [1.33333, 10.66667, 2.33333, 12.33333], "texture": "#2"},
				"up": {"uv": [14.33333, 6.33333, 13.33333, 5.33333], "texture": "#2"},
				"down": {"uv": [7.66667, 13.33333, 6.66667, 14.33333], "texture": "#2"}
			}
		},
		{
			"from": [7.5, 20.38176, 4.51265],
			"to": [8.5, 22.38176, 6.51265],
			"rotation": {"angle": 22.5, "axis": "x", "origin": [8, 21.38176, 5.51265]},
			"faces": {
				"north": {"uv": [5.33333, 12, 6, 13.33333], "texture": "#2"},
				"east": {"uv": [9.33333, 1.33333, 10.66667, 2.66667], "texture": "#2"},
				"south": {"uv": [11.33333, 12.66667, 12, 14], "texture": "#2"},
				"west": {"uv": [2.66667, 9.33333, 4, 10.66667], "texture": "#2"},
				"up": {"uv": [10, 14.66667, 9.33333, 13.33333], "texture": "#2"},
				"down": {"uv": [14, 10.66667, 13.33333, 12], "texture": "#2"}
			}
		},
		{
			"from": [7.625, 19.59099, 0.34099],
			"to": [8.375, 21.09099, 5.34099],
			"rotation": {"angle": -22.5, "axis": "x", "origin": [8, 20.34099, 3]},
			"faces": {
				"north": {"uv": [14, 10.66667, 14.66667, 11.66667], "texture": "#2"},
				"east": {"uv": [5.33333, 3.33333, 8.66667, 4.33333], "texture": "#2"},
				"south": {"uv": [11.33333, 14, 12, 15], "texture": "#2"},
				"west": {"uv": [5.33333, 4.66667, 8.66667, 5.66667], "texture": "#2"},
				"up": {"uv": [9.33333, 6, 8.66667, 2.66667], "texture": "#2"},
				"down": {"uv": [6, 8.66667, 5.33333, 12], "texture": "#2"}
			}
		},
		{
			"from": [7.615, 17.6679, 0.3269],
			"to": [8.385, 19.1679, 1.8269],
			"rotation": {"angle": 22.5, "axis": "x", "origin": [8, 20.34099, 3]},
			"faces": {
				"north": {"uv": [14, 12, 14.66667, 13], "texture": "#2"},
				"east": {"uv": [13.33333, 8, 14.33333, 9], "texture": "#2"},
				"south": {"uv": [14, 13.33333, 14.66667, 14.33333], "texture": "#2"},
				"west": {"uv": [13.33333, 9.33333, 14.33333, 10.33333], "texture": "#2"},
				"up": {"uv": [15.33333, 1, 14.66667, 0], "texture": "#2"},
				"down": {"uv": [15.33333, 1.33333, 14.66667, 2.33333], "texture": "#2"}
			}
		},
		{
			"from": [7.985, 14.0892, -0.89513],
			"to": [8.015, 19.0892, 11.10487],
			"rotation": {"angle": -22.5, "axis": "x", "origin": [7.985, 11.9392, 0.35487]},
			"faces": {
				"east": {"uv": [8, 0, 0, 3.33333], "texture": "#2"},
				"west": {"uv": [0, 0, 8, 3.33333], "texture": "#2"}
			}
		},
		{
			"from": [7.995, 16.36829, 6.23475],
			"to": [8.005, 20.86829, 14.23475],
			"rotation": {"angle": -22.5, "axis": "x", "origin": [7.995, 18.86829, -2.51525]},
			"faces": {
				"east": {"uv": [5.33333, 3.33333, 0, 6.33333], "texture": "#2"},
				"west": {"uv": [0, 3.33333, 5.33333, 6.33333], "texture": "#2"}
			}
		}
	],
	"gui_light": "front",
	"display": {
		"thirdperson_righthand": {
			"translation": [0, -1.25, 1]
		},
		"thirdperson_lefthand": {
			"translation": [0, -1.25, 1]
		},
		"firstperson_righthand": {
			"rotation": [-10, 0, 0],
			"translation": [1.25, -3.5, -0.5]
		},
		"firstperson_lefthand": {
			"rotation": [-10, 0, 0],
			"translation": [1.25, -3.5, -0.5]
		},
		"ground": {
			"rotation": [-45, 0, 0],
			"translation": [0, 5, 0],
			"scale": [0.7, 0.7, 0.7]
		},
		"gui": {
			"rotation": [-90, 45, 90],
			"translation": [1.5, -1.5, 0],
			"scale": [0.7, 0.7, 0.7]
		},
		"head": {
			"rotation": [0, -90, 0]
		},
		"fixed": {
			"rotation": [0, -90, 0],
			"translation": [0, -4, -2],
			"scale": [2, 2, 2]
		}
	}
}