{
	"credit": "Made by PolygonMC",
	"texture_size": [48, 48],
	"textures": {
		"0": "valentineset:wings",
		"1": "valentineset:animations/animations_1",
		"2": "valentineset:animations/wings_outline",
		"particle": "valentineset:wings"
	},
	"elements": [
		{
			"from": [8, 5.17157, 7],
			"to": [11, 8.17157, 9],
			"rotation": {"angle": 45, "axis": "z", "origin": [8, 5.17157, 7]},
			"faces": {
				"north": {"uv": [11, 0.25, 12.5, 1.75], "texture": "#0"},
				"south": {"uv": [11, 1.75, 12.5, 3.25], "texture": "#0"},
				"west": {"uv": [11, 9.25, 12, 10.75], "texture": "#0"},
				"down": {"uv": [12.5, 10.75, 11, 11.75], "texture": "#0"}
			}
		},
		{
			"from": [8, 8.17157, 7],
			"to": [11, 11.17157, 9],
			"rotation": {"angle": 45, "axis": "z", "origin": [8, 5.17157, 7]},
			"faces": {
				"north": {"uv": [11, 6.25, 12.5, 7.75], "texture": "#0"},
				"east": {"uv": [3, 12.25, 4, 13.75], "texture": "#0"},
				"south": {"uv": [11, 7.75, 12.5, 9.25], "texture": "#0"},
				"west": {"uv": [4, 12.25, 5, 13.75], "texture": "#0"},
				"up": {"uv": [6.5, 13.25, 5, 12.25], "texture": "#0"}
			}
		},
		{
			"from": [11, 5.17157, 7],
			"to": [14, 8.17157, 9],
			"rotation": {"angle": 45, "axis": "z", "origin": [8, 5.17157, 7]},
			"faces": {
				"north": {"uv": [11, 3.25, 12.5, 4.75], "texture": "#0"},
				"east": {"uv": [11, 11.75, 12, 13.25], "texture": "#0"},
				"south": {"uv": [11, 4.75, 12.5, 6.25], "texture": "#0"},
				"up": {"uv": [1.5, 13.25, 0, 12.25], "texture": "#0"},
				"down": {"uv": [3, 12.25, 1.5, 13.25], "texture": "#0"}
			}
		},
		{
			"from": [9.39321, -6.35, 11.90988],
			"to": [30.83109, 17.65, 11.93988],
			"rotation": {"angle": -22.5, "axis": "y", "origin": [20.61215, 9.65, 11.90988]},
			"faces": {
				"north": {"uv": [0, 0, 10.75, 12], "texture": "#0"},
				"south": {"uv": [10.75, 0, 0, 12], "texture": "#0"}
			}
		},
		{
			"from": [-14.83109, -6.35, 11.90988],
			"to": [6.60679, 17.65, 11.93988],
			"rotation": {"angle": 22.5, "axis": "y", "origin": [-4.61215, 9.65, 11.90988]},
			"faces": {
				"north": {"uv": [10.75, 0, 0, 12], "texture": "#0"},
				"south": {"uv": [0, 0, 10.75, 12], "texture": "#0"}
			}
		},
		{
			"from": [-7, 5.9, 8.5],
			"to": [1, 13.9, 8.5],
			"rotation": {"angle": 22.5, "axis": "y", "origin": [-2, 9.9, 7.5]},
			"faces": {
				"north": {"uv": [0, 0, 16, 16], "texture": "#1"}
			}
		},
		{
			"from": [15, 5.9, 8.5],
			"to": [23, 13.9, 8.5],
			"rotation": {"angle": -22.5, "axis": "y", "origin": [18, 9.9, 7.5]},
			"faces": {
				"north": {"uv": [16, 0, 0, 16], "texture": "#1"}
			}
		},
		{
			"from": [-6.5412, 5.9, 13.19344],
			"to": [1.4588, 13.9, 13.19344],
			"rotation": {"angle": 22.5, "axis": "y", "origin": [-2.5412, 9.9, 15.19344]},
			"faces": {
				"south": {"uv": [16, 0, 0, 16], "texture": "#1"}
			}
		},
		{
			"from": [14.5412, 5.9, 13.19344],
			"to": [22.5412, 13.9, 13.19344],
			"rotation": {"angle": -22.5, "axis": "y", "origin": [18.5412, 9.9, 15.19344]},
			"faces": {
				"south": {"uv": [0, 0, 16, 16], "texture": "#1"}
			}
		},
		{
			"name": "cube_outline",
			"from": [6.70679, 17.75, 12.03988],
			"to": [-14.93109, -6.45, 11.80988],
			"rotation": {"angle": 22.5, "axis": "y", "origin": [-4.61215, 9.65, 11.90988]},
			"faces": {
				"north": {"uv": [0, 8, 7.16667, 16], "texture": "#2"},
				"south": {"uv": [14.5, 8, 7.33333, 16], "texture": "#2"}
			}
		},
		{
			"name": "cube_outline",
			"from": [30.93109, 17.75, 12.03988],
			"to": [9.29321, -6.45, 11.80988],
			"rotation": {"angle": -22.5, "axis": "y", "origin": [20.61215, 9.65, 11.90988]},
			"faces": {
				"north": {"uv": [0, 0, 7.16667, 8], "texture": "#2"},
				"south": {"uv": [14.5, 0, 7.33333, 8], "texture": "#2"}
			}
		}
	],
	"gui_light": "front",
	"display": {
		"thirdperson_righthand": {
			"rotation": [49, 180, 0],
			"translation": [0, 0.75, 1],
			"scale": [0.45703, 0.45703, 0.45703]
		},
		"thirdperson_lefthand": {
			"rotation": [67, 0, 0],
			"translation": [-5.5, -6.75, 9.5]
		},
		"firstperson_righthand": {
			"rotation": [162, 0, 180],
			"scale": [0.80859, 0.80859, 0.80859]
		},
		"firstperson_lefthand": {
			"rotation": [162, 0, 180],
			"scale": [0, 0, 0]
		},
		"ground": {
			"rotation": [-45, 0, 0],
			"translation": [0, 5, 0],
			"scale": [0.7, 0.7, 0.7]
		},
		"gui": {
			"rotation": [0, 180, 0],
			"scale": [0.42188, 0.42188, 0.42188]
		},
		"head": {
			"translation": [0, -48.5, 7.25],
			"scale": [1.7, 1.7, 1.7]
		},
		"fixed": {
			"rotation": [0, 180, 0],
			"translation": [0, 0, -1.25]
		}
	}
}