{"elements":[{"from":[5.714286,8.0,5.2380953],"to":[10.285714,12.571428,9.809524],"rotation":{"angle":0.0,"axis":"y","origin":[8.0,10.857143,6.857143]},"faces":{"east":{"uv":[0.0,2.0,2.0,4.0],"rotation":0,"texture":"#0","tintindex":0},"south":{"uv":[2.0,0.0,4.0,2.0],"rotation":0,"texture":"#0","tintindex":0},"north":{"uv":[0.0,0.0,2.0,2.0],"rotation":0,"texture":"#0","tintindex":0},"west":{"uv":[2.0,2.0,4.0,4.0],"rotation":0,"texture":"#0","tintindex":0},"up":{"uv":[2.0,6.0,0.0,4.0],"rotation":0,"texture":"#0","tintindex":0},"down":{"uv":[6.0,0.0,4.0,2.0],"rotation":0,"texture":"#0","tintindex":0}}},{"from":[5.428571,10.857143,4.9523807],"to":[10.571428,13.142858,8.380953],"rotation":{"angle":0.0,"axis":"y","origin":[8.0,10.857143,6.857143]},"faces":{"east":{"uv":[1.0,9.0,2.5,10.0],"rotation":0,"texture":"#0","tintindex":0},"south":{"uv":[6.75,2.75,9.0,3.75],"rotation":0,"texture":"#0","tintindex":0},"north":{"uv":[2.0,6.75,4.25,7.75],"rotation":0,"texture":"#0","tintindex":0},"west":{"uv":[9.0,2.75,10.5,3.75],"rotation":0,"texture":"#0","tintindex":0},"up":{"uv":[4.25,5.5,2.0,4.0],"rotation":0,"texture":"#0","tintindex":0},"down":{"uv":[6.25,2.0,4.0,3.5],"rotation":0,"texture":"#0","tintindex":0}}},{"from":[7.142857,9.714286,4.380952],"to":[8.857143,10.857143,8.380953],"rotation":{"angle":0.0,"axis":"y","origin":[8.0,10.857143,6.857143]},"faces":{"east":{"uv":[10.5,0.75,12.25,1.25],"rotation":0,"texture":"#0","tintindex":0},"south":{"uv":[11.25,5.5,12.0,6.0],"rotation":0,"texture":"#0","tintindex":0},"north":{"uv":[5.5,11.25,6.25,11.75],"rotation":0,"texture":"#0","tintindex":0},"west":{"uv":[10.5,1.25,12.25,1.75],"rotation":0,"texture":"#0","tintindex":0},"up":{"uv":[4.75,10.75,4.0,9.0],"rotation":0,"texture":"#0","tintindex":0},"down":{"uv":[9.75,5.25,9.0,7.0],"rotation":0,"texture":"#0","tintindex":0}}}],"textures":{"0":"modelengine:entity/guard"},"display":{"head":{"translation":[0.0,-6.4,0.0],"scale":[4.0,4.0,4.0]}}}