{"elements":[{"from":[6.0,7.428571,6.5714283],"to":[8.857143,9.142858,9.428572],"rotation":{"angle":0.0,"axis":"y","origin":[7.428571,8.285714,8.0]},"faces":{"east":{"uv":[10.0,7.25,11.25,8.0],"rotation":0,"texture":"#0","tintindex":0},"south":{"uv":[7.5,10.0,8.75,10.75],"rotation":0,"texture":"#0","tintindex":0},"north":{"uv":[10.0,6.5,11.25,7.25],"rotation":0,"texture":"#0","tintindex":0},"west":{"uv":[10.5,0.0,11.75,0.75],"rotation":0,"texture":"#0","tintindex":0},"up":{"uv":[5.25,9.0,4.0,7.75],"rotation":0,"texture":"#0","tintindex":0},"down":{"uv":[9.0,6.0,7.75,7.25],"rotation":0,"texture":"#0","tintindex":0}}},{"from":[6.285714,5.714286,6.857143],"to":[8.0,7.428571,9.142858],"rotation":{"angle":0.0,"axis":"y","origin":[7.142857,6.5714283,8.0]},"faces":{"east":{"uv":[2.0,10.0,3.0,10.75],"rotation":0,"texture":"#0","tintindex":0},"south":{"uv":[10.75,3.5,11.5,4.25],"rotation":0,"texture":"#0","tintindex":0},"north":{"uv":[2.0,10.75,2.75,11.5],"rotation":0,"texture":"#0","tintindex":0},"west":{"uv":[10.5,1.75,11.5,2.5],"rotation":0,"texture":"#0","tintindex":0},"up":{"uv":[9.5,11.0,8.75,10.0],"rotation":0,"texture":"#0","tintindex":0},"down":{"uv":[11.25,2.5,10.5,3.5],"rotation":0,"texture":"#0","tintindex":0}}}],"textures":{"0":"modelengine:entity/guard"},"display":{"head":{"translation":[0.0,-6.4,0.0],"scale":[4.0,4.0,4.0]}}}