{"elements":[{"from":[6.9511313,-0.148983,8.09376],"to":[7.6968684,7.96384,8.591954],"rotation":{"angle":0.0,"axis":"y","origin":[11.349029,12.833258,8.570857]},"faces":{"east":{"uv":[1.75,6.9375,1.8125,7.8125],"rotation":0,"texture":"#0","tintindex":0},"south":{"uv":[0.625,7.0,0.6875,7.875],"rotation":0,"texture":"#0","tintindex":0},"north":{"uv":[1.6875,6.9375,1.75,7.8125],"rotation":0,"texture":"#0","tintindex":0},"west":{"uv":[0.6875,7.0,0.75,7.875],"rotation":0,"texture":"#0","tintindex":0},"up":{"uv":[1.125,8.25,1.0625,8.1875],"rotation":0,"texture":"#0","tintindex":0},"down":{"uv":[8.25,1.0625,8.1875,1.125],"rotation":0,"texture":"#0","tintindex":0}}},{"from":[6.945417,-0.15469742,6.6594744],"to":[7.702583,7.9695544,7.5119543],"rotation":{"angle":0.0,"axis":"y","origin":[11.349029,12.833258,8.570857]},"faces":{"east":{"uv":[0.8125,7.0,0.875,7.875],"rotation":0,"texture":"#0","tintindex":0},"south":{"uv":[3.5625,7.0,3.625,7.875],"rotation":0,"texture":"#0","tintindex":0},"north":{"uv":[0.75,7.0,0.8125,7.875],"rotation":0,"texture":"#0","tintindex":0},"west":{"uv":[3.625,7.0,3.6875,7.875],"rotation":0,"texture":"#0","tintindex":0},"up":{"uv":[1.1875,8.25,1.125,8.1875],"rotation":0,"texture":"#0","tintindex":0},"down":{"uv":[1.25,8.1875,1.1875,8.25],"rotation":0,"texture":"#0","tintindex":0}}},{"from":[5.979703,0.4224453,6.436617],"to":[8.836845,3.2795882,8.722331],"rotation":{"angle":0.0,"axis":"y","origin":[11.349029,12.833258,8.570857]},"faces":{"east":{"uv":[6.5,4.875,6.75,5.1875],"rotation":0,"texture":"#0","tintindex":0},"south":{"uv":[6.125,2.25,6.4375,2.5625],"rotation":0,"texture":"#0","tintindex":0},"north":{"uv":[6.125,1.8125,6.4375,2.125],"rotation":0,"texture":"#0","tintindex":0},"west":{"uv":[6.5625,0.0,6.8125,0.3125],"rotation":0,"texture":"#0","tintindex":0},"up":{"uv":[3.1875,6.8125,2.875,6.5625],"rotation":0,"texture":"#0","tintindex":0},"down":{"uv":[3.5,6.5625,3.1875,6.8125],"rotation":0,"texture":"#0","tintindex":0}}},{"from":[6.8939886,-2.377555,7.69376],"to":[6.8939886,2.193874,14.550903],"rotation":{"angle":45.0,"axis":"x","origin":[5.579703,0.9938736,9.865189]},"faces":{"east":{"uv":[2.375,3.75,3.125,4.25],"rotation":0,"texture":"#0","tintindex":0},"south":{"uv":[0.0,0.0,0.0,0.5],"rotation":0,"texture":"#0","tintindex":0},"north":{"uv":[0.0,0.0,0.0,0.5],"rotation":0,"texture":"#0","tintindex":0},"west":{"uv":[1.25,3.875,2.0,4.375],"rotation":0,"texture":"#0","tintindex":0},"up":{"uv":[0.0,0.75,0.0,0.0],"rotation":0,"texture":"#0","tintindex":0},"down":{"uv":[0.0,0.0,0.0,0.75],"rotation":0,"texture":"#0","tintindex":0}}},{"from":[7.865417,-1.634697,5.522331],"to":[7.865417,2.9367313,12.379475],"rotation":{"angle":22.5,"axis":"x","origin":[5.579703,0.9938736,9.865189]},"faces":{"east":{"uv":[3.125,3.875,3.875,4.375],"rotation":0,"texture":"#0","tintindex":0},"south":{"uv":[0.0,0.0,0.0,0.5],"rotation":0,"texture":"#0","tintindex":0},"north":{"uv":[0.0,0.0,0.0,0.5],"rotation":0,"texture":"#0","tintindex":0},"west":{"uv":[3.875,3.875,4.625,4.375],"rotation":0,"texture":"#0","tintindex":0},"up":{"uv":[0.0,0.75,0.0,0.0],"rotation":0,"texture":"#0","tintindex":0},"down":{"uv":[0.0,0.0,0.0,0.75],"rotation":0,"texture":"#0","tintindex":0}}},{"from":[5.6939883,-0.4346981,6.1509027],"to":[9.1225605,0.70815945,9.008046],"rotation":{"angle":0.0,"axis":"y","origin":[11.349029,12.833258,8.570857]},"faces":{"east":{"uv":[7.3125,1.0625,7.625,1.1875],"rotation":0,"texture":"#0","tintindex":0},"south":{"uv":[2.0625,7.125,2.4375,7.25],"rotation":0,"texture":"#0","tintindex":0},"north":{"uv":[1.125,7.125,1.5,7.25],"rotation":0,"texture":"#0","tintindex":0},"west":{"uv":[7.3125,1.1875,7.625,1.3125],"rotation":0,"texture":"#0","tintindex":0},"up":{"uv":[6.375,1.1875,6.0,0.875],"rotation":0,"texture":"#0","tintindex":0},"down":{"uv":[6.375,1.1875,6.0,1.5],"rotation":0,"texture":"#0","tintindex":0}}},{"from":[5.6939883,2.4224453,6.1509027],"to":[9.1225605,3.5653028,9.008046],"rotation":{"angle":0.0,"axis":"y","origin":[11.349029,12.833258,8.570857]},"faces":{"east":{"uv":[7.3125,1.375,7.625,1.5],"rotation":0,"texture":"#0","tintindex":0},"south":{"uv":[7.0625,7.125,7.4375,7.25],"rotation":0,"texture":"#0","tintindex":0},"north":{"uv":[3.75,7.125,4.125,7.25],"rotation":0,"texture":"#0","tintindex":0},"west":{"uv":[7.3125,1.625,7.625,1.75],"rotation":0,"texture":"#0","tintindex":0},"up":{"uv":[2.25,6.3125,1.875,6.0],"rotation":0,"texture":"#0","tintindex":0},"down":{"uv":[2.625,6.0,2.25,6.3125],"rotation":0,"texture":"#0","tintindex":0}}},{"from":[6.4311314,6.873874,6.602331],"to":[8.502583,8.712412,8.597669],"rotation":{"angle":0.0,"axis":"y","origin":[11.349029,12.833258,8.570857]},"faces":{"east":{"uv":[7.4375,1.875,7.625,2.0625],"rotation":0,"texture":"#0","tintindex":0},"south":{"uv":[2.4375,7.1875,2.6875,7.375],"rotation":0,"texture":"#0","tintindex":0},"north":{"uv":[5.3125,7.125,5.5625,7.3125],"rotation":0,"texture":"#0","tintindex":0},"west":{"uv":[7.4375,2.0625,7.625,2.25],"rotation":0,"texture":"#0","tintindex":0},"up":{"uv":[2.9375,7.375,2.6875,7.1875],"rotation":0,"texture":"#0","tintindex":0},"down":{"uv":[3.1875,7.1875,2.9375,7.375],"rotation":0,"texture":"#0","tintindex":0}}}],"textures":{"0":"modelengine:entity/nocsy_skeleton_brute2_skin"},"display":{"head":{"translation":[0.0,-6.4,0.0],"scale":[4.0,4.0,4.0]}}}