{"elements":[{"from":[7.2627516,6.298517,7.0313225],"to":[8.979918,8.3541975,8.672374],"rotation":{"angle":0.0,"axis":"y","origin":[12.003506,20.880756,8.822705]},"faces":{"east":{"uv":[6.5625,7.0625,6.75,7.3125],"rotation":0,"texture":"#0","tintindex":0},"south":{"uv":[6.75,3.8125,7.0,4.0625],"rotation":0,"texture":"#0","tintindex":0},"north":{"uv":[6.75,3.5625,7.0,3.8125],"rotation":0,"texture":"#0","tintindex":0},"west":{"uv":[3.1875,7.1875,3.375,7.4375],"rotation":0,"texture":"#0","tintindex":0},"up":{"uv":[7.4375,3.875,7.1875,3.6875],"rotation":0,"texture":"#0","tintindex":0},"down":{"uv":[4.5625,7.1875,4.3125,7.375],"rotation":0,"texture":"#0","tintindex":0}}},{"from":[6.94269,6.4595437,6.7833633],"to":[9.116382,7.3194656,8.598754],"rotation":{"angle":-22.5,"axis":"x","origin":[7.8429646,7.793885,8.077894]},"faces":{"east":{"uv":[2.9375,7.875,3.125,7.9375],"rotation":0,"texture":"#0","tintindex":0},"south":{"uv":[7.8125,1.6875,8.0625,1.75],"rotation":0,"texture":"#0","tintindex":0},"north":{"uv":[7.8125,1.625,8.0625,1.6875],"rotation":0,"texture":"#0","tintindex":0},"west":{"uv":[7.875,3.0625,8.0625,3.125],"rotation":0,"texture":"#0","tintindex":0},"up":{"uv":[7.4375,4.75,7.1875,4.5625],"rotation":0,"texture":"#0","tintindex":0},"down":{"uv":[7.4375,5.0,7.1875,5.1875],"rotation":0,"texture":"#0","tintindex":0}}},{"from":[6.7038226,5.8752174,6.3045588],"to":[9.355248,6.7351394,9.194852],"rotation":{"angle":0.0,"axis":"y","origin":[7.8429646,7.793885,8.077894]},"faces":{"east":{"uv":[7.75,2.1875,8.0625,2.25],"rotation":0,"texture":"#0","tintindex":0},"south":{"uv":[7.75,2.25,8.0625,2.3125],"rotation":0,"texture":"#0","tintindex":0},"north":{"uv":[7.75,2.125,8.0625,2.1875],"rotation":0,"texture":"#0","tintindex":0},"west":{"uv":[7.75,2.3125,8.0625,2.375],"rotation":0,"texture":"#0","tintindex":0},"up":{"uv":[6.4375,2.875,6.125,2.5625],"rotation":0,"texture":"#0","tintindex":0},"down":{"uv":[6.5,4.5625,6.1875,4.875],"rotation":0,"texture":"#0","tintindex":0}}},{"from":[7.7815804,5.7096453,5.316508],"to":[8.880369,6.5695677,7.131899],"rotation":{"angle":-22.5,"axis":"y","origin":[7.8429646,7.793885,8.077894]},"faces":{"east":{"uv":[3.125,7.875,3.3125,7.9375],"rotation":0,"texture":"#0","tintindex":0},"south":{"uv":[8.0625,2.125,8.1875,2.1875],"rotation":0,"texture":"#0","tintindex":0},"north":{"uv":[8.0625,2.0625,8.1875,2.125],"rotation":0,"texture":"#0","tintindex":0},"west":{"uv":[7.875,3.125,8.0625,3.1875],"rotation":0,"texture":"#0","tintindex":0},"up":{"uv":[7.75,1.25,7.625,1.0625],"rotation":0,"texture":"#0","tintindex":0},"down":{"uv":[7.75,1.25,7.625,1.4375],"rotation":0,"texture":"#0","tintindex":0}}},{"from":[6.8352,5.52886,6.7942367],"to":[9.223872,6.2454615,9.063475],"rotation":{"angle":0.0,"axis":"y","origin":[7.8429646,7.793885,8.077894]},"faces":{"east":{"uv":[2.4375,7.8125,2.6875,7.875],"rotation":0,"texture":"#0","tintindex":0},"south":{"uv":[7.8125,2.625,8.0625,2.6875],"rotation":0,"texture":"#0","tintindex":0},"north":{"uv":[2.0,7.8125,2.25,7.875],"rotation":0,"texture":"#0","tintindex":0},"west":{"uv":[2.6875,7.8125,2.9375,7.875],"rotation":0,"texture":"#0","tintindex":0},"up":{"uv":[7.0,4.8125,6.75,4.5625],"rotation":0,"texture":"#0","tintindex":0},"down":{"uv":[7.0,4.8125,6.75,5.0625],"rotation":0,"texture":"#0","tintindex":0}}},{"from":[7.7815804,5.590212,4.2416053],"to":[8.880369,6.3307004,4.8626604],"rotation":{"angle":-22.5,"axis":"y","origin":[7.8429646,7.793885,8.077894]},"faces":{"east":{"uv":[1.3125,8.1875,1.375,8.25],"rotation":0,"texture":"#0","tintindex":0},"south":{"uv":[8.0625,2.1875,8.1875,2.25],"rotation":0,"texture":"#0","tintindex":0},"north":{"uv":[2.1875,8.0625,2.3125,8.125],"rotation":0,"texture":"#0","tintindex":0},"west":{"uv":[1.375,8.1875,1.4375,8.25],"rotation":0,"texture":"#0","tintindex":0},"up":{"uv":[8.1875,2.3125,8.0625,2.25],"rotation":0,"texture":"#0","tintindex":0},"down":{"uv":[2.4375,8.0625,2.3125,8.125],"rotation":0,"texture":"#0","tintindex":0}}},{"from":[7.4580264,5.7096453,5.3125486],"to":[8.556815,6.5695677,7.127939],"rotation":{"angle":0.0,"axis":"y","origin":[7.8429646,7.793885,8.077894]},"faces":{"east":{"uv":[3.75,7.875,3.9375,7.9375],"rotation":0,"texture":"#0","tintindex":0},"south":{"uv":[8.0625,2.375,8.1875,2.4375],"rotation":0,"texture":"#0","tintindex":0},"north":{"uv":[8.0625,2.3125,8.1875,2.375],"rotation":0,"texture":"#0","tintindex":0},"west":{"uv":[7.875,3.75,8.0625,3.8125],"rotation":0,"texture":"#0","tintindex":0},"up":{"uv":[7.75,2.0625,7.625,1.875],"rotation":0,"texture":"#0","tintindex":0},"down":{"uv":[7.75,2.0625,7.625,2.25],"rotation":0,"texture":"#0","tintindex":0}}},{"from":[8.020448,5.7096453,3.7638712],"to":[8.641502,6.2112665,6.0569963],"rotation":{"angle":-22.5,"axis":"y","origin":[7.8429646,7.793885,8.077894]},"faces":{"east":{"uv":[7.8125,2.6875,8.0625,2.75],"rotation":0,"texture":"#0","tintindex":0},"south":{"uv":[1.4375,8.1875,1.5,8.25],"rotation":0,"texture":"#0","tintindex":0},"north":{"uv":[8.1875,1.375,8.25,1.4375],"rotation":0,"texture":"#0","tintindex":0},"west":{"uv":[2.9375,7.8125,3.1875,7.875],"rotation":0,"texture":"#0","tintindex":0},"up":{"uv":[1.8125,8.0625,1.75,7.8125],"rotation":0,"texture":"#0","tintindex":0},"down":{"uv":[2.3125,7.8125,2.25,8.0625],"rotation":0,"texture":"#0","tintindex":0}}},{"from":[7.4580264,5.590212,4.237646],"to":[8.556815,6.3307004,4.8587008],"rotation":{"angle":0.0,"axis":"y","origin":[7.8429646,7.793885,8.077894]},"faces":{"east":{"uv":[8.1875,1.4375,8.25,1.5],"rotation":0,"texture":"#0","tintindex":0},"south":{"uv":[8.0625,2.4375,8.1875,2.5],"rotation":0,"texture":"#0","tintindex":0},"north":{"uv":[2.4375,8.0625,2.5625,8.125],"rotation":0,"texture":"#0","tintindex":0},"west":{"uv":[1.5,8.1875,1.5625,8.25],"rotation":0,"texture":"#0","tintindex":0},"up":{"uv":[8.1875,2.5625,8.0625,2.5],"rotation":0,"texture":"#0","tintindex":0},"down":{"uv":[2.6875,8.0625,2.5625,8.125],"rotation":0,"texture":"#0","tintindex":0}}},{"from":[7.6968937,5.7096453,3.7599115],"to":[8.317948,6.2112665,6.053037],"rotation":{"angle":0.0,"axis":"y","origin":[7.8429646,7.793885,8.077894]},"faces":{"east":{"uv":[7.8125,2.9375,8.0625,3.0],"rotation":0,"texture":"#0","tintindex":0},"south":{"uv":[1.5625,8.1875,1.625,8.25],"rotation":0,"texture":"#0","tintindex":0},"north":{"uv":[8.1875,1.5,8.25,1.5625],"rotation":0,"texture":"#0","tintindex":0},"west":{"uv":[7.8125,3.0,8.0625,3.0625],"rotation":0,"texture":"#0","tintindex":0},"up":{"uv":[2.375,8.0625,2.3125,7.8125],"rotation":0,"texture":"#0","tintindex":0},"down":{"uv":[3.5625,7.8125,3.5,8.0625],"rotation":0,"texture":"#0","tintindex":0}}},{"from":[6.05844,5.7096453,5.3221874],"to":[7.1572294,6.5695677,7.1375785],"rotation":{"angle":22.5,"axis":"y","origin":[8.0,6.9714284,5.3142858]},"faces":{"east":{"uv":[7.875,3.8125,8.0625,3.875],"rotation":0,"texture":"#0","tintindex":0},"south":{"uv":[8.0625,2.625,8.1875,2.6875],"rotation":0,"texture":"#0","tintindex":0},"north":{"uv":[8.0625,2.5625,8.1875,2.625],"rotation":0,"texture":"#0","tintindex":0},"west":{"uv":[3.9375,7.875,4.125,7.9375],"rotation":0,"texture":"#0","tintindex":0},"up":{"uv":[7.75,2.4375,7.625,2.25],"rotation":0,"texture":"#0","tintindex":0},"down":{"uv":[7.75,2.4375,7.625,2.625],"rotation":0,"texture":"#0","tintindex":0}}},{"from":[6.05844,5.590212,4.247285],"to":[7.1572294,6.3307004,4.8683405],"rotation":{"angle":22.5,"axis":"y","origin":[8.0,6.9714284,5.3142858]},"faces":{"east":{"uv":[8.1875,1.5625,8.25,1.625],"rotation":0,"texture":"#0","tintindex":0},"south":{"uv":[8.0625,2.6875,8.1875,2.75],"rotation":0,"texture":"#0","tintindex":0},"north":{"uv":[2.6875,8.0625,2.8125,8.125],"rotation":0,"texture":"#0","tintindex":0},"west":{"uv":[1.625,8.1875,1.6875,8.25],"rotation":0,"texture":"#0","tintindex":0},"up":{"uv":[8.1875,2.8125,8.0625,2.75],"rotation":0,"texture":"#0","tintindex":0},"down":{"uv":[2.9375,8.0625,2.8125,8.125],"rotation":0,"texture":"#0","tintindex":0}}},{"from":[6.297307,5.7096453,3.7695508],"to":[6.9183617,6.2112665,6.062676],"rotation":{"angle":22.5,"axis":"y","origin":[8.0,6.9714284,5.3142858]},"faces":{"east":{"uv":[3.75,7.8125,4.0,7.875],"rotation":0,"texture":"#0","tintindex":0},"south":{"uv":[1.6875,8.1875,1.75,8.25],"rotation":0,"texture":"#0","tintindex":0},"north":{"uv":[8.1875,1.625,8.25,1.6875],"rotation":0,"texture":"#0","tintindex":0},"west":{"uv":[7.8125,3.875,8.0625,3.9375],"rotation":0,"texture":"#0","tintindex":0},"up":{"uv":[4.1875,8.0625,4.125,7.8125],"rotation":0,"texture":"#0","tintindex":0},"down":{"uv":[4.25,7.8125,4.1875,8.0625],"rotation":0,"texture":"#0","tintindex":0}}}],"textures":{"0":"modelengine:entity/nocsy_skeleton_brute2_skin"},"display":{"head":{"translation":[0.0,-6.4,0.0],"scale":[4.0,4.0,4.0]}}}