{"elements":[{"from":[7.0200825,6.298517,7.0313225],"to":[8.737248,8.3541975,8.672374],"rotation":{"angle":0.0,"axis":"y","origin":[3.9964938,20.880756,8.822705]},"faces":{"east":{"uv":[7.0,3.6875,7.1875,3.9375],"rotation":0,"texture":"#0","tintindex":0},"south":{"uv":[6.75,1.625,7.0,1.875],"rotation":0,"texture":"#0","tintindex":0},"north":{"uv":[0.625,6.75,0.875,7.0],"rotation":0,"texture":"#0","tintindex":0},"west":{"uv":[7.0,4.5625,7.1875,4.8125],"rotation":0,"texture":"#0","tintindex":0},"up":{"uv":[5.0,3.5625,4.75,3.375],"rotation":0,"texture":"#0","tintindex":0},"down":{"uv":[1.625,6.125,1.375,6.3125],"rotation":0,"texture":"#0","tintindex":0}}},{"from":[6.8836184,6.4595437,6.7833633],"to":[9.05731,7.3194656,8.598754],"rotation":{"angle":-22.5,"axis":"x","origin":[8.157036,7.793885,8.077894]},"faces":{"east":{"uv":[1.8125,4.75,2.0,4.8125],"rotation":0,"texture":"#0","tintindex":0},"south":{"uv":[6.3125,6.25,6.5625,6.3125],"rotation":0,"texture":"#0","tintindex":0},"north":{"uv":[5.8125,4.5625,6.0625,4.625],"rotation":0,"texture":"#0","tintindex":0},"west":{"uv":[1.0,4.8125,1.1875,4.875],"rotation":0,"texture":"#0","tintindex":0},"up":{"uv":[7.25,5.0,7.0,4.8125],"rotation":0,"texture":"#0","tintindex":0},"down":{"uv":[7.25,5.3125,7.0,5.5],"rotation":0,"texture":"#0","tintindex":0}}},{"from":[6.644751,5.8752174,6.3045588],"to":[9.296177,6.7351394,9.194852],"rotation":{"angle":0.0,"axis":"y","origin":[8.157036,7.793885,8.077894]},"faces":{"east":{"uv":[7.75,1.375,8.0625,1.4375],"rotation":0,"texture":"#0","tintindex":0},"south":{"uv":[7.75,1.9375,8.0625,2.0],"rotation":0,"texture":"#0","tintindex":0},"north":{"uv":[5.125,2.4375,5.4375,2.5],"rotation":0,"texture":"#0","tintindex":0},"west":{"uv":[2.0,7.75,2.3125,7.8125],"rotation":0,"texture":"#0","tintindex":0},"up":{"uv":[6.3125,5.6875,6.0,5.375],"rotation":0,"texture":"#0","tintindex":0},"down":{"uv":[6.3125,5.6875,6.0,6.0],"rotation":0,"texture":"#0","tintindex":0}}},{"from":[7.1196303,5.7096453,5.316508],"to":[8.21842,6.5695677,7.131899],"rotation":{"angle":22.5,"axis":"y","origin":[8.157036,7.793885,8.077894]},"faces":{"east":{"uv":[2.9375,5.9375,3.125,6.0],"rotation":0,"texture":"#0","tintindex":0},"south":{"uv":[6.875,6.4375,7.0,6.5],"rotation":0,"texture":"#0","tintindex":0},"north":{"uv":[0.1875,6.3125,0.3125,6.375],"rotation":0,"texture":"#0","tintindex":0},"west":{"uv":[5.4375,6.25,5.625,6.3125],"rotation":0,"texture":"#0","tintindex":0},"up":{"uv":[1.8125,3.875,1.6875,3.6875],"rotation":0,"texture":"#0","tintindex":0},"down":{"uv":[6.3125,5.1875,6.1875,5.375],"rotation":0,"texture":"#0","tintindex":0}}},{"from":[6.776128,5.52886,6.7942367],"to":[9.164801,6.2454615,9.063475],"rotation":{"angle":0.0,"axis":"y","origin":[8.157036,7.793885,8.077894]},"faces":{"east":{"uv":[2.375,6.625,2.625,6.6875],"rotation":0,"texture":"#0","tintindex":0},"south":{"uv":[3.75,7.75,4.0,7.8125],"rotation":0,"texture":"#0","tintindex":0},"north":{"uv":[6.5,3.3125,6.75,3.375],"rotation":0,"texture":"#0","tintindex":0},"west":{"uv":[7.75,4.625,8.0,4.6875],"rotation":0,"texture":"#0","tintindex":0},"up":{"uv":[7.0,3.125,6.75,2.875],"rotation":0,"texture":"#0","tintindex":0},"down":{"uv":[7.0,3.3125,6.75,3.5625],"rotation":0,"texture":"#0","tintindex":0}}},{"from":[7.1196303,5.590212,4.2416053],"to":[8.21842,6.3307004,4.8626604],"rotation":{"angle":22.5,"axis":"y","origin":[8.157036,7.793885,8.077894]},"faces":{"east":{"uv":[1.1875,4.3125,1.25,4.375],"rotation":0,"texture":"#0","tintindex":0},"south":{"uv":[3.0625,7.375,3.1875,7.4375],"rotation":0,"texture":"#0","tintindex":0},"north":{"uv":[2.4375,7.125,2.5625,7.1875],"rotation":0,"texture":"#0","tintindex":0},"west":{"uv":[5.0625,4.3125,5.125,4.375],"rotation":0,"texture":"#0","tintindex":0},"up":{"uv":[7.5625,4.3125,7.4375,4.25],"rotation":0,"texture":"#0","tintindex":0},"down":{"uv":[7.5625,5.125,7.4375,5.1875],"rotation":0,"texture":"#0","tintindex":0}}},{"from":[7.443185,5.7096453,5.3125486],"to":[8.541974,6.5695677,7.127939],"rotation":{"angle":0.0,"axis":"y","origin":[8.157036,7.793885,8.077894]},"faces":{"east":{"uv":[6.5625,6.5,6.75,6.5625],"rotation":0,"texture":"#0","tintindex":0},"south":{"uv":[7.5625,0.25,7.6875,0.3125],"rotation":0,"texture":"#0","tintindex":0},"north":{"uv":[7.5,1.3125,7.625,1.375],"rotation":0,"texture":"#0","tintindex":0},"west":{"uv":[0.625,6.6875,0.8125,6.75],"rotation":0,"texture":"#0","tintindex":0},"up":{"uv":[4.4375,7.75,4.3125,7.5625],"rotation":0,"texture":"#0","tintindex":0},"down":{"uv":[7.6875,5.125,7.5625,5.3125],"rotation":0,"texture":"#0","tintindex":0}}},{"from":[7.3584976,5.7096453,3.7638712],"to":[7.9795523,6.2112665,6.0569963],"rotation":{"angle":22.5,"axis":"y","origin":[8.157036,7.793885,8.077894]},"faces":{"east":{"uv":[7.75,4.8125,8.0,4.875],"rotation":0,"texture":"#0","tintindex":0},"south":{"uv":[0.5,6.625,0.5625,6.6875],"rotation":0,"texture":"#0","tintindex":0},"north":{"uv":[5.3125,5.4375,5.375,5.5],"rotation":0,"texture":"#0","tintindex":0},"west":{"uv":[7.75,4.875,8.0,4.9375],"rotation":0,"texture":"#0","tintindex":0},"up":{"uv":[5.0,5.4375,4.9375,5.1875],"rotation":0,"texture":"#0","tintindex":0},"down":{"uv":[4.125,5.5,4.0625,5.75],"rotation":0,"texture":"#0","tintindex":0}}},{"from":[7.443185,5.590212,4.237646],"to":[8.541974,6.3307004,4.8587008],"rotation":{"angle":0.0,"axis":"y","origin":[8.157036,7.793885,8.077894]},"faces":{"east":{"uv":[6.75,4.0625,6.8125,4.125],"rotation":0,"texture":"#0","tintindex":0},"south":{"uv":[8.0625,1.5,8.1875,1.5625],"rotation":0,"texture":"#0","tintindex":0},"north":{"uv":[8.0625,1.375,8.1875,1.4375],"rotation":0,"texture":"#0","tintindex":0},"west":{"uv":[6.4375,6.8125,6.5,6.875],"rotation":0,"texture":"#0","tintindex":0},"up":{"uv":[8.1875,1.625,8.0625,1.5625],"rotation":0,"texture":"#0","tintindex":0},"down":{"uv":[8.1875,1.625,8.0625,1.6875],"rotation":0,"texture":"#0","tintindex":0}}},{"from":[7.6820517,5.7096453,3.7599115],"to":[8.303106,6.2112665,6.053037],"rotation":{"angle":0.0,"axis":"y","origin":[8.157036,7.793885,8.077894]},"faces":{"east":{"uv":[5.5625,7.75,5.8125,7.8125],"rotation":0,"texture":"#0","tintindex":0},"south":{"uv":[7.0,7.1875,7.0625,7.25],"rotation":0,"texture":"#0","tintindex":0},"north":{"uv":[7.0625,0.8125,7.125,0.875],"rotation":0,"texture":"#0","tintindex":0},"west":{"uv":[5.8125,7.75,6.0625,7.8125],"rotation":0,"texture":"#0","tintindex":0},"up":{"uv":[6.0625,3.875,6.0,3.625],"rotation":0,"texture":"#0","tintindex":0},"down":{"uv":[6.5,2.875,6.4375,3.125],"rotation":0,"texture":"#0","tintindex":0}}},{"from":[8.842771,5.7096453,5.3221874],"to":[9.94156,6.5695677,7.1375785],"rotation":{"angle":-22.5,"axis":"y","origin":[8.0,6.9714284,5.3142858]},"faces":{"east":{"uv":[7.0,5.0,7.1875,5.0625],"rotation":0,"texture":"#0","tintindex":0},"south":{"uv":[1.75,8.0625,1.875,8.125],"rotation":0,"texture":"#0","tintindex":0},"north":{"uv":[8.0625,1.6875,8.1875,1.75],"rotation":0,"texture":"#0","tintindex":0},"west":{"uv":[7.875,0.375,8.0625,0.4375],"rotation":0,"texture":"#0","tintindex":0},"up":{"uv":[5.6875,7.75,5.5625,7.5625],"rotation":0,"texture":"#0","tintindex":0},"down":{"uv":[5.8125,7.5625,5.6875,7.75],"rotation":0,"texture":"#0","tintindex":0}}},{"from":[8.842771,5.590212,4.247285],"to":[9.94156,6.3307004,4.8683405],"rotation":{"angle":-22.5,"axis":"y","origin":[8.0,6.9714284,5.3142858]},"faces":{"east":{"uv":[7.375,0.4375,7.4375,0.5],"rotation":0,"texture":"#0","tintindex":0},"south":{"uv":[1.875,8.0625,2.0,8.125],"rotation":0,"texture":"#0","tintindex":0},"north":{"uv":[8.0625,1.75,8.1875,1.8125],"rotation":0,"texture":"#0","tintindex":0},"west":{"uv":[4.5,7.375,4.5625,7.4375],"rotation":0,"texture":"#0","tintindex":0},"up":{"uv":[8.1875,2.0,8.0625,1.9375],"rotation":0,"texture":"#0","tintindex":0},"down":{"uv":[8.1875,2.0,8.0625,2.0625],"rotation":0,"texture":"#0","tintindex":0}}},{"from":[9.081638,5.7096453,3.7695508],"to":[9.702693,6.2112665,6.062676],"rotation":{"angle":-22.5,"axis":"y","origin":[8.0,6.9714284,5.3142858]},"faces":{"east":{"uv":[6.125,7.75,6.375,7.8125],"rotation":0,"texture":"#0","tintindex":0},"south":{"uv":[4.4375,7.5625,4.5,7.625],"rotation":0,"texture":"#0","tintindex":0},"north":{"uv":[7.4375,3.0625,7.5,3.125],"rotation":0,"texture":"#0","tintindex":0},"west":{"uv":[7.75,6.25,8.0,6.3125],"rotation":0,"texture":"#0","tintindex":0},"up":{"uv":[4.75,8.0,4.6875,7.75],"rotation":0,"texture":"#0","tintindex":0},"down":{"uv":[4.8125,7.75,4.75,8.0],"rotation":0,"texture":"#0","tintindex":0}}}],"textures":{"0":"modelengine:entity/nocsy_skeleton_brute2_skin"},"display":{"head":{"translation":[0.0,-6.4,0.0],"scale":[4.0,4.0,4.0]}}}