{"elements":[{"from":[7.4296083,2.4224973,7.2275925],"to":[8.16582,8.008982,8.592778],"rotation":{"angle":0.0,"axis":"y","origin":[5.574999,13.5685215,8.0]},"faces":{"east":{"uv":[4.5625,6.5,4.6875,7.125],"rotation":0,"texture":"#0","tintindex":0},"south":{"uv":[6.5,7.3125,6.5625,7.9375],"rotation":0,"texture":"#0","tintindex":0},"north":{"uv":[5.5,7.3125,5.5625,7.9375],"rotation":0,"texture":"#0","tintindex":0},"west":{"uv":[0.375,6.625,0.5,7.25],"rotation":0,"texture":"#0","tintindex":0},"up":{"uv":[4.1875,8.1875,4.125,8.0625],"rotation":0,"texture":"#0","tintindex":0},"down":{"uv":[8.125,4.125,8.0625,4.25],"rotation":0,"texture":"#0","tintindex":0}}},{"from":[8.441037,2.4224973,7.2275925],"to":[9.042392,8.008982,8.592778],"rotation":{"angle":0.0,"axis":"y","origin":[5.574999,13.5685215,8.0]},"faces":{"east":{"uv":[1.8125,6.625,1.9375,7.25],"rotation":0,"texture":"#0","tintindex":0},"south":{"uv":[6.625,7.3125,6.6875,7.9375],"rotation":0,"texture":"#0","tintindex":0},"north":{"uv":[6.5625,7.3125,6.625,7.9375],"rotation":0,"texture":"#0","tintindex":0},"west":{"uv":[1.9375,6.625,2.0625,7.25],"rotation":0,"texture":"#0","tintindex":0},"up":{"uv":[4.25,8.1875,4.1875,8.0625],"rotation":0,"texture":"#0","tintindex":0},"down":{"uv":[4.3125,8.0625,4.25,8.1875],"rotation":0,"texture":"#0","tintindex":0}}},{"from":[7.0351467,6.669224,6.794764],"to":[9.1644335,8.798511,8.834235],"rotation":{"angle":0.0,"axis":"y","origin":[7.82037,6.6976843,7.9101853]},"faces":{"east":{"uv":[6.8125,4.0625,7.0625,4.3125],"rotation":0,"texture":"#0","tintindex":0},"south":{"uv":[6.1875,6.8125,6.4375,7.0625],"rotation":0,"texture":"#0","tintindex":0},"north":{"uv":[3.25,6.8125,3.5,7.0625],"rotation":0,"texture":"#0","tintindex":0},"west":{"uv":[2.0625,6.875,2.3125,7.125],"rotation":0,"texture":"#0","tintindex":0},"up":{"uv":[2.5625,7.125,2.3125,6.875],"rotation":0,"texture":"#0","tintindex":0},"down":{"uv":[4.0,6.875,3.75,7.125],"rotation":0,"texture":"#0","tintindex":0}}},{"from":[7.829426,0.07689142,6.582682],"to":[9.354698,2.6023421,9.358177],"rotation":{"angle":0.0,"axis":"y","origin":[4.6538596,18.092602,8.032941]},"faces":{"east":{"uv":[2.0625,6.625,2.375,6.875],"rotation":0,"texture":"#0","tintindex":0},"south":{"uv":[0.125,7.25,0.3125,7.5],"rotation":0,"texture":"#0","tintindex":0},"north":{"uv":[5.9375,7.1875,6.125,7.4375],"rotation":0,"texture":"#0","tintindex":0},"west":{"uv":[4.0,6.625,4.3125,6.875],"rotation":0,"texture":"#0","tintindex":0},"up":{"uv":[5.75,7.1875,5.5625,6.875],"rotation":0,"texture":"#0","tintindex":0},"down":{"uv":[5.9375,6.875,5.75,7.1875],"rotation":0,"texture":"#0","tintindex":0}}},{"from":[7.5187783,-1.1733313,6.520171],"to":[8.794005,0.8520303,7.232798],"rotation":{"angle":-22.5,"axis":"z","origin":[7.854536,-1.4307051,7.954802]},"faces":{"east":{"uv":[5.375,7.8125,5.4375,8.0625],"rotation":0,"texture":"#0","tintindex":0},"south":{"uv":[2.0625,7.5,2.1875,7.75],"rotation":0,"texture":"#0","tintindex":0},"north":{"uv":[1.9375,7.5,2.0625,7.75],"rotation":0,"texture":"#0","tintindex":0},"west":{"uv":[5.6875,7.8125,5.75,8.0625],"rotation":0,"texture":"#0","tintindex":0},"up":{"uv":[4.625,8.125,4.5,8.0625],"rotation":0,"texture":"#0","tintindex":0},"down":{"uv":[8.1875,4.5,8.0625,4.5625],"rotation":0,"texture":"#0","tintindex":0}}},{"from":[7.0519857,-1.5363121,6.657696],"to":[8.802298,-0.5361347,7.1577845],"rotation":{"angle":0.0,"axis":"y","origin":[8.111271,-0.85293674,7.954802]},"faces":{"east":{"uv":[8.1875,4.625,8.0625,4.5625],"rotation":90,"texture":"#0","tintindex":0},"south":{"uv":[5.125,7.6875,5.25,7.875],"rotation":90,"texture":"#0","tintindex":0},"north":{"uv":[7.6875,5.0,7.8125,5.1875],"rotation":270,"texture":"#0","tintindex":0},"west":{"uv":[4.75,8.0625,4.625,8.125],"rotation":90,"texture":"#0","tintindex":0},"up":{"uv":[6.25,7.875,6.3125,8.0625],"rotation":90,"texture":"#0","tintindex":0},"down":{"uv":[6.1875,7.875,6.25,8.0625],"rotation":90,"texture":"#0","tintindex":0}}},{"from":[6.3393016,-1.6452942,6.7202067],"to":[7.9645915,-0.7701378,7.0952735],"rotation":{"angle":-22.5,"axis":"z","origin":[8.111271,-0.85293674,7.954802]},"faces":{"east":{"uv":[4.875,8.125,4.75,8.0625],"rotation":90,"texture":"#0","tintindex":0},"south":{"uv":[7.6875,5.375,7.8125,5.5625],"rotation":90,"texture":"#0","tintindex":0},"north":{"uv":[7.6875,5.1875,7.8125,5.375],"rotation":270,"texture":"#0","tintindex":0},"west":{"uv":[8.1875,4.75,8.0625,4.8125],"rotation":90,"texture":"#0","tintindex":0},"up":{"uv":[7.4375,7.875,7.5,8.0625],"rotation":90,"texture":"#0","tintindex":0},"down":{"uv":[7.375,7.875,7.4375,8.0625],"rotation":90,"texture":"#0","tintindex":0}}},{"from":[7.0519857,-1.5363121,8.689308],"to":[8.802298,-0.5361347,9.283164],"rotation":{"angle":0.0,"axis":"y","origin":[8.111271,-0.85293674,7.954802]},"faces":{"east":{"uv":[5.1875,8.125,5.0625,8.0625],"rotation":90,"texture":"#0","tintindex":0},"south":{"uv":[7.6875,5.75,7.8125,5.9375],"rotation":90,"texture":"#0","tintindex":0},"north":{"uv":[7.6875,5.5625,7.8125,5.75],"rotation":270,"texture":"#0","tintindex":0},"west":{"uv":[5.3125,8.0625,5.1875,8.125],"rotation":90,"texture":"#0","tintindex":0},"up":{"uv":[7.5625,7.875,7.625,8.0625],"rotation":90,"texture":"#0","tintindex":0},"down":{"uv":[7.5,7.875,7.5625,8.0625],"rotation":90,"texture":"#0","tintindex":0}}},{"from":[6.3860087,-1.7178459,7.814152],"to":[7.761254,-0.9677124,8.157963],"rotation":{"angle":-22.5,"axis":"z","origin":[8.111271,-0.85293674,7.954802]},"faces":{"east":{"uv":[5.4375,8.125,5.3125,8.0625],"rotation":90,"texture":"#0","tintindex":0},"south":{"uv":[7.6875,6.4375,7.8125,6.625],"rotation":90,"texture":"#0","tintindex":0},"north":{"uv":[7.6875,5.9375,7.8125,6.125],"rotation":270,"texture":"#0","tintindex":0},"west":{"uv":[8.1875,5.3125,8.0625,5.375],"rotation":90,"texture":"#0","tintindex":0},"up":{"uv":[7.8125,7.875,7.875,8.0625],"rotation":90,"texture":"#0","tintindex":0},"down":{"uv":[7.75,7.875,7.8125,8.0625],"rotation":90,"texture":"#0","tintindex":0}}},{"from":[6.3860087,-1.7178459,8.81433],"to":[7.761254,-0.9677124,9.158141],"rotation":{"angle":-22.5,"axis":"z","origin":[8.111271,-0.85293674,7.954802]},"faces":{"east":{"uv":[8.1875,5.4375,8.0625,5.375],"rotation":90,"texture":"#0","tintindex":0},"south":{"uv":[7.6875,7.125,7.8125,7.3125],"rotation":90,"texture":"#0","tintindex":0},"north":{"uv":[7.6875,6.625,7.8125,6.8125],"rotation":270,"texture":"#0","tintindex":0},"west":{"uv":[8.1875,5.4375,8.0625,5.5],"rotation":90,"texture":"#0","tintindex":0},"up":{"uv":[0.125,7.9375,0.1875,8.125],"rotation":90,"texture":"#0","tintindex":0},"down":{"uv":[7.875,7.875,7.9375,8.0625],"rotation":90,"texture":"#0","tintindex":0}}},{"from":[7.0519857,-1.5363121,7.6891294],"to":[8.802298,-0.5361347,8.282986],"rotation":{"angle":0.0,"axis":"y","origin":[8.111271,-0.85293674,7.954802]},"faces":{"east":{"uv":[5.625,8.125,5.5,8.0625],"rotation":90,"texture":"#0","tintindex":0},"south":{"uv":[7.5,7.6875,7.625,7.875],"rotation":90,"texture":"#0","tintindex":0},"north":{"uv":[7.375,7.6875,7.5,7.875],"rotation":270,"texture":"#0","tintindex":0},"west":{"uv":[8.1875,5.5,8.0625,5.5625],"rotation":90,"texture":"#0","tintindex":0},"up":{"uv":[7.9375,0.4375,8.0,0.625],"rotation":90,"texture":"#0","tintindex":0},"down":{"uv":[0.1875,7.9375,0.25,8.125],"rotation":90,"texture":"#0","tintindex":0}}},{"from":[6.204136,0.07689142,6.4576597],"to":[7.1042967,2.1022525,7.7328873],"rotation":{"angle":-22.5,"axis":"z","origin":[6.9042606,1.089572,7.0952735]},"faces":{"east":{"uv":[2.4375,7.5,2.5625,7.75],"rotation":0,"texture":"#0","tintindex":0},"south":{"uv":[2.5625,7.5,2.6875,7.75],"rotation":0,"texture":"#0","tintindex":0},"north":{"uv":[2.1875,7.5,2.3125,7.75],"rotation":0,"texture":"#0","tintindex":0},"west":{"uv":[2.6875,7.5,2.8125,7.75],"rotation":0,"texture":"#0","tintindex":0},"up":{"uv":[7.9375,5.8125,7.8125,5.6875],"rotation":0,"texture":"#0","tintindex":0},"down":{"uv":[5.875,7.8125,5.75,7.9375],"rotation":0,"texture":"#0","tintindex":0}}},{"from":[5.9665937,-1.1608295,6.5951843],"to":[6.5917053,0.58948326,7.5953627],"rotation":{"angle":0.0,"axis":"y","origin":[6.9042606,1.089572,7.0952735]},"faces":{"east":{"uv":[7.75,0.0,7.875,0.1875],"rotation":0,"texture":"#0","tintindex":0},"south":{"uv":[7.9375,0.9375,8.0,1.125],"rotation":0,"texture":"#0","tintindex":0},"north":{"uv":[7.9375,0.625,8.0,0.8125],"rotation":0,"texture":"#0","tintindex":0},"west":{"uv":[0.125,7.75,0.25,7.9375],"rotation":0,"texture":"#0","tintindex":0},"up":{"uv":[5.6875,8.1875,5.625,8.0625],"rotation":0,"texture":"#0","tintindex":0},"down":{"uv":[5.75,8.0625,5.6875,8.1875],"rotation":0,"texture":"#0","tintindex":0}}},{"from":[5.716549,-1.6609173,6.7202067],"to":[6.091616,-1.0358067,7.4703407],"rotation":{"angle":22.5,"axis":"z","origin":[6.2791495,-0.28567314,7.0952735]},"faces":{"east":{"uv":[5.875,8.0625,6.0,8.125],"rotation":0,"texture":"#0","tintindex":0},"south":{"uv":[1.8125,8.1875,1.875,8.25],"rotation":0,"texture":"#0","tintindex":0},"north":{"uv":[8.1875,1.75,8.25,1.8125],"rotation":0,"texture":"#0","tintindex":0},"west":{"uv":[6.0,8.0625,6.125,8.125],"rotation":0,"texture":"#0","tintindex":0},"up":{"uv":[8.125,6.125,8.0625,6.0],"rotation":0,"texture":"#0","tintindex":0},"down":{"uv":[6.1875,8.0625,6.125,8.1875],"rotation":0,"texture":"#0","tintindex":0}}},{"from":[7.5187783,-1.1733313,7.5828605],"to":[8.794005,0.8520303,8.357999],"rotation":{"angle":-22.5,"axis":"z","origin":[7.854536,-1.4307051,7.954802]},"faces":{"east":{"uv":[7.8125,5.8125,7.875,6.0625],"rotation":0,"texture":"#0","tintindex":0},"south":{"uv":[2.9375,7.5,3.0625,7.75],"rotation":0,"texture":"#0","tintindex":0},"north":{"uv":[2.8125,7.5,2.9375,7.75],"rotation":0,"texture":"#0","tintindex":0},"west":{"uv":[5.875,7.8125,5.9375,8.0625],"rotation":0,"texture":"#0","tintindex":0},"up":{"uv":[8.1875,6.1875,8.0625,6.125],"rotation":0,"texture":"#0","tintindex":0},"down":{"uv":[6.3125,8.0625,6.1875,8.125],"rotation":0,"texture":"#0","tintindex":0}}},{"from":[7.5187783,-1.1733313,8.583038],"to":[8.794005,0.8520303,9.389433],"rotation":{"angle":-22.5,"axis":"z","origin":[7.854536,-1.4307051,7.954802]},"faces":{"east":{"uv":[5.9375,7.8125,6.0,8.0625],"rotation":0,"texture":"#0","tintindex":0},"south":{"uv":[3.75,7.5,3.875,7.75],"rotation":0,"texture":"#0","tintindex":0},"north":{"uv":[3.375,7.5,3.5,7.75],"rotation":0,"texture":"#0","tintindex":0},"west":{"uv":[6.0,7.8125,6.0625,8.0625],"rotation":0,"texture":"#0","tintindex":0},"up":{"uv":[8.1875,6.25,8.0625,6.1875],"rotation":0,"texture":"#0","tintindex":0},"down":{"uv":[8.1875,6.3125,8.0625,6.375],"rotation":0,"texture":"#0","tintindex":0}}},{"from":[6.6542163,1.4021282,6.657696],"to":[9.279684,2.527328,9.283164],"rotation":{"angle":0.0,"axis":"y","origin":[4.6538596,18.092602,8.032941]},"faces":{"east":{"uv":[7.375,5.3125,7.6875,5.4375],"rotation":0,"texture":"#0","tintindex":0},"south":{"uv":[7.375,5.4375,7.6875,5.5625],"rotation":0,"texture":"#0","tintindex":0},"north":{"uv":[7.375,3.9375,7.6875,4.0625],"rotation":0,"texture":"#0","tintindex":0},"west":{"uv":[7.375,5.5625,7.6875,5.6875],"rotation":0,"texture":"#0","tintindex":0},"up":{"uv":[4.3125,6.625,4.0,6.3125],"rotation":0,"texture":"#0","tintindex":0},"down":{"uv":[6.625,5.1875,6.3125,5.5],"rotation":0,"texture":"#0","tintindex":0}}}],"textures":{"0":"modelengine:entity/nocsy_skeleton_brute2_skin"},"display":{"head":{"translation":[0.0,-6.4,0.0],"scale":[4.0,4.0,4.0]}}}