{"elements":[{"from":[7.609047,1.9667897,7.1127877],"to":[9.10907,8.68007,8.536696],"rotation":{"angle":0.0,"axis":"y","origin":[7.437619,6.9979444,8.0641365]},"faces":{"east":{"uv":[4.75,6.125,4.875,6.875],"rotation":0,"texture":"#0","tintindex":0},"south":{"uv":[5.8125,4.8125,6.0,5.5625],"rotation":0,"texture":"#0","tintindex":0},"north":{"uv":[4.5625,5.75,4.75,6.5],"rotation":0,"texture":"#0","tintindex":0},"west":{"uv":[0.9375,6.1875,1.0625,6.9375],"rotation":0,"texture":"#0","tintindex":0},"up":{"uv":[7.6875,3.1875,7.5,3.0625],"rotation":0,"texture":"#0","tintindex":0},"down":{"uv":[7.75,4.8125,7.5625,4.9375],"rotation":0,"texture":"#0","tintindex":0}}}],"textures":{"0":"modelengine:entity/nocsy_skeleton_brute2_skin"},"display":{"head":{"translation":[0.0,-6.4,0.0],"scale":[4.0,4.0,4.0]}}}