{"elements":[{"from":[7.142857,7.142857,-8.857143],"to":[8.857143,8.857143,-0.28571415],"rotation":{"angle":0.0,"axis":"y","origin":[5.1615767,26.06714,-4.3268843]},"faces":{"east":{"uv":[5.125,2.25,6.0625,2.4375],"rotation":0,"texture":"#0","tintindex":0},"south":{"uv":[7.4375,2.4375,7.625,2.625],"rotation":0,"texture":"#0","tintindex":0},"north":{"uv":[7.4375,2.25,7.625,2.4375],"rotation":0,"texture":"#0","tintindex":0},"west":{"uv":[5.125,4.625,6.0625,4.8125],"rotation":0,"texture":"#0","tintindex":0},"up":{"uv":[4.9375,6.125,4.75,5.1875],"rotation":0,"texture":"#0","tintindex":0},"down":{"uv":[1.1875,5.25,1.0,6.1875],"rotation":0,"texture":"#0","tintindex":0}}},{"from":[6.5714283,7.714286,-1.1428566],"to":[9.428572,9.428572,1.7142859],"rotation":{"angle":0.0,"axis":"y","origin":[5.1615767,26.06714,-4.3268843]},"faces":{"east":{"uv":[6.875,6.25,7.1875,6.4375],"rotation":0,"texture":"#0","tintindex":0},"south":{"uv":[6.4375,6.875,6.75,7.0625],"rotation":0,"texture":"#0","tintindex":0},"north":{"uv":[1.8125,2.9375,2.125,3.125],"rotation":0,"texture":"#0","tintindex":0},"west":{"uv":[0.875,6.9375,1.1875,7.125],"rotation":0,"texture":"#0","tintindex":0},"up":{"uv":[2.3125,6.625,2.0,6.3125],"rotation":0,"texture":"#0","tintindex":0},"down":{"uv":[2.625,6.3125,2.3125,6.625],"rotation":0,"texture":"#0","tintindex":0}}},{"from":[6.8,7.0857143,-1.7714281],"to":[9.2,9.485714,-1.0857143],"rotation":{"angle":0.0,"axis":"y","origin":[5.1615767,26.06714,-4.3268843]},"faces":{"east":{"uv":[7.8125,5.1875,7.875,5.4375],"rotation":0,"texture":"#0","tintindex":0},"south":{"uv":[5.3125,6.875,5.5625,7.125],"rotation":0,"texture":"#0","tintindex":0},"north":{"uv":[4.0,6.875,4.25,7.125],"rotation":0,"texture":"#0","tintindex":0},"west":{"uv":[5.3125,7.8125,5.375,8.0625],"rotation":0,"texture":"#0","tintindex":0},"up":{"uv":[8.0625,4.4375,7.8125,4.375],"rotation":0,"texture":"#0","tintindex":0},"down":{"uv":[8.0625,4.75,7.8125,4.8125],"rotation":0,"texture":"#0","tintindex":0}}},{"from":[7.142857,9.428572,-1.1428566],"to":[8.857143,10.0,1.1428576],"rotation":{"angle":0.0,"axis":"y","origin":[5.1615767,26.06714,-4.3268843]},"faces":{"east":{"uv":[7.8125,5.4375,8.0625,5.5],"rotation":0,"texture":"#0","tintindex":0},"south":{"uv":[7.875,5.375,8.0625,5.4375],"rotation":0,"texture":"#0","tintindex":0},"north":{"uv":[7.875,5.3125,8.0625,5.375],"rotation":0,"texture":"#0","tintindex":0},"west":{"uv":[7.8125,5.5,8.0625,5.5625],"rotation":0,"texture":"#0","tintindex":0},"up":{"uv":[0.5625,7.5,0.375,7.25],"rotation":0,"texture":"#0","tintindex":0},"down":{"uv":[1.3125,7.25,1.125,7.5],"rotation":0,"texture":"#0","tintindex":0}}},{"from":[7.0857143,6.457143,-1.485714],"to":[8.914286,8.285714,1.4857149],"rotation":{"angle":22.5,"axis":"x","origin":[8.0,6.857143,0.28571463]},"faces":{"east":{"uv":[1.3125,6.9375,1.625,7.125],"rotation":0,"texture":"#0","tintindex":0},"south":{"uv":[3.0625,7.4375,3.25,7.625],"rotation":0,"texture":"#0","tintindex":0},"north":{"uv":[7.4375,2.875,7.625,3.0625],"rotation":0,"texture":"#0","tintindex":0},"west":{"uv":[7.0,1.625,7.3125,1.8125],"rotation":0,"texture":"#0","tintindex":0},"up":{"uv":[6.125,7.1875,5.9375,6.875],"rotation":0,"texture":"#0","tintindex":0},"down":{"uv":[0.3125,6.9375,0.125,7.25],"rotation":0,"texture":"#0","tintindex":0}}},{"from":[7.1371427,8.28,1.7085714],"to":[8.862857,9.434286,9.720001],"rotation":{"angle":0.0,"axis":"y","origin":[5.1615767,26.06714,-4.3268843]},"faces":{"east":{"uv":[5.5,2.125,6.375,2.25],"rotation":0,"texture":"#0","tintindex":0},"south":{"uv":[7.6875,3.75,7.875,3.875],"rotation":0,"texture":"#0","tintindex":0},"north":{"uv":[7.6875,3.0625,7.875,3.1875],"rotation":0,"texture":"#0","tintindex":0},"west":{"uv":[5.8125,4.4375,6.6875,4.5625],"rotation":0,"texture":"#0","tintindex":0},"up":{"uv":[1.625,6.125,1.4375,5.25],"rotation":0,"texture":"#0","tintindex":0},"down":{"uv":[0.5,5.5,0.3125,6.375],"rotation":0,"texture":"#0","tintindex":0}}},{"from":[6.5714283,8.285714,1.7142859],"to":[9.428572,9.428572,2.8571434],"rotation":{"angle":0.0,"axis":"y","origin":[5.1615767,26.06714,-4.3268843]},"faces":{"east":{"uv":[5.5625,7.8125,5.6875,7.9375],"rotation":0,"texture":"#0","tintindex":0},"south":{"uv":[2.4375,7.375,2.75,7.5],"rotation":0,"texture":"#0","tintindex":0},"north":{"uv":[2.0,7.375,2.3125,7.5],"rotation":0,"texture":"#0","tintindex":0},"west":{"uv":[7.8125,5.5625,7.9375,5.6875],"rotation":0,"texture":"#0","tintindex":0},"up":{"uv":[3.0625,7.5,2.75,7.375],"rotation":0,"texture":"#0","tintindex":0},"down":{"uv":[4.0625,7.375,3.75,7.5],"rotation":0,"texture":"#0","tintindex":0}}},{"from":[7.714286,7.142857,1.7142859],"to":[8.285714,8.285714,14.857143],"rotation":{"angle":0.0,"axis":"y","origin":[5.1615767,26.06714,-4.3268843]},"faces":{"east":{"uv":[5.0625,3.125,6.5,3.25],"rotation":0,"texture":"#0","tintindex":0},"south":{"uv":[8.0625,4.375,8.125,4.5],"rotation":0,"texture":"#0","tintindex":0},"north":{"uv":[4.3125,8.0625,4.375,8.1875],"rotation":0,"texture":"#0","tintindex":0},"west":{"uv":[5.0625,3.25,6.5,3.375],"rotation":0,"texture":"#0","tintindex":0},"up":{"uv":[4.9375,7.5625,4.875,6.125],"rotation":0,"texture":"#0","tintindex":0},"down":{"uv":[3.75,6.25,3.6875,7.6875],"rotation":0,"texture":"#0","tintindex":0}}},{"from":[7.8285713,3.4285712,0.5714288],"to":[7.8285713,11.428572,32.0],"rotation":{"angle":0.0,"axis":"y","origin":[5.1615767,26.06714,-4.3268843]},"faces":{"east":{"uv":[0.0,0.0,3.4375,0.875],"rotation":0,"texture":"#0","tintindex":0},"south":{"uv":[0.0,0.0,0.0,0.875],"rotation":0,"texture":"#0","tintindex":0},"north":{"uv":[0.0,0.0,0.0,0.875],"rotation":0,"texture":"#0","tintindex":0},"west":{"uv":[0.0,0.875,3.4375,1.75],"rotation":0,"texture":"#0","tintindex":0},"up":{"uv":[0.0,3.4375,0.0,0.0],"rotation":0,"texture":"#0","tintindex":0},"down":{"uv":[0.0,0.0,0.0,3.4375],"rotation":0,"texture":"#0","tintindex":0}}},{"from":[6.9714284,6.9714284,-9.028572],"to":[9.028571,9.028571,-6.971429],"rotation":{"angle":0.0,"axis":"y","origin":[5.1615767,26.06714,-4.3268843]},"faces":{"east":{"uv":[7.4375,3.375,7.625,3.5625],"rotation":0,"texture":"#0","tintindex":0},"south":{"uv":[7.4375,3.5625,7.625,3.75],"rotation":0,"texture":"#0","tintindex":0},"north":{"uv":[7.4375,3.1875,7.625,3.375],"rotation":0,"texture":"#0","tintindex":0},"west":{"uv":[7.4375,4.0625,7.625,4.25],"rotation":0,"texture":"#0","tintindex":0},"up":{"uv":[4.6875,7.625,4.5,7.4375],"rotation":0,"texture":"#0","tintindex":0},"down":{"uv":[7.625,4.5625,7.4375,4.75],"rotation":0,"texture":"#0","tintindex":0}}}],"textures":{"0":"modelengine:entity/nocsy_skeleton_brute2_skin"},"display":{"head":{"translation":[0.0,-6.4,48.0],"scale":[4.0,4.0,4.0]}}}