{"elements":[{"from":[5.714286,8.0,6.857143],"to":[10.285714,11.428572,9.142858],"rotation":{"angle":0.0,"axis":"y","origin":[8.0,1.1428566,8.0]},"faces":{"east":{"uv":[10.0,10.25,11.0,11.75],"rotation":0,"texture":"#0","tintindex":0},"south":{"uv":[0.0,6.0,2.0,7.5],"rotation":0,"texture":"#0","tintindex":0},"north":{"uv":[2.0,5.5,4.0,7.0],"rotation":0,"texture":"#0","tintindex":0},"west":{"uv":[0.0,10.5,1.0,12.0],"rotation":0,"texture":"#0","tintindex":0},"up":{"uv":[8.0,7.0,6.0,6.0],"rotation":0,"texture":"#0","tintindex":0},"down":{"uv":[6.0,6.5,4.0,7.5],"rotation":0,"texture":"#0","tintindex":0}}}],"textures":{"0":"modelengine:entity/forester"},"display":{"head":{"translation":[0.0,-6.4,0.0],"scale":[4.0,4.0,4.0]}}}