{"elements":[{"from":[8.0,6.286,5.485714],"to":[8.0,9.143143,8.285714],"rotation":{"angle":0.0,"axis":"y","origin":[9.142858,-7.7140007,12.857143]},"faces":{"east":{"uv":[8.5,0.0,7.25,1.25],"rotation":0,"texture":"#0","tintindex":0},"south":{"uv":[0.0,0.0,0.0,1.25],"rotation":0,"texture":"#0","tintindex":0},"north":{"uv":[0.0,0.0,0.0,1.25],"rotation":0,"texture":"#0","tintindex":0},"west":{"uv":[7.25,0.0,8.5,1.25],"rotation":0,"texture":"#0","tintindex":0},"up":{"uv":[0.0,1.25,0.0,0.0],"rotation":0,"texture":"#0","tintindex":0},"down":{"uv":[0.0,0.0,0.0,1.25],"rotation":0,"texture":"#0","tintindex":0}}},{"from":[8.0,7.428857,7.714286],"to":[8.0,9.143143,10.571428],"rotation":{"angle":0.0,"axis":"y","origin":[9.142858,-7.7140007,12.857143]},"faces":{"east":{"uv":[12.0,2.5,13.25,3.25],"rotation":0,"texture":"#0","tintindex":0},"south":{"uv":[0.0,0.0,0.0,0.75],"rotation":0,"texture":"#0","tintindex":0},"north":{"uv":[0.0,0.0,0.0,0.75],"rotation":0,"texture":"#0","tintindex":0},"west":{"uv":[12.0,3.25,13.25,4.0],"rotation":0,"texture":"#0","tintindex":0},"up":{"uv":[0.0,1.25,0.0,0.0],"rotation":0,"texture":"#0","tintindex":0},"down":{"uv":[0.0,0.0,0.0,1.25],"rotation":0,"texture":"#0","tintindex":0}}},{"from":[7.142857,8.285429,7.714286],"to":[8.857143,8.285429,10.571428],"rotation":{"angle":0.0,"axis":"y","origin":[10.571428,-4.5717144,12.857143]},"faces":{"east":{"uv":[0.0,0.0,0.0,1.25],"rotation":270,"texture":"#0","tintindex":0},"south":{"uv":[0.0,0.0,0.0,0.75],"rotation":270,"texture":"#0","tintindex":0},"north":{"uv":[0.0,0.0,0.0,0.75],"rotation":90,"texture":"#0","tintindex":0},"west":{"uv":[0.0,1.25,0.0,0.0],"rotation":270,"texture":"#0","tintindex":0},"up":{"uv":[12.0,2.5,13.25,3.25],"rotation":270,"texture":"#0","tintindex":0},"down":{"uv":[12.0,3.25,13.25,4.0],"rotation":270,"texture":"#0","tintindex":0}}},{"from":[6.5714283,7.714,5.485714],"to":[9.428572,7.714,8.285714],"rotation":{"angle":0.0,"axis":"y","origin":[10.571428,-4.5717144,12.857143]},"faces":{"east":{"uv":[0.0,0.0,0.0,1.25],"rotation":270,"texture":"#0","tintindex":0},"south":{"uv":[0.0,0.0,0.0,1.25],"rotation":270,"texture":"#0","tintindex":0},"north":{"uv":[0.0,0.0,0.0,1.25],"rotation":90,"texture":"#0","tintindex":0},"west":{"uv":[0.0,1.25,0.0,0.0],"rotation":270,"texture":"#0","tintindex":0},"up":{"uv":[8.5,0.0,7.25,1.25],"rotation":270,"texture":"#0","tintindex":0},"down":{"uv":[7.25,0.0,8.5,1.25],"rotation":270,"texture":"#0","tintindex":0}}}],"textures":{"0":"modelengine:entity/forester"},"display":{"head":{"translation":[0.0,-6.4,0.0],"scale":[4.0,4.0,4.0]}}}