{"elements":[{"from":[5.714286,8.0,5.714286],"to":[10.285714,12.571428,10.285714],"rotation":{"angle":0.0,"axis":"y","origin":[8.0,-5.714287,8.0]},"faces":{"east":{"uv":[0.0,2.0,2.0,4.0],"rotation":0,"texture":"#0","tintindex":0},"south":{"uv":[2.0,0.0,4.0,2.0],"rotation":0,"texture":"#0","tintindex":0},"north":{"uv":[0.0,0.0,2.0,2.0],"rotation":0,"texture":"#0","tintindex":0},"west":{"uv":[2.0,2.0,4.0,4.0],"rotation":0,"texture":"#0","tintindex":0},"up":{"uv":[2.0,6.0,0.0,4.0],"rotation":0,"texture":"#0","tintindex":0},"down":{"uv":[6.0,0.0,4.0,2.0],"rotation":0,"texture":"#0","tintindex":0}}},{"from":[10.285714,8.0,5.714286],"to":[11.428572,12.571428,8.571428],"rotation":{"angle":0.0,"axis":"y","origin":[8.0,-5.714287,8.0]},"faces":{"east":{"uv":[6.0,0.0,7.25,2.0],"rotation":0,"texture":"#0","tintindex":0},"south":{"uv":[0.0,12.0,0.5,14.0],"rotation":0,"texture":"#0","tintindex":0},"north":{"uv":[11.75,11.75,12.25,13.75],"rotation":0,"texture":"#0","tintindex":0},"west":{"uv":[6.0,2.0,7.25,4.0],"rotation":0,"texture":"#0","tintindex":0},"up":{"uv":[7.75,4.0,7.25,2.75],"rotation":0,"texture":"#0","tintindex":0},"down":{"uv":[9.0,0.0,8.5,1.25],"rotation":0,"texture":"#0","tintindex":0}}},{"from":[10.285714,9.142858,8.571428],"to":[11.428572,10.857143,10.285714],"rotation":{"angle":0.0,"axis":"y","origin":[8.0,-5.714287,8.0]},"faces":{"east":{"uv":[9.25,1.5,10.0,2.25],"rotation":0,"texture":"#0","tintindex":0},"south":{"uv":[0.5,13.75,1.0,14.5],"rotation":0,"texture":"#0","tintindex":0},"north":{"uv":[13.75,0.0,14.25,0.75],"rotation":0,"texture":"#0","tintindex":0},"west":{"uv":[12.25,0.0,13.0,0.75],"rotation":0,"texture":"#0","tintindex":0},"up":{"uv":[14.25,1.5,13.75,0.75],"rotation":0,"texture":"#0","tintindex":0},"down":{"uv":[1.5,13.75,1.0,14.5],"rotation":0,"texture":"#0","tintindex":0}}},{"from":[8.0,12.571428,5.714286],"to":[10.285714,13.714286,8.571428],"rotation":{"angle":0.0,"axis":"y","origin":[8.0,-5.714287,8.0]},"faces":{"east":{"uv":[13.25,2.5,14.5,3.0],"rotation":0,"texture":"#0","tintindex":0},"south":{"uv":[13.25,13.0,14.25,13.5],"rotation":0,"texture":"#0","tintindex":0},"north":{"uv":[13.25,12.5,14.25,13.0],"rotation":0,"texture":"#0","tintindex":0},"west":{"uv":[13.25,3.0,14.5,3.5],"rotation":0,"texture":"#0","tintindex":0},"up":{"uv":[11.25,8.75,10.25,7.5],"rotation":0,"texture":"#0","tintindex":0},"down":{"uv":[5.75,10.5,4.75,11.75],"rotation":0,"texture":"#0","tintindex":0}}},{"from":[6.285714,12.571428,6.857143],"to":[7.428571,13.142858,8.571428],"rotation":{"angle":0.0,"axis":"y","origin":[8.0,-5.714287,8.0]},"faces":{"east":{"uv":[11.25,8.5,12.0,8.75],"rotation":0,"texture":"#0","tintindex":0},"south":{"uv":[13.75,14.0,14.25,14.25],"rotation":0,"texture":"#0","tintindex":0},"north":{"uv":[12.25,14.0,12.75,14.25],"rotation":0,"texture":"#0","tintindex":0},"west":{"uv":[14.0,10.75,14.75,11.0],"rotation":0,"texture":"#0","tintindex":0},"up":{"uv":[14.0,11.0,13.5,10.25],"rotation":0,"texture":"#0","tintindex":0},"down":{"uv":[13.75,13.5,13.25,14.25],"rotation":0,"texture":"#0","tintindex":0}}},{"from":[7.429143,12.5720005,5.714857],"to":[9.713715,13.142286,9.713715],"rotation":{"angle":0.0,"axis":"y","origin":[8.0,-5.714287,8.0]},"faces":{"east":{"uv":[13.5,9.0,15.25,9.25],"rotation":0,"texture":"#0","tintindex":0},"south":{"uv":[14.0,10.5,15.0,10.75],"rotation":0,"texture":"#0","tintindex":0},"north":{"uv":[14.0,10.25,15.0,10.5],"rotation":0,"texture":"#0","tintindex":0},"west":{"uv":[13.5,9.25,15.25,9.5],"rotation":0,"texture":"#0","tintindex":0},"up":{"uv":[3.0,8.75,2.0,7.0],"rotation":0,"texture":"#0","tintindex":0},"down":{"uv":[4.0,7.0,3.0,8.75],"rotation":0,"texture":"#0","tintindex":0}}},{"from":[7.428571,10.857143,4.5714283],"to":[10.285714,12.571428,5.714286],"rotation":{"angle":0.0,"axis":"y","origin":[8.0,-5.714287,8.0]},"faces":{"east":{"uv":[12.25,13.25,12.75,14.0],"rotation":0,"texture":"#0","tintindex":0},"south":{"uv":[12.0,1.75,13.25,2.5],"rotation":0,"texture":"#0","tintindex":0},"north":{"uv":[12.0,1.0,13.25,1.75],"rotation":0,"texture":"#0","tintindex":0},"west":{"uv":[13.5,9.5,14.0,10.25],"rotation":0,"texture":"#0","tintindex":0},"up":{"uv":[14.5,2.0,13.25,1.5],"rotation":0,"texture":"#0","tintindex":0},"down":{"uv":[14.5,2.0,13.25,2.5],"rotation":0,"texture":"#0","tintindex":0}}},{"from":[8.571428,6.857143,4.5714283],"to":[10.285714,10.857143,5.714286],"rotation":{"angle":0.0,"axis":"y","origin":[8.0,-5.714287,8.0]},"faces":{"east":{"uv":[0.5,12.0,1.0,13.75],"rotation":0,"texture":"#0","tintindex":0},"south":{"uv":[4.0,10.5,4.75,12.25],"rotation":0,"texture":"#0","tintindex":0},"north":{"uv":[1.0,10.5,1.75,12.25],"rotation":0,"texture":"#0","tintindex":0},"west":{"uv":[12.0,8.5,12.5,10.25],"rotation":0,"texture":"#0","tintindex":0},"up":{"uv":[10.0,2.75,9.25,2.25],"rotation":0,"texture":"#0","tintindex":0},"down":{"uv":[12.0,1.0,11.25,1.5],"rotation":0,"texture":"#0","tintindex":0}}}],"textures":{"0":"modelengine:entity/forester"},"display":{"head":{"translation":[0.0,-6.4,0.0],"scale":[4.0,4.0,4.0]}}}