{"elements":[{"from":[6.857714,4.5719995,6.857714],"to":[9.142285,7.9994287,9.142285],"rotation":{"angle":0.0,"axis":"y","origin":[4.5714283,-2.285715,8.0]},"faces":{"east":{"uv":[8.25,7.25,9.25,8.75],"rotation":0,"texture":"#0","tintindex":0},"south":{"uv":[7.0,8.5,8.0,10.0],"rotation":0,"texture":"#0","tintindex":0},"north":{"uv":[6.0,8.25,7.0,9.75],"rotation":0,"texture":"#0","tintindex":0},"west":{"uv":[2.0,8.75,3.0,10.25],"rotation":0,"texture":"#0","tintindex":0},"up":{"uv":[12.0,10.75,11.0,9.75],"rotation":0,"texture":"#0","tintindex":0},"down":{"uv":[12.0,10.75,11.0,11.75],"rotation":0,"texture":"#0","tintindex":0}}},{"from":[6.857143,5.142857,9.142858],"to":[9.142858,7.428571,9.714286],"rotation":{"angle":0.0,"axis":"y","origin":[4.5714283,-2.285715,8.0]},"faces":{"east":{"uv":[7.75,2.75,8.0,3.75],"rotation":0,"texture":"#0","tintindex":0},"south":{"uv":[1.75,11.75,2.75,12.75],"rotation":0,"texture":"#0","tintindex":0},"north":{"uv":[6.75,11.5,7.75,12.5],"rotation":0,"texture":"#0","tintindex":0},"west":{"uv":[8.0,5.75,8.25,6.75],"rotation":0,"texture":"#0","tintindex":0},"up":{"uv":[13.25,1.0,12.25,0.75],"rotation":0,"texture":"#0","tintindex":0},"down":{"uv":[14.5,11.0,13.5,11.25],"rotation":0,"texture":"#0","tintindex":0}}}],"textures":{"0":"modelengine:entity/forester"},"display":{"head":{"translation":[0.0,-6.4,0.0],"scale":[4.0,4.0,4.0]}}}