{"elements":[{"from":[6.857714,4.5719995,6.857714],"to":[9.142285,7.9994287,9.142285],"rotation":{"angle":0.0,"axis":"y","origin":[6.9142857,4.5714283,8.0]},"faces":{"east":{"uv":[9.25,0.0,10.25,1.5],"rotation":0,"texture":"#0","tintindex":0},"south":{"uv":[9.25,5.75,10.25,7.25],"rotation":0,"texture":"#0","tintindex":0},"north":{"uv":[9.0,8.75,10.0,10.25],"rotation":0,"texture":"#0","tintindex":0},"west":{"uv":[9.25,7.25,10.25,8.75],"rotation":0,"texture":"#0","tintindex":0},"up":{"uv":[12.25,7.5,11.25,6.5],"rotation":0,"texture":"#0","tintindex":0},"down":{"uv":[12.25,7.5,11.25,8.5],"rotation":0,"texture":"#0","tintindex":0}}},{"from":[6.9142857,4.5714283,6.285714],"to":[9.142858,5.714286,6.857143],"rotation":{"angle":0.0,"axis":"y","origin":[6.9142857,4.5714283,8.0]},"faces":{"east":{"uv":[1.75,10.5,2.0,11.0],"rotation":0,"texture":"#0","tintindex":0},"south":{"uv":[13.25,8.0,14.25,8.5],"rotation":0,"texture":"#0","tintindex":0},"north":{"uv":[13.25,7.5,14.25,8.0],"rotation":0,"texture":"#0","tintindex":0},"west":{"uv":[5.75,10.5,6.0,11.0],"rotation":0,"texture":"#0","tintindex":0},"up":{"uv":[14.75,7.5,13.75,7.25],"rotation":0,"texture":"#0","tintindex":0},"down":{"uv":[15.0,9.5,14.0,9.75],"rotation":0,"texture":"#0","tintindex":0}}}],"textures":{"0":"modelengine:entity/forester"},"display":{"head":{"translation":[0.0,-6.4,0.0],"scale":[4.0,4.0,4.0]}}}