{"elements":[{"from":[7.428571,5.714286,6.857143],"to":[9.714286,9.142858,9.142858],"rotation":{"angle":0.0,"axis":"y","origin":[5.142857,-4.5714293,8.0]},"faces":{"east":{"uv":[8.0,8.75,9.0,10.25],"rotation":0,"texture":"#0","tintindex":0},"south":{"uv":[0.0,9.0,1.0,10.5],"rotation":0,"texture":"#0","tintindex":0},"north":{"uv":[3.0,8.75,4.0,10.25],"rotation":0,"texture":"#0","tintindex":0},"west":{"uv":[1.0,9.0,2.0,10.5],"rotation":0,"texture":"#0","tintindex":0},"up":{"uv":[12.25,1.0,11.25,0.0],"rotation":0,"texture":"#0","tintindex":0},"down":{"uv":[12.25,4.5,11.25,5.5],"rotation":0,"texture":"#0","tintindex":0}}}],"textures":{"0":"modelengine:entity/forester"},"display":{"head":{"translation":[0.0,-6.4,0.0],"scale":[4.0,4.0,4.0]}}}