{"elements":[{"from":[6.857143,4.5714283,6.857143],"to":[9.142858,8.0,9.142858],"rotation":{"angle":0.0,"axis":"y","origin":[6.9142857,1.1428566,8.0]},"faces":{"east":{"uv":[4.0,9.0,5.0,10.5],"rotation":0,"texture":"#0","tintindex":0},"south":{"uv":[9.0,4.25,10.0,5.75],"rotation":0,"texture":"#0","tintindex":0},"north":{"uv":[9.0,2.75,10.0,4.25],"rotation":0,"texture":"#0","tintindex":0},"west":{"uv":[5.0,9.0,6.0,10.5],"rotation":0,"texture":"#0","tintindex":0},"up":{"uv":[12.25,6.5,11.25,5.5],"rotation":0,"texture":"#0","tintindex":0},"down":{"uv":[6.75,11.25,5.75,12.25],"rotation":0,"texture":"#0","tintindex":0}}}],"textures":{"0":"modelengine:entity/forester"},"display":{"head":{"translation":[0.0,-6.4,0.0],"scale":[4.0,4.0,4.0]}}}