{"elements":[{"from":[6.857714,4.5719995,6.857714],"to":[9.142285,7.9994287,9.142285],"rotation":{"angle":0.0,"axis":"y","origin":[11.428572,-2.285715,8.0]},"faces":{"east":{"uv":[7.0,10.0,8.0,11.5],"rotation":0,"texture":"#0","tintindex":0},"south":{"uv":[10.0,8.75,11.0,10.25],"rotation":0,"texture":"#0","tintindex":0},"north":{"uv":[10.0,3.0,11.0,4.5],"rotation":0,"texture":"#0","tintindex":0},"west":{"uv":[10.25,0.0,11.25,1.5],"rotation":0,"texture":"#0","tintindex":0},"up":{"uv":[3.75,12.75,2.75,11.75],"rotation":0,"texture":"#0","tintindex":0},"down":{"uv":[5.75,11.75,4.75,12.75],"rotation":0,"texture":"#0","tintindex":0}}},{"from":[6.857143,5.142857,9.142858],"to":[9.142858,7.428571,9.714286],"rotation":{"angle":0.0,"axis":"y","origin":[11.428572,-2.285715,8.0]},"faces":{"east":{"uv":[9.0,0.0,9.25,1.0],"rotation":0,"texture":"#0","tintindex":0},"south":{"uv":[8.75,11.75,9.75,12.75],"rotation":0,"texture":"#0","tintindex":0},"north":{"uv":[7.75,11.75,8.75,12.75],"rotation":0,"texture":"#0","tintindex":0},"west":{"uv":[10.0,4.5,10.25,5.5],"rotation":0,"texture":"#0","tintindex":0},"up":{"uv":[14.5,11.5,13.5,11.25],"rotation":0,"texture":"#0","tintindex":0},"down":{"uv":[14.75,7.0,13.75,7.25],"rotation":0,"texture":"#0","tintindex":0}}}],"textures":{"0":"modelengine:entity/forester"},"display":{"head":{"translation":[0.0,-6.4,0.0],"scale":[4.0,4.0,4.0]}}}