{"elements":[{"from":[6.857143,4.5714283,6.857143],"to":[9.142858,8.0,9.142858],"rotation":{"angle":0.0,"axis":"y","origin":[9.085714,1.1428566,8.0]},"faces":{"east":{"uv":[1.0,7.5,2.0,9.0],"rotation":0,"texture":"#0","tintindex":0},"south":{"uv":[4.0,7.5,5.0,9.0],"rotation":0,"texture":"#0","tintindex":0},"north":{"uv":[0.0,7.5,1.0,9.0],"rotation":0,"texture":"#0","tintindex":0},"west":{"uv":[5.0,7.5,6.0,9.0],"rotation":0,"texture":"#0","tintindex":0},"up":{"uv":[12.0,2.5,11.0,1.5],"rotation":0,"texture":"#0","tintindex":0},"down":{"uv":[12.0,2.5,11.0,3.5],"rotation":0,"texture":"#0","tintindex":0}}}],"textures":{"0":"modelengine:entity/forester"},"display":{"head":{"translation":[0.0,-6.4,0.0],"scale":[4.0,4.0,4.0]}}}