{"elements":[{"from":[6.285714,5.714286,6.857143],"to":[8.571428,9.142858,9.142858],"rotation":{"angle":0.0,"axis":"y","origin":[10.857143,-4.5714293,8.0]},"faces":{"east":{"uv":[10.25,6.0,11.25,7.5],"rotation":0,"texture":"#0","tintindex":0},"south":{"uv":[8.0,10.25,9.0,11.75],"rotation":0,"texture":"#0","tintindex":0},"north":{"uv":[10.25,4.5,11.25,6.0],"rotation":0,"texture":"#0","tintindex":0},"west":{"uv":[9.0,10.25,10.0,11.75],"rotation":0,"texture":"#0","tintindex":0},"up":{"uv":[10.75,12.75,9.75,11.75],"rotation":0,"texture":"#0","tintindex":0},"down":{"uv":[11.75,11.75,10.75,12.75],"rotation":0,"texture":"#0","tintindex":0}}}],"textures":{"0":"modelengine:entity/forester"},"display":{"head":{"translation":[0.0,-6.4,0.0],"scale":[4.0,4.0,4.0]}}}