{"elements":[{"from":[6.857714,4.5719995,6.857714],"to":[9.142285,7.9994287,9.142285],"rotation":{"angle":0.0,"axis":"y","origin":[9.085714,4.5714283,8.0]},"faces":{"east":{"uv":[8.0,4.25,9.0,5.75],"rotation":0,"texture":"#0","tintindex":0},"south":{"uv":[8.25,1.25,9.25,2.75],"rotation":0,"texture":"#0","tintindex":0},"north":{"uv":[8.0,2.75,9.0,4.25],"rotation":0,"texture":"#0","tintindex":0},"west":{"uv":[8.25,5.75,9.25,7.25],"rotation":0,"texture":"#0","tintindex":0},"up":{"uv":[12.0,4.5,11.0,3.5],"rotation":0,"texture":"#0","tintindex":0},"down":{"uv":[12.0,8.75,11.0,9.75],"rotation":0,"texture":"#0","tintindex":0}}},{"from":[6.885714,4.5714283,6.285714],"to":[9.085714,5.714286,6.857143],"rotation":{"angle":0.0,"axis":"y","origin":[9.085714,4.5714283,8.0]},"faces":{"east":{"uv":[1.75,11.0,2.0,11.5],"rotation":0,"texture":"#0","tintindex":0},"south":{"uv":[13.25,12.0,14.25,12.5],"rotation":0,"texture":"#0","tintindex":0},"north":{"uv":[13.25,11.5,14.25,12.0],"rotation":0,"texture":"#0","tintindex":0},"west":{"uv":[3.75,11.75,4.0,12.25],"rotation":0,"texture":"#0","tintindex":0},"up":{"uv":[15.0,10.0,14.0,9.75],"rotation":0,"texture":"#0","tintindex":0},"down":{"uv":[15.0,10.0,14.0,10.25],"rotation":0,"texture":"#0","tintindex":0}}}],"textures":{"0":"modelengine:entity/forester"},"display":{"head":{"translation":[0.0,-6.4,0.0],"scale":[4.0,4.0,4.0]}}}