{"elements":[{"from":[5.713714,7.9994287,9.142285],"to":[10.286285,11.429143,9.714857],"rotation":{"angle":0.0,"axis":"y","origin":[8.0,-2.285715,8.0]},"faces":{"east":{"uv":[3.5,12.75,3.75,14.25],"rotation":0,"texture":"#0","tintindex":0},"south":{"uv":[4.0,5.0,6.0,6.5],"rotation":0,"texture":"#0","tintindex":0},"north":{"uv":[4.0,3.5,6.0,5.0],"rotation":0,"texture":"#0","tintindex":0},"west":{"uv":[13.75,3.5,14.0,5.0],"rotation":0,"texture":"#0","tintindex":0},"up":{"uv":[15.5,8.75,13.5,8.5],"rotation":0,"texture":"#0","tintindex":0},"down":{"uv":[15.5,8.75,13.5,9.0],"rotation":0,"texture":"#0","tintindex":0}}},{"from":[5.713714,7.9994287,6.856571],"to":[10.286285,11.429143,9.143429],"rotation":{"angle":0.0,"axis":"y","origin":[8.0,-2.285715,8.0]},"faces":{"east":{"uv":[7.25,1.25,8.25,2.75],"rotation":0,"texture":"#0","tintindex":0},"south":{"uv":[4.0,2.0,6.0,3.5],"rotation":0,"texture":"#0","tintindex":0},"north":{"uv":[2.0,4.0,4.0,5.5],"rotation":0,"texture":"#0","tintindex":0},"west":{"uv":[7.25,7.0,8.25,8.5],"rotation":0,"texture":"#0","tintindex":0},"up":{"uv":[8.0,5.0,6.0,4.0],"rotation":0,"texture":"#0","tintindex":0},"down":{"uv":[8.0,5.0,6.0,6.0],"rotation":0,"texture":"#0","tintindex":0}}}],"textures":{"0":"modelengine:entity/forester"},"display":{"head":{"translation":[0.0,-6.4,0.0],"scale":[4.0,4.0,4.0]}}}