{"elements":[{"from":[7.428571,4.5714283,7.428571],"to":[8.571428,8.0,8.571428],"rotation":{"angle":0.0,"axis":"y","origin":[8.0,6.285714,8.0]},"faces":{"east":{"uv":[4.75,12.75,5.25,14.25],"rotation":0,"texture":"#0","tintindex":0},"south":{"uv":[5.25,12.75,5.75,14.25],"rotation":0,"texture":"#0","tintindex":0},"north":{"uv":[12.75,4.0,13.25,5.5],"rotation":0,"texture":"#0","tintindex":0},"west":{"uv":[12.75,5.5,13.25,7.0],"rotation":0,"texture":"#0","tintindex":0},"up":{"uv":[12.25,14.25,11.75,13.75],"rotation":0,"texture":"#0","tintindex":0},"down":{"uv":[14.25,13.5,13.75,14.0],"rotation":0,"texture":"#0","tintindex":0}}}],"textures":{"0":"modelengine:entity/forester"},"display":{"head":{"translation":[0.0,-6.4,0.0],"scale":[4.0,4.0,4.0]}}}