{"elements":[{"from":[6.857143,4.8857145,7.428571],"to":[8.0,8.314285,8.571428],"rotation":{"angle":0.0,"axis":"y","origin":[11.428572,0.88571405,7.142857]},"faces":{"east":{"uv":[12.75,11.5,13.25,13.0],"rotation":0,"texture":"#0","tintindex":0},"south":{"uv":[13.0,8.5,13.5,10.0],"rotation":0,"texture":"#0","tintindex":0},"north":{"uv":[11.25,12.75,11.75,14.25],"rotation":0,"texture":"#0","tintindex":0},"west":{"uv":[13.0,10.0,13.5,11.5],"rotation":0,"texture":"#0","tintindex":0},"up":{"uv":[7.25,14.5,6.75,14.0],"rotation":0,"texture":"#0","tintindex":0},"down":{"uv":[7.75,14.0,7.25,14.5],"rotation":0,"texture":"#0","tintindex":0}}},{"from":[8.0,4.8857145,6.857143],"to":[9.142858,8.314285,9.142858],"rotation":{"angle":0.0,"axis":"y","origin":[11.428572,0.88571405,7.142857]},"faces":{"east":{"uv":[2.0,10.25,3.0,11.75],"rotation":0,"texture":"#0","tintindex":0},"south":{"uv":[13.25,0.0,13.75,1.5],"rotation":0,"texture":"#0","tintindex":0},"north":{"uv":[12.75,13.0,13.25,14.5],"rotation":0,"texture":"#0","tintindex":0},"west":{"uv":[3.0,10.25,4.0,11.75],"rotation":0,"texture":"#0","tintindex":0},"up":{"uv":[13.75,6.5,13.25,5.5],"rotation":0,"texture":"#0","tintindex":0},"down":{"uv":[13.75,6.5,13.25,7.5],"rotation":0,"texture":"#0","tintindex":0}}}],"textures":{"0":"modelengine:entity/forester"},"display":{"head":{"translation":[0.0,-6.4,0.0],"scale":[4.0,4.0,4.0]}}}