{"elements":[{"from":[7.428571,4.5714283,7.428571],"to":[8.571428,8.0,8.571428],"rotation":{"angle":0.0,"axis":"y","origin":[8.0,6.285714,8.0]},"faces":{"east":{"uv":[2.0,12.75,2.5,14.25],"rotation":0,"texture":"#0","tintindex":0},"south":{"uv":[2.5,12.75,3.0,14.25],"rotation":0,"texture":"#0","tintindex":0},"north":{"uv":[1.5,12.75,2.0,14.25],"rotation":0,"texture":"#0","tintindex":0},"west":{"uv":[3.0,12.75,3.5,14.25],"rotation":0,"texture":"#0","tintindex":0},"up":{"uv":[6.75,14.25,6.25,13.75],"rotation":0,"texture":"#0","tintindex":0},"down":{"uv":[14.25,6.5,13.75,7.0],"rotation":0,"texture":"#0","tintindex":0}}}],"textures":{"0":"modelengine:entity/forester"},"display":{"head":{"translation":[0.0,-6.4,0.0],"scale":[4.0,4.0,4.0]}}}