{"elements":[{"from":[7.714286,4.5714283,7.285714],"to":[8.857143,8.0,8.428572],"rotation":{"angle":0.0,"axis":"y","origin":[4.5714283,4.0,7.142857]},"faces":{"east":{"uv":[6.25,12.25,6.75,13.75],"rotation":0,"texture":"#0","tintindex":0},"south":{"uv":[12.25,7.0,12.75,8.5],"rotation":0,"texture":"#0","tintindex":0},"north":{"uv":[5.75,12.25,6.25,13.75],"rotation":0,"texture":"#0","tintindex":0},"west":{"uv":[12.25,11.75,12.75,13.25],"rotation":0,"texture":"#0","tintindex":0},"up":{"uv":[14.25,5.5,13.75,5.0],"rotation":0,"texture":"#0","tintindex":0},"down":{"uv":[14.25,5.5,13.75,6.0],"rotation":0,"texture":"#0","tintindex":0}}},{"from":[7.142857,4.5714283,7.714286],"to":[8.285714,8.0,8.857143],"rotation":{"angle":0.0,"axis":"y","origin":[4.5714283,4.0,7.142857]},"faces":{"east":{"uv":[7.25,12.5,7.75,14.0],"rotation":0,"texture":"#0","tintindex":0},"south":{"uv":[12.5,8.5,13.0,10.0],"rotation":0,"texture":"#0","tintindex":0},"north":{"uv":[6.75,12.5,7.25,14.0],"rotation":0,"texture":"#0","tintindex":0},"west":{"uv":[12.5,10.0,13.0,11.5],"rotation":0,"texture":"#0","tintindex":0},"up":{"uv":[6.25,14.25,5.75,13.75],"rotation":0,"texture":"#0","tintindex":0},"down":{"uv":[14.25,6.0,13.75,6.5],"rotation":0,"texture":"#0","tintindex":0}}}],"textures":{"0":"modelengine:entity/forester"},"display":{"head":{"translation":[0.0,-6.4,0.0],"scale":[4.0,4.0,4.0]}}}