{"elements":[{"from":[8.0,4.8857145,7.428571],"to":[9.142858,8.314285,8.571428],"rotation":{"angle":0.0,"axis":"y","origin":[4.5714283,0.88571405,7.142857]},"faces":{"east":{"uv":[1.0,12.25,1.5,13.75],"rotation":0,"texture":"#0","tintindex":0},"south":{"uv":[3.75,12.25,4.25,13.75],"rotation":0,"texture":"#0","tintindex":0},"north":{"uv":[12.0,10.25,12.5,11.75],"rotation":0,"texture":"#0","tintindex":0},"west":{"uv":[12.25,4.0,12.75,5.5],"rotation":0,"texture":"#0","tintindex":0},"up":{"uv":[4.25,14.25,3.75,13.75],"rotation":0,"texture":"#0","tintindex":0},"down":{"uv":[4.75,13.75,4.25,14.25],"rotation":0,"texture":"#0","tintindex":0}}},{"from":[6.857143,4.8857145,6.857143],"to":[8.0,8.314285,9.142858],"rotation":{"angle":0.0,"axis":"y","origin":[4.5714283,0.88571405,7.142857]},"faces":{"east":{"uv":[6.0,9.75,7.0,11.25],"rotation":0,"texture":"#0","tintindex":0},"south":{"uv":[12.25,5.5,12.75,7.0],"rotation":0,"texture":"#0","tintindex":0},"north":{"uv":[4.25,12.25,4.75,13.75],"rotation":0,"texture":"#0","tintindex":0},"west":{"uv":[10.0,1.5,11.0,3.0],"rotation":0,"texture":"#0","tintindex":0},"up":{"uv":[13.75,4.5,13.25,3.5],"rotation":0,"texture":"#0","tintindex":0},"down":{"uv":[13.75,4.5,13.25,5.5],"rotation":0,"texture":"#0","tintindex":0}}}],"textures":{"0":"modelengine:entity/forester"},"display":{"head":{"translation":[0.0,-6.4,0.0],"scale":[4.0,4.0,4.0]}}}