{"elements":[{"from":[7.142857,4.5714283,7.285714],"to":[8.285714,8.0,8.428572],"rotation":{"angle":0.0,"axis":"y","origin":[11.428572,4.0,7.142857]},"faces":{"east":{"uv":[7.75,12.75,8.25,14.25],"rotation":0,"texture":"#0","tintindex":0},"south":{"uv":[8.25,12.75,8.75,14.25],"rotation":0,"texture":"#0","tintindex":0},"north":{"uv":[12.75,7.0,13.25,8.5],"rotation":0,"texture":"#0","tintindex":0},"west":{"uv":[8.75,12.75,9.25,14.25],"rotation":0,"texture":"#0","tintindex":0},"up":{"uv":[0.5,14.5,0.0,14.0],"rotation":0,"texture":"#0","tintindex":0},"down":{"uv":[14.5,3.5,14.0,4.0],"rotation":0,"texture":"#0","tintindex":0}}},{"from":[7.714286,4.5714283,7.714286],"to":[8.857143,8.0,8.857143],"rotation":{"angle":0.0,"axis":"y","origin":[11.428572,4.0,7.142857]},"faces":{"east":{"uv":[9.75,12.75,10.25,14.25],"rotation":0,"texture":"#0","tintindex":0},"south":{"uv":[10.25,12.75,10.75,14.25],"rotation":0,"texture":"#0","tintindex":0},"north":{"uv":[9.25,12.75,9.75,14.25],"rotation":0,"texture":"#0","tintindex":0},"west":{"uv":[10.75,12.75,11.25,14.25],"rotation":0,"texture":"#0","tintindex":0},"up":{"uv":[14.5,4.5,14.0,4.0],"rotation":0,"texture":"#0","tintindex":0},"down":{"uv":[14.5,4.5,14.0,5.0],"rotation":0,"texture":"#0","tintindex":0}}}],"textures":{"0":"modelengine:entity/forester"},"display":{"head":{"translation":[0.0,-6.4,0.0],"scale":[4.0,4.0,4.0]}}}