{"elements":[{"from":[5.714286,5.6789746,6.880089],"to":[10.285714,9.678975,9.737232],"rotation":{"angle":22.5,"axis":"x","origin":[8.0,7.9646893,8.022946]},"faces":{"east":{"uv":[2.0,7.5,3.25,9.25],"rotation":0,"texture":"#0","tintindex":0},"south":{"uv":[7.75,4.0,9.75,5.75],"rotation":0,"texture":"#0","tintindex":0},"north":{"uv":[0.0,7.5,2.0,9.25],"rotation":0,"texture":"#0","tintindex":0},"west":{"uv":[3.25,8.5,4.5,10.25],"rotation":0,"texture":"#0","tintindex":0},"up":{"uv":[10.0,3.75,8.0,2.5],"rotation":0,"texture":"#0","tintindex":0},"down":{"uv":[6.5,8.5,4.5,9.75],"rotation":0,"texture":"#0","tintindex":0}}},{"from":[5.142857,8.892454,7.4056253],"to":[10.857143,12.321026,10.262768],"rotation":{"angle":0.0,"axis":"y","origin":[8.0,-0.82183266,8.548483]},"faces":{"east":{"uv":[4.5,9.75,5.75,11.25],"rotation":0,"texture":"#0","tintindex":0},"south":{"uv":[7.75,7.5,10.25,9.0],"rotation":0,"texture":"#0","tintindex":0},"north":{"uv":[7.75,6.0,10.25,7.5],"rotation":0,"texture":"#0","tintindex":0},"west":{"uv":[5.75,10.25,7.0,11.75],"rotation":0,"texture":"#0","tintindex":0},"up":{"uv":[10.5,1.25,8.0,0.0],"rotation":0,"texture":"#0","tintindex":0},"down":{"uv":[10.5,1.25,8.0,2.5],"rotation":0,"texture":"#0","tintindex":0}}}],"textures":{"0":"modelengine:entity/farmer"},"display":{"head":{"translation":[0.0,-6.4,0.0],"scale":[4.0,4.0,4.0]}}}