{"elements":[{"from":[9.944239,6.8757253,1.3360572],"to":[9.944239,9.732868,5.907486],"rotation":{"angle":-45.0,"axis":"y","origin":[9.944239,8.875726,3.6217713]},"faces":{"east":{"uv":[6.5,9.0,8.5,10.25],"rotation":0,"texture":"#0","tintindex":0},"south":{"uv":[0.0,0.0,0.0,1.25],"rotation":0,"texture":"#0","tintindex":0},"north":{"uv":[0.0,0.0,0.0,1.25],"rotation":0,"texture":"#0","tintindex":0},"west":{"uv":[8.5,9.0,6.5,10.25],"rotation":0,"texture":"#0","tintindex":0},"up":{"uv":[0.0,2.0,0.0,0.0],"rotation":0,"texture":"#0","tintindex":0},"down":{"uv":[0.0,0.0,0.0,2.0],"rotation":0,"texture":"#0","tintindex":0}}},{"from":[7.1855416,9.732868,4.666991],"to":[8.328399,10.3042965,5.2384195],"rotation":{"angle":0.0,"axis":"y","origin":[7.75697,-5.124276,7.5241337]},"faces":{"east":{"uv":[9.5,3.75,9.75,4.0],"rotation":0,"texture":"#0","tintindex":0},"south":{"uv":[9.75,5.75,10.25,6.0],"rotation":0,"texture":"#0","tintindex":0},"north":{"uv":[9.0,3.75,9.5,4.0],"rotation":0,"texture":"#0","tintindex":0},"west":{"uv":[10.25,8.75,10.5,9.0],"rotation":0,"texture":"#0","tintindex":0},"up":{"uv":[11.5,3.75,11.0,3.5],"rotation":0,"texture":"#0","tintindex":0},"down":{"uv":[12.0,2.25,11.5,2.5],"rotation":0,"texture":"#0","tintindex":0}}},{"from":[5.471256,10.5003805,2.9527054],"to":[10.042685,11.643237,4.0955625],"rotation":{"angle":45.0,"axis":"x","origin":[7.75697,9.357523,5.2384195]},"faces":{"east":{"uv":[12.5,0.0,13.0,0.5],"rotation":0,"texture":"#0","tintindex":0},"south":{"uv":[11.25,8.25,13.25,8.75],"rotation":0,"texture":"#0","tintindex":0},"north":{"uv":[11.25,7.75,13.25,8.25],"rotation":0,"texture":"#0","tintindex":0},"west":{"uv":[0.5,12.5,1.0,13.0],"rotation":0,"texture":"#0","tintindex":0},"up":{"uv":[13.25,9.25,11.25,8.75],"rotation":0,"texture":"#0","tintindex":0},"down":{"uv":[13.25,9.25,11.25,9.75],"rotation":0,"texture":"#0","tintindex":0}}},{"from":[5.1855416,11.590012,5.2384195],"to":[10.328399,13.875726,10.381277],"rotation":{"angle":22.5,"axis":"x","origin":[7.75697,12.16144,7.8812766]},"faces":{"east":{"uv":[9.75,3.75,12.0,4.75],"rotation":0,"texture":"#0","tintindex":0},"south":{"uv":[9.75,4.75,12.0,5.75],"rotation":0,"texture":"#0","tintindex":0},"north":{"uv":[0.0,9.5,2.25,10.5],"rotation":0,"texture":"#0","tintindex":0},"west":{"uv":[10.0,2.5,12.25,3.5],"rotation":0,"texture":"#0","tintindex":0},"up":{"uv":[6.0,2.25,3.75,0.0],"rotation":0,"texture":"#0","tintindex":0},"down":{"uv":[6.0,2.25,3.75,4.5],"rotation":0,"texture":"#0","tintindex":0}}},{"from":[3.4712558,11.590012,3.6669908],"to":[12.042685,11.590012,12.2384205],"rotation":{"angle":22.5,"axis":"x","origin":[7.75697,12.16144,7.8812766]},"faces":{"east":{"uv":[0.0,0.0,3.75,0.0],"rotation":0,"texture":"#0","tintindex":0},"south":{"uv":[0.0,0.0,3.75,0.0],"rotation":0,"texture":"#0","tintindex":0},"north":{"uv":[0.0,0.0,3.75,0.0],"rotation":0,"texture":"#0","tintindex":0},"west":{"uv":[0.0,0.0,3.75,0.0],"rotation":0,"texture":"#0","tintindex":0},"up":{"uv":[3.75,3.75,0.0,0.0],"rotation":0,"texture":"#0","tintindex":0},"down":{"uv":[3.75,3.75,0.0,7.5],"rotation":0,"texture":"#0","tintindex":0}}},{"from":[5.471256,8.018582,5.2384195],"to":[10.042685,12.590012,9.809849],"rotation":{"angle":0.0,"axis":"y","origin":[7.75697,-5.124276,7.5241337]},"faces":{"east":{"uv":[5.75,4.5,7.75,6.5],"rotation":0,"texture":"#0","tintindex":0},"south":{"uv":[6.0,0.0,8.0,2.0],"rotation":0,"texture":"#0","tintindex":0},"north":{"uv":[3.75,4.5,5.75,6.5],"rotation":0,"texture":"#0","tintindex":0},"west":{"uv":[6.0,2.0,8.0,4.0],"rotation":0,"texture":"#0","tintindex":0},"up":{"uv":[5.75,8.5,3.75,6.5],"rotation":0,"texture":"#0","tintindex":0},"down":{"uv":[7.75,6.5,5.75,8.5],"rotation":0,"texture":"#0","tintindex":0}}},{"from":[5.471256,9.16144,7.5241337],"to":[6.0426846,10.875726,8.666991],"rotation":{"angle":-22.5,"axis":"y","origin":[5.75697,9.732868,7.5241337]},"faces":{"east":{"uv":[4.0,10.5,4.5,11.25],"rotation":0,"texture":"#0","tintindex":0},"south":{"uv":[12.5,0.5,12.75,1.25],"rotation":0,"texture":"#0","tintindex":0},"north":{"uv":[1.75,11.75,2.0,12.5],"rotation":0,"texture":"#0","tintindex":0},"west":{"uv":[3.5,12.0,4.0,12.75],"rotation":0,"texture":"#0","tintindex":0},"up":{"uv":[1.25,13.0,1.0,12.5],"rotation":0,"texture":"#0","tintindex":0},"down":{"uv":[1.5,12.5,1.25,13.0],"rotation":0,"texture":"#0","tintindex":0}}},{"from":[5.471256,6.3695426,10.137863],"to":[10.042685,8.083829,10.137863],"rotation":{"angle":-22.5,"axis":"x","origin":[7.75697,7.2266855,10.137863]},"faces":{"east":{"uv":[0.0,0.0,0.0,0.75],"rotation":0,"texture":"#0","tintindex":0},"south":{"uv":[10.0,10.25,8.0,11.0],"rotation":0,"texture":"#0","tintindex":0},"north":{"uv":[8.0,10.25,10.0,11.0],"rotation":0,"texture":"#0","tintindex":0},"west":{"uv":[0.0,0.0,0.0,0.75],"rotation":0,"texture":"#0","tintindex":0},"up":{"uv":[2.0,0.0,0.0,0.0],"rotation":0,"texture":"#0","tintindex":0},"down":{"uv":[2.0,0.0,0.0,0.0],"rotation":0,"texture":"#0","tintindex":0}}},{"from":[9.471256,9.16144,7.5241337],"to":[10.042685,10.875726,8.666991],"rotation":{"angle":22.5,"axis":"y","origin":[9.75697,9.732868,7.5241337]},"faces":{"east":{"uv":[4.0,12.0,3.5,12.75],"rotation":0,"texture":"#0","tintindex":0},"south":{"uv":[12.75,0.5,12.5,1.25],"rotation":0,"texture":"#0","tintindex":0},"north":{"uv":[2.0,11.75,1.75,12.5],"rotation":0,"texture":"#0","tintindex":0},"west":{"uv":[4.5,10.5,4.0,11.25],"rotation":0,"texture":"#0","tintindex":0},"up":{"uv":[1.0,13.0,1.25,12.5],"rotation":0,"texture":"#0","tintindex":0},"down":{"uv":[1.25,12.5,1.5,13.0],"rotation":0,"texture":"#0","tintindex":0}}}],"textures":{"0":"modelengine:entity/farmer"},"display":{"head":{"translation":[0.0,-6.4,0.0],"scale":[4.0,4.0,4.0]}}}