{"elements":[{"from":[5.714286,7.5238094,6.952381],"to":[8.0,9.238095,9.238095],"rotation":{"angle":0.0,"axis":"y","origin":[11.142858,-3.9047632,1.5238094]},"faces":{"east":{"uv":[11.5,0.75,12.5,1.5],"rotation":0,"texture":"#0","tintindex":0},"south":{"uv":[11.5,1.5,12.5,2.25],"rotation":0,"texture":"#0","tintindex":0},"north":{"uv":[11.5,0.0,12.5,0.75],"rotation":0,"texture":"#0","tintindex":0},"west":{"uv":[0.0,11.75,1.0,12.5],"rotation":0,"texture":"#0","tintindex":0},"up":{"uv":[11.75,12.0,10.75,11.0],"rotation":0,"texture":"#0","tintindex":0},"down":{"uv":[5.0,11.25,4.0,12.25],"rotation":0,"texture":"#0","tintindex":0}}},{"from":[6.0,5.8095236,7.2380953],"to":[7.714286,7.5238094,8.952381],"rotation":{"angle":0.0,"axis":"y","origin":[11.142858,-3.9047632,1.5238094]},"faces":{"east":{"uv":[1.0,11.75,1.75,12.5],"rotation":0,"texture":"#0","tintindex":0},"south":{"uv":[5.75,11.75,6.5,12.5],"rotation":0,"texture":"#0","tintindex":0},"north":{"uv":[5.0,11.25,5.75,12.0],"rotation":0,"texture":"#0","tintindex":0},"west":{"uv":[6.5,11.75,7.25,12.5],"rotation":0,"texture":"#0","tintindex":0},"up":{"uv":[8.0,12.5,7.25,11.75],"rotation":0,"texture":"#0","tintindex":0},"down":{"uv":[12.5,11.0,11.75,11.75],"rotation":0,"texture":"#0","tintindex":0}}}],"textures":{"0":"modelengine:entity/farmer"},"display":{"head":{"translation":[0.0,-6.4,0.0],"scale":[4.0,4.0,4.0]}}}