{"elements":[{"from":[6.857143,5.142857,6.857143],"to":[8.571428,8.571428,8.571428],"rotation":{"angle":0.0,"axis":"y","origin":[10.285714,0.5714283,8.571428]},"faces":{"east":{"uv":[10.5,8.75,11.25,10.25],"rotation":0,"texture":"#0","tintindex":0},"south":{"uv":[2.0,11.0,2.75,12.5],"rotation":0,"texture":"#0","tintindex":0},"north":{"uv":[3.25,10.5,4.0,12.0],"rotation":0,"texture":"#0","tintindex":0},"west":{"uv":[8.0,11.0,8.75,12.5],"rotation":0,"texture":"#0","tintindex":0},"up":{"uv":[9.5,12.75,8.75,12.0],"rotation":0,"texture":"#0","tintindex":0},"down":{"uv":[10.25,12.0,9.5,12.75],"rotation":0,"texture":"#0","tintindex":0}}}],"textures":{"0":"modelengine:entity/farmer"},"display":{"head":{"translation":[0.0,-6.4,0.0],"scale":[4.0,4.0,4.0]}}}