{"elements":[{"from":[7.142857,6.285714,6.285714],"to":[8.857143,8.0,8.0],"rotation":{"angle":0.0,"axis":"y","origin":[12.285715,-1.7142859,0.5714283]},"faces":{"east":{"uv":[2.75,12.0,3.5,12.75],"rotation":0,"texture":"#0","tintindex":0},"south":{"uv":[12.0,3.5,12.75,4.25],"rotation":0,"texture":"#0","tintindex":0},"north":{"uv":[11.75,11.75,12.5,12.5],"rotation":0,"texture":"#0","tintindex":0},"west":{"uv":[12.0,4.25,12.75,5.0],"rotation":0,"texture":"#0","tintindex":0},"up":{"uv":[5.75,12.75,5.0,12.0],"rotation":0,"texture":"#0","tintindex":0},"down":{"uv":[12.75,5.0,12.0,5.75],"rotation":0,"texture":"#0","tintindex":0}}},{"from":[6.857143,3.4285712,6.0],"to":[9.142858,6.285714,8.285714],"rotation":{"angle":0.0,"axis":"y","origin":[12.285715,-1.7142859,0.5714283]},"faces":{"east":{"uv":[10.5,0.0,11.5,1.25],"rotation":0,"texture":"#0","tintindex":0},"south":{"uv":[1.0,10.5,2.0,11.75],"rotation":0,"texture":"#0","tintindex":0},"north":{"uv":[0.0,10.5,1.0,11.75],"rotation":0,"texture":"#0","tintindex":0},"west":{"uv":[10.5,1.25,11.5,2.5],"rotation":0,"texture":"#0","tintindex":0},"up":{"uv":[9.75,12.0,8.75,11.0],"rotation":0,"texture":"#0","tintindex":0},"down":{"uv":[10.75,11.0,9.75,12.0],"rotation":0,"texture":"#0","tintindex":0}}},{"from":[6.857143,2.2857141,6.0],"to":[8.0,3.4285712,8.285714],"rotation":{"angle":0.0,"axis":"y","origin":[12.285715,-1.7142859,0.5714283]},"faces":{"east":{"uv":[6.0,4.0,7.0,4.5],"rotation":0,"texture":"#0","tintindex":0},"south":{"uv":[4.0,12.25,4.5,12.75],"rotation":0,"texture":"#0","tintindex":0},"north":{"uv":[12.25,2.75,12.75,3.25],"rotation":0,"texture":"#0","tintindex":0},"west":{"uv":[6.5,8.5,7.5,9.0],"rotation":0,"texture":"#0","tintindex":0},"up":{"uv":[3.75,8.5,3.25,7.5],"rotation":0,"texture":"#0","tintindex":0},"down":{"uv":[3.25,11.0,2.75,12.0],"rotation":0,"texture":"#0","tintindex":0}}},{"from":[8.0,2.2857141,6.0],"to":[9.142858,3.4285712,7.142857],"rotation":{"angle":0.0,"axis":"y","origin":[12.285715,-1.7142859,0.5714283]},"faces":{"east":{"uv":[12.25,5.75,12.75,6.25],"rotation":0,"texture":"#0","tintindex":0},"south":{"uv":[12.25,6.25,12.75,6.75],"rotation":0,"texture":"#0","tintindex":0},"north":{"uv":[4.5,12.25,5.0,12.75],"rotation":0,"texture":"#0","tintindex":0},"west":{"uv":[12.25,6.75,12.75,7.25],"rotation":0,"texture":"#0","tintindex":0},"up":{"uv":[12.75,7.75,12.25,7.25],"rotation":0,"texture":"#0","tintindex":0},"down":{"uv":[0.5,12.5,0.0,13.0],"rotation":0,"texture":"#0","tintindex":0}}}],"textures":{"0":"modelengine:entity/farmer"},"display":{"head":{"translation":[0.0,-6.4,0.0],"scale":[4.0,4.0,4.0]}}}