{"elements":[{"from":[7.142857,6.857143,8.0],"to":[8.857143,8.0,9.714286],"rotation":{"angle":0.0,"axis":"y","origin":[10.571428,3.4285712,9.714286]},"faces":{"east":{"uv":[5.75,9.75,6.5,10.25],"rotation":0,"texture":"#0","tintindex":0},"south":{"uv":[11.25,9.75,12.0,10.25],"rotation":0,"texture":"#0","tintindex":0},"north":{"uv":[7.0,4.0,7.75,4.5],"rotation":0,"texture":"#0","tintindex":0},"west":{"uv":[11.0,12.0,11.75,12.5],"rotation":0,"texture":"#0","tintindex":0},"up":{"uv":[12.75,10.5,12.0,9.75],"rotation":0,"texture":"#0","tintindex":0},"down":{"uv":[11.0,12.0,10.25,12.75],"rotation":0,"texture":"#0","tintindex":0}}},{"from":[6.857143,3.4285712,7.714286],"to":[9.142858,6.857143,10.0],"rotation":{"angle":0.0,"axis":"y","origin":[10.571428,3.4285712,9.714286]},"faces":{"east":{"uv":[10.25,5.75,11.25,7.25],"rotation":0,"texture":"#0","tintindex":0},"south":{"uv":[7.0,10.25,8.0,11.75],"rotation":0,"texture":"#0","tintindex":0},"north":{"uv":[2.25,9.5,3.25,11.0],"rotation":0,"texture":"#0","tintindex":0},"west":{"uv":[10.25,7.25,11.25,8.75],"rotation":0,"texture":"#0","tintindex":0},"up":{"uv":[12.25,6.75,11.25,5.75],"rotation":0,"texture":"#0","tintindex":0},"down":{"uv":[12.25,6.75,11.25,7.75],"rotation":0,"texture":"#0","tintindex":0}}},{"from":[6.857143,3.4285712,7.142857],"to":[9.142858,4.5714283,7.714286],"rotation":{"angle":0.0,"axis":"y","origin":[10.571428,3.4285712,9.714286]},"faces":{"east":{"uv":[7.5,8.5,7.75,9.0],"rotation":0,"texture":"#0","tintindex":0},"south":{"uv":[12.25,2.25,13.25,2.75],"rotation":0,"texture":"#0","tintindex":0},"north":{"uv":[12.0,10.5,13.0,11.0],"rotation":0,"texture":"#0","tintindex":0},"west":{"uv":[2.0,10.5,2.25,11.0],"rotation":0,"texture":"#0","tintindex":0},"up":{"uv":[9.0,4.0,8.0,3.75],"rotation":0,"texture":"#0","tintindex":0},"down":{"uv":[11.0,3.5,10.0,3.75],"rotation":0,"texture":"#0","tintindex":0}}}],"textures":{"0":"modelengine:entity/farmer"},"display":{"head":{"translation":[0.0,-6.4,0.0],"scale":[4.0,4.0,4.0]}}}