{"elements":[{"from":[8.0,7.5238094,6.952381],"to":[10.285714,9.238095,9.238095],"rotation":{"angle":0.0,"axis":"y","origin":[4.8571424,-3.9047632,1.5238094]},"faces":{"east":{"uv":[1.0,11.75,0.0,12.5],"rotation":0,"texture":"#0","tintindex":0},"south":{"uv":[12.5,1.5,11.5,2.25],"rotation":0,"texture":"#0","tintindex":0},"north":{"uv":[12.5,0.0,11.5,0.75],"rotation":0,"texture":"#0","tintindex":0},"west":{"uv":[12.5,0.75,11.5,1.5],"rotation":0,"texture":"#0","tintindex":0},"up":{"uv":[10.75,12.0,11.75,11.0],"rotation":0,"texture":"#0","tintindex":0},"down":{"uv":[4.0,11.25,5.0,12.25],"rotation":0,"texture":"#0","tintindex":0}}},{"from":[8.285714,5.8095236,7.2380953],"to":[10.0,7.5238094,8.952381],"rotation":{"angle":0.0,"axis":"y","origin":[4.8571424,-3.9047632,1.5238094]},"faces":{"east":{"uv":[7.25,11.75,6.5,12.5],"rotation":0,"texture":"#0","tintindex":0},"south":{"uv":[6.5,11.75,5.75,12.5],"rotation":0,"texture":"#0","tintindex":0},"north":{"uv":[5.75,11.25,5.0,12.0],"rotation":0,"texture":"#0","tintindex":0},"west":{"uv":[1.75,11.75,1.0,12.5],"rotation":0,"texture":"#0","tintindex":0},"up":{"uv":[7.25,12.5,8.0,11.75],"rotation":0,"texture":"#0","tintindex":0},"down":{"uv":[11.75,11.0,12.5,11.75],"rotation":0,"texture":"#0","tintindex":0}}}],"textures":{"0":"modelengine:entity/farmer"},"display":{"head":{"translation":[0.0,-6.4,0.0],"scale":[4.0,4.0,4.0]}}}