{"elements":[{"from":[7.428571,5.142857,6.857143],"to":[9.142858,8.571428,8.571428],"rotation":{"angle":0.0,"axis":"y","origin":[5.714286,0.5714283,8.571428]},"faces":{"east":{"uv":[8.75,11.0,8.0,12.5],"rotation":0,"texture":"#0","tintindex":0},"south":{"uv":[2.75,11.0,2.0,12.5],"rotation":0,"texture":"#0","tintindex":0},"north":{"uv":[4.0,10.5,3.25,12.0],"rotation":0,"texture":"#0","tintindex":0},"west":{"uv":[11.25,8.75,10.5,10.25],"rotation":0,"texture":"#0","tintindex":0},"up":{"uv":[8.75,12.75,9.5,12.0],"rotation":0,"texture":"#0","tintindex":0},"down":{"uv":[9.5,12.0,10.25,12.75],"rotation":0,"texture":"#0","tintindex":0}}}],"textures":{"0":"modelengine:entity/farmer"},"display":{"head":{"translation":[0.0,-6.4,0.0],"scale":[4.0,4.0,4.0]}}}