{"elements":[{"from":[7.2714663,2.539639,-0.0116529465],"to":[8.414324,3.682496,16.559776],"rotation":{"angle":0.0,"axis":"y","origin":[9.142858,6.285714,16.0]},"faces":{"east":{"uv":[14.5,16.0,15.0,8.75],"rotation":270,"texture":"#0","tintindex":0},"south":{"uv":[11.75,15.5,11.25,16.0],"rotation":0,"texture":"#0","tintindex":0},"north":{"uv":[12.25,15.5,11.75,16.0],"rotation":180,"texture":"#0","tintindex":0},"west":{"uv":[14.0,16.0,14.5,8.75],"rotation":90,"texture":"#0","tintindex":0},"up":{"uv":[15.5,8.75,15.0,16.0],"rotation":0,"texture":"#0","tintindex":0},"down":{"uv":[16.0,8.75,15.5,16.0],"rotation":180,"texture":"#0","tintindex":0}}},{"from":[5.5571804,3.2714434,-5.1231594],"to":[10.12861,3.2714434,0.019698143],"rotation":{"angle":0.0,"axis":"y","origin":[9.142858,6.4460897,-2.254363]},"faces":{"east":{"uv":[0.0,2.25,0.0,0.0],"rotation":270,"texture":"#0","tintindex":0},"south":{"uv":[2.0,0.0,0.0,0.0],"rotation":0,"texture":"#0","tintindex":0},"north":{"uv":[2.0,0.0,0.0,0.0],"rotation":180,"texture":"#0","tintindex":0},"west":{"uv":[0.0,2.25,0.0,0.0],"rotation":90,"texture":"#0","tintindex":0},"up":{"uv":[16.0,1.25,14.0,3.5],"rotation":0,"texture":"#0","tintindex":0},"down":{"uv":[16.0,1.25,14.0,3.5],"rotation":180,"texture":"#0","tintindex":0}}},{"from":[5.5571804,3.298882,-9.237797],"to":[10.12861,3.298882,-6.3806543],"rotation":{"angle":-22.5,"axis":"x","origin":[9.142858,6.4460897,-5.6829348]},"faces":{"east":{"uv":[0.0,1.25,0.0,0.0],"rotation":270,"texture":"#0","tintindex":0},"south":{"uv":[2.0,0.0,0.0,0.0],"rotation":0,"texture":"#0","tintindex":0},"north":{"uv":[2.0,0.0,0.0,0.0],"rotation":180,"texture":"#0","tintindex":0},"west":{"uv":[0.0,1.25,0.0,0.0],"rotation":90,"texture":"#0","tintindex":0},"up":{"uv":[16.0,0.0,14.0,1.25],"rotation":0,"texture":"#0","tintindex":0},"down":{"uv":[16.0,0.0,14.0,1.25],"rotation":180,"texture":"#0","tintindex":0}}},{"from":[7.142857,6.285714,6.285714],"to":[8.857143,8.0,8.0],"rotation":{"angle":0.0,"axis":"y","origin":[3.7142854,-1.7142859,0.5714283]},"faces":{"east":{"uv":[12.75,4.25,12.0,5.0],"rotation":0,"texture":"#0","tintindex":0},"south":{"uv":[12.75,3.5,12.0,4.25],"rotation":0,"texture":"#0","tintindex":0},"north":{"uv":[12.5,11.75,11.75,12.5],"rotation":0,"texture":"#0","tintindex":0},"west":{"uv":[3.5,12.0,2.75,12.75],"rotation":0,"texture":"#0","tintindex":0},"up":{"uv":[5.0,12.75,5.75,12.0],"rotation":0,"texture":"#0","tintindex":0},"down":{"uv":[12.0,5.0,12.75,5.75],"rotation":0,"texture":"#0","tintindex":0}}},{"from":[6.857143,3.4285712,6.0],"to":[9.142858,6.285714,8.285714],"rotation":{"angle":0.0,"axis":"y","origin":[3.7142854,-1.7142859,0.5714283]},"faces":{"east":{"uv":[11.5,1.25,10.5,2.5],"rotation":0,"texture":"#0","tintindex":0},"south":{"uv":[2.0,10.5,1.0,11.75],"rotation":0,"texture":"#0","tintindex":0},"north":{"uv":[1.0,10.5,0.0,11.75],"rotation":0,"texture":"#0","tintindex":0},"west":{"uv":[11.5,0.0,10.5,1.25],"rotation":0,"texture":"#0","tintindex":0},"up":{"uv":[8.75,12.0,9.75,11.0],"rotation":0,"texture":"#0","tintindex":0},"down":{"uv":[9.75,11.0,10.75,12.0],"rotation":0,"texture":"#0","tintindex":0}}},{"from":[8.0,2.2857141,6.0],"to":[9.142858,3.4285712,8.285714],"rotation":{"angle":0.0,"axis":"y","origin":[3.7142854,-1.7142859,0.5714283]},"faces":{"east":{"uv":[7.5,8.5,6.5,9.0],"rotation":0,"texture":"#0","tintindex":0},"south":{"uv":[4.5,12.25,4.0,12.75],"rotation":0,"texture":"#0","tintindex":0},"north":{"uv":[12.75,2.75,12.25,3.25],"rotation":0,"texture":"#0","tintindex":0},"west":{"uv":[7.0,4.0,6.0,4.5],"rotation":0,"texture":"#0","tintindex":0},"up":{"uv":[3.25,8.5,3.75,7.5],"rotation":0,"texture":"#0","tintindex":0},"down":{"uv":[2.75,11.0,3.25,12.0],"rotation":0,"texture":"#0","tintindex":0}}},{"from":[6.857143,2.2857141,6.0],"to":[8.0,3.4285712,7.142857],"rotation":{"angle":0.0,"axis":"y","origin":[3.7142854,-1.7142859,0.5714283]},"faces":{"east":{"uv":[12.75,6.75,12.25,7.25],"rotation":0,"texture":"#0","tintindex":0},"south":{"uv":[12.75,6.25,12.25,6.75],"rotation":0,"texture":"#0","tintindex":0},"north":{"uv":[5.0,12.25,4.5,12.75],"rotation":0,"texture":"#0","tintindex":0},"west":{"uv":[12.75,5.75,12.25,6.25],"rotation":0,"texture":"#0","tintindex":0},"up":{"uv":[12.25,7.75,12.75,7.25],"rotation":0,"texture":"#0","tintindex":0},"down":{"uv":[0.0,12.5,0.5,13.0],"rotation":0,"texture":"#0","tintindex":0}}}],"textures":{"0":"modelengine:entity/farmer"},"display":{"head":{"translation":[0.0,-6.4,0.0],"scale":[4.0,4.0,4.0]}}}