{"elements":[{"from":[8.0,7.860623,4.9225826],"to":[8.571428,9.00348,8.922583],"rotation":{"angle":22.5,"axis":"x","origin":[8.285714,8.432052,6.9225826]},"faces":{"east":{"uv":[15.0,0.5,13.25,1.0],"rotation":0,"texture":"#5","tintindex":0},"south":{"uv":[12.75,0.0,12.5,0.5],"rotation":0,"texture":"#5","tintindex":0},"north":{"uv":[13.0,0.0,12.75,0.5],"rotation":0,"texture":"#5","tintindex":0},"west":{"uv":[15.0,0.0,13.25,0.5],"rotation":0,"texture":"#5","tintindex":0},"up":{"uv":[15.75,1.75,16.0,0.0],"rotation":0,"texture":"#5","tintindex":0},"down":{"uv":[15.25,1.75,15.5,0.0],"rotation":0,"texture":"#5","tintindex":0}}},{"from":[7.714286,5.722789,8.724669],"to":[8.857143,9.1513605,9.924669],"rotation":{"angle":22.5,"axis":"x","origin":[8.285714,7.4370747,9.324669]},"faces":{"east":{"uv":[13.275,2.75,12.75,4.25],"rotation":0,"texture":"#5","tintindex":0},"south":{"uv":[12.75,1.25,12.25,2.75],"rotation":0,"texture":"#5","tintindex":0},"north":{"uv":[13.25,1.25,12.75,2.75],"rotation":0,"texture":"#5","tintindex":0},"west":{"uv":[12.775,2.75,12.25,4.25],"rotation":0,"texture":"#5","tintindex":0},"up":{"uv":[12.75,5.025,13.25,4.5],"rotation":0,"texture":"#5","tintindex":0},"down":{"uv":[12.25,5.025,12.75,4.5],"rotation":0,"texture":"#5","tintindex":0}}}],"textures":{"5":"modelengine:entity/guardpurple"},"display":{"head":{"translation":[0.0,-6.4,0.0],"scale":[4.0,4.0,4.0]}}}