{"elements":[{"from":[7.142857,6.857143,5.714286],"to":[8.857143,8.0,8.0],"rotation":{"angle":0.0,"axis":"y","origin":[8.0,4.928571,6.714286]},"faces":{"east":{"uv":[8.5,1.5,9.5,2.0],"rotation":0,"texture":"#5","tintindex":0},"south":{"uv":[6.5,11.0,7.25,11.5],"rotation":0,"texture":"#5","tintindex":0},"north":{"uv":[2.75,11.0,3.5,11.5],"rotation":0,"texture":"#5","tintindex":0},"west":{"uv":[5.5,10.75,6.5,11.25],"rotation":0,"texture":"#5","tintindex":0},"up":{"uv":[5.5,11.5,4.75,10.5],"rotation":0,"texture":"#5","tintindex":0},"down":{"uv":[11.25,5.0,10.5,6.0],"rotation":0,"texture":"#5","tintindex":0}}},{"from":[6.857143,4.0,5.428571],"to":[9.142858,6.857143,8.285714],"rotation":{"angle":0.0,"axis":"y","origin":[8.0,4.928571,6.714286]},"faces":{"east":{"uv":[7.75,7.25,9.0,8.5],"rotation":0,"texture":"#5","tintindex":0},"south":{"uv":[9.5,1.25,10.5,2.5],"rotation":0,"texture":"#5","tintindex":0},"north":{"uv":[9.5,0.0,10.5,1.25],"rotation":0,"texture":"#5","tintindex":0},"west":{"uv":[5.25,8.0,6.5,9.25],"rotation":0,"texture":"#5","tintindex":0},"up":{"uv":[6.75,10.75,5.75,9.5],"rotation":0,"texture":"#5","tintindex":0},"down":{"uv":[10.5,8.25,9.5,9.5],"rotation":0,"texture":"#5","tintindex":0}}},{"from":[6.857143,2.8571424,5.428571],"to":[8.0,4.0,8.285714],"rotation":{"angle":0.0,"axis":"y","origin":[8.0,4.928571,6.714286]},"faces":{"east":{"uv":[10.5,6.0,11.75,6.5],"rotation":0,"texture":"#5","tintindex":0},"south":{"uv":[1.0,8.5,1.5,9.0],"rotation":0,"texture":"#5","tintindex":0},"north":{"uv":[1.5,7.25,2.0,7.75],"rotation":0,"texture":"#5","tintindex":0},"west":{"uv":[10.5,10.0,11.75,10.5],"rotation":0,"texture":"#5","tintindex":0},"up":{"uv":[8.75,6.0,8.25,4.75],"rotation":0,"texture":"#5","tintindex":0},"down":{"uv":[11.0,10.5,10.5,11.75],"rotation":0,"texture":"#5","tintindex":0}}},{"from":[8.0,2.8571424,5.428571],"to":[9.142858,4.0,7.142857],"rotation":{"angle":0.0,"axis":"y","origin":[8.0,4.928571,6.714286]},"faces":{"east":{"uv":[8.5,11.0,9.25,11.5],"rotation":0,"texture":"#5","tintindex":0},"south":{"uv":[11.25,7.75,11.75,8.25],"rotation":0,"texture":"#5","tintindex":0},"north":{"uv":[7.5,11.25,8.0,11.75],"rotation":0,"texture":"#5","tintindex":0},"west":{"uv":[11.0,10.5,11.75,11.0],"rotation":0,"texture":"#5","tintindex":0},"up":{"uv":[6.75,3.5,6.25,2.75],"rotation":0,"texture":"#5","tintindex":0},"down":{"uv":[7.75,6.0,7.25,6.75],"rotation":0,"texture":"#5","tintindex":0}}}],"textures":{"5":"modelengine:entity/guardpurple"},"display":{"head":{"translation":[0.0,-6.4,0.0],"scale":[4.0,4.0,4.0]}}}