{"elements":[{"from":[7.142857,6.857143,8.0],"to":[8.857143,8.0,9.714286],"rotation":{"angle":0.0,"axis":"y","origin":[8.0,5.5238094,8.380953]},"faces":{"east":{"uv":[12.0,5.0,11.25,5.5],"rotation":0,"texture":"#5","tintindex":0},"south":{"uv":[12.0,3.0,11.25,3.5],"rotation":0,"texture":"#5","tintindex":0},"north":{"uv":[11.75,11.0,11.0,11.5],"rotation":0,"texture":"#5","tintindex":0},"west":{"uv":[12.0,2.5,11.25,3.0],"rotation":0,"texture":"#5","tintindex":0},"up":{"uv":[4.0,11.5,4.75,10.75],"rotation":0,"texture":"#5","tintindex":0},"down":{"uv":[10.75,4.25,11.5,5.0],"rotation":0,"texture":"#5","tintindex":0}}},{"from":[6.857143,3.4285712,7.714286],"to":[9.142858,6.857143,10.0],"rotation":{"angle":0.0,"axis":"y","origin":[8.0,5.5238094,8.380953]},"faces":{"east":{"uv":[9.75,3.75,8.75,5.25],"rotation":0,"texture":"#5","tintindex":0},"south":{"uv":[9.5,8.5,8.5,10.0],"rotation":0,"texture":"#5","tintindex":0},"north":{"uv":[9.5,0.0,8.5,1.5],"rotation":0,"texture":"#5","tintindex":0},"west":{"uv":[8.5,8.5,7.5,10.0],"rotation":0,"texture":"#5","tintindex":0},"up":{"uv":[0.0,11.0,1.0,10.0],"rotation":0,"texture":"#5","tintindex":0},"down":{"uv":[1.0,10.0,2.0,11.0],"rotation":0,"texture":"#5","tintindex":0}}},{"from":[6.857143,3.4285712,7.142857],"to":[9.142858,4.5714283,7.714286],"rotation":{"angle":0.0,"axis":"y","origin":[8.0,5.5238094,8.380953]},"faces":{"east":{"uv":[4.25,5.5,4.0,6.0],"rotation":0,"texture":"#5","tintindex":0},"south":{"uv":[10.5,10.75,9.5,11.25],"rotation":0,"texture":"#5","tintindex":0},"north":{"uv":[8.5,10.75,7.5,11.25],"rotation":0,"texture":"#5","tintindex":0},"west":{"uv":[4.25,3.5,4.0,4.0],"rotation":0,"texture":"#5","tintindex":0},"up":{"uv":[5.25,8.0,6.25,7.75],"rotation":0,"texture":"#5","tintindex":0},"down":{"uv":[9.5,2.5,10.5,2.75],"rotation":0,"texture":"#5","tintindex":0}}}],"textures":{"5":"modelengine:entity/guardpurple"},"display":{"head":{"translation":[0.0,-6.4,0.0],"scale":[4.0,4.0,4.0]}}}