{"elements":[{"from":[7.142857,6.857143,5.714286],"to":[8.857143,8.0,8.0],"rotation":{"angle":0.0,"axis":"y","origin":[8.0,4.928571,6.714286]},"faces":{"east":{"uv":[6.5,10.75,5.5,11.25],"rotation":0,"texture":"#5","tintindex":0},"south":{"uv":[7.25,11.0,6.5,11.5],"rotation":0,"texture":"#5","tintindex":0},"north":{"uv":[3.5,11.0,2.75,11.5],"rotation":0,"texture":"#5","tintindex":0},"west":{"uv":[9.5,1.5,8.5,2.0],"rotation":0,"texture":"#5","tintindex":0},"up":{"uv":[4.75,11.5,5.5,10.5],"rotation":0,"texture":"#5","tintindex":0},"down":{"uv":[10.5,5.0,11.25,6.0],"rotation":0,"texture":"#5","tintindex":0}}},{"from":[6.857143,4.0,5.428571],"to":[9.142858,6.857143,8.285714],"rotation":{"angle":0.0,"axis":"y","origin":[8.0,4.928571,6.714286]},"faces":{"east":{"uv":[6.5,8.0,5.25,9.25],"rotation":0,"texture":"#5","tintindex":0},"south":{"uv":[10.5,1.25,9.5,2.5],"rotation":0,"texture":"#5","tintindex":0},"north":{"uv":[10.5,0.0,9.5,1.25],"rotation":0,"texture":"#5","tintindex":0},"west":{"uv":[9.0,7.25,7.75,8.5],"rotation":0,"texture":"#5","tintindex":0},"up":{"uv":[5.75,10.75,6.75,9.5],"rotation":0,"texture":"#5","tintindex":0},"down":{"uv":[9.5,8.25,10.5,9.5],"rotation":0,"texture":"#5","tintindex":0}}},{"from":[8.0,2.8571424,5.428571],"to":[9.142858,4.0,8.285714],"rotation":{"angle":0.0,"axis":"y","origin":[8.0,4.928571,6.714286]},"faces":{"east":{"uv":[11.75,10.0,10.5,10.5],"rotation":0,"texture":"#5","tintindex":0},"south":{"uv":[1.5,8.5,1.0,9.0],"rotation":0,"texture":"#5","tintindex":0},"north":{"uv":[2.0,7.25,1.5,7.75],"rotation":0,"texture":"#5","tintindex":0},"west":{"uv":[11.75,6.0,10.5,6.5],"rotation":0,"texture":"#5","tintindex":0},"up":{"uv":[8.25,6.0,8.75,4.75],"rotation":0,"texture":"#5","tintindex":0},"down":{"uv":[10.5,10.5,11.0,11.75],"rotation":0,"texture":"#5","tintindex":0}}},{"from":[6.857143,2.8571424,5.428571],"to":[8.0,4.0,7.142857],"rotation":{"angle":0.0,"axis":"y","origin":[8.0,4.928571,6.714286]},"faces":{"east":{"uv":[11.75,10.5,11.0,11.0],"rotation":0,"texture":"#5","tintindex":0},"south":{"uv":[11.75,7.75,11.25,8.25],"rotation":0,"texture":"#5","tintindex":0},"north":{"uv":[8.0,11.25,7.5,11.75],"rotation":0,"texture":"#5","tintindex":0},"west":{"uv":[9.25,11.0,8.5,11.5],"rotation":0,"texture":"#5","tintindex":0},"up":{"uv":[6.25,3.5,6.75,2.75],"rotation":0,"texture":"#5","tintindex":0},"down":{"uv":[7.25,6.0,7.75,6.75],"rotation":0,"texture":"#5","tintindex":0}}}],"textures":{"5":"modelengine:entity/guardpurple"},"display":{"head":{"translation":[0.0,-6.4,0.0],"scale":[4.0,4.0,4.0]}}}