{"elements":[{"from":[5.714286,6.285714,6.285714],"to":[10.285714,10.285714,9.142858],"rotation":{"angle":0.0,"axis":"y","origin":[8.0,13.142858,7.428571]},"faces":{"east":{"uv":[5.0,9.25,6.25,11.0],"rotation":0,"texture":"#0","tintindex":0},"south":{"uv":[0.0,6.0,2.0,7.75],"rotation":0,"texture":"#0","tintindex":0},"north":{"uv":[4.25,2.0,6.25,3.75],"rotation":0,"texture":"#0","tintindex":0},"west":{"uv":[6.25,9.5,7.5,11.25],"rotation":0,"texture":"#0","tintindex":0},"up":{"uv":[2.0,9.0,0.0,7.75],"rotation":0,"texture":"#0","tintindex":0},"down":{"uv":[9.75,1.25,7.75,2.5],"rotation":0,"texture":"#0","tintindex":0}}},{"from":[5.142857,10.285714,6.285714],"to":[10.857143,13.142858,9.142858],"rotation":{"angle":0.0,"axis":"y","origin":[8.0,16.57143,7.428571]},"faces":{"east":{"uv":[7.5,9.5,8.75,10.75],"rotation":0,"texture":"#0","tintindex":0},"south":{"uv":[6.0,3.75,8.5,5.0],"rotation":0,"texture":"#0","tintindex":0},"north":{"uv":[2.0,6.0,4.5,7.25],"rotation":0,"texture":"#0","tintindex":0},"west":{"uv":[8.75,9.75,10.0,11.0],"rotation":0,"texture":"#0","tintindex":0},"up":{"uv":[7.0,7.25,4.5,6.0],"rotation":0,"texture":"#0","tintindex":0},"down":{"uv":[8.75,0.0,6.25,1.25],"rotation":0,"texture":"#0","tintindex":0}}},{"from":[5.714286,9.950979,7.9019585],"to":[10.285714,12.236694,9.616244],"rotation":{"angle":45.0,"axis":"x","origin":[8.0,13.950979,7.9019585]},"faces":{"east":{"uv":[10.0,11.0,10.75,12.0],"rotation":0,"texture":"#0","tintindex":0},"south":{"uv":[9.75,2.0,11.75,3.0],"rotation":0,"texture":"#0","tintindex":0},"north":{"uv":[9.75,1.0,11.75,2.0],"rotation":0,"texture":"#0","tintindex":0},"west":{"uv":[10.75,11.0,11.5,12.0],"rotation":0,"texture":"#0","tintindex":0},"up":{"uv":[11.75,3.75,9.75,3.0],"rotation":0,"texture":"#0","tintindex":0},"down":{"uv":[3.5,10.0,1.5,10.75],"rotation":0,"texture":"#0","tintindex":0}}},{"from":[5.714286,3.4285712,6.285714],"to":[10.285714,6.285714,6.285714],"rotation":{"angle":0.0,"axis":"y","origin":[8.0,8.571428,7.428571]},"faces":{"east":{"uv":[0.0,0.0,0.0,1.25],"rotation":0,"texture":"#0","tintindex":0},"south":{"uv":[6.75,8.25,8.75,9.5],"rotation":0,"texture":"#0","tintindex":0},"north":{"uv":[7.75,2.5,9.75,3.75],"rotation":0,"texture":"#0","tintindex":0},"west":{"uv":[0.0,0.0,0.0,1.25],"rotation":0,"texture":"#0","tintindex":0},"up":{"uv":[2.0,0.0,0.0,0.0],"rotation":0,"texture":"#0","tintindex":0},"down":{"uv":[2.0,0.0,0.0,0.0],"rotation":0,"texture":"#0","tintindex":0}}}],"textures":{"0":"modelengine:entity/butcher"},"display":{"head":{"translation":[0.0,-6.4,0.0],"scale":[4.0,4.0,4.0]}}}