{"elements":[{"from":[5.428571,8.285714,4.8571424],"to":[10.571428,12.857143,7.714286],"rotation":{"angle":0.0,"axis":"y","origin":[8.0,8.0,7.428571]},"faces":{"east":{"uv":[4.25,7.25,5.5,9.25],"rotation":0,"texture":"#0","tintindex":0},"south":{"uv":[0.0,2.0,2.25,4.0],"rotation":0,"texture":"#0","tintindex":0},"north":{"uv":[0.0,0.0,2.25,2.0],"rotation":0,"texture":"#0","tintindex":0},"west":{"uv":[5.5,7.25,6.75,9.25],"rotation":0,"texture":"#0","tintindex":0},"up":{"uv":[9.25,8.25,7.0,7.0],"rotation":0,"texture":"#0","tintindex":0},"down":{"uv":[4.25,7.25,2.0,8.5],"rotation":0,"texture":"#0","tintindex":0}}},{"from":[6.285714,11.428572,8.571428],"to":[9.714286,14.857143,12.0],"rotation":{"angle":-22.5,"axis":"x","origin":[8.0,13.714286,11.428572]},"faces":{"east":{"uv":[8.5,3.75,10.0,5.25],"rotation":0,"texture":"#0","tintindex":0},"south":{"uv":[8.5,5.25,10.0,6.75],"rotation":0,"texture":"#0","tintindex":0},"north":{"uv":[2.0,8.5,3.5,10.0],"rotation":0,"texture":"#0","tintindex":0},"west":{"uv":[8.75,8.25,10.25,9.75],"rotation":0,"texture":"#0","tintindex":0},"up":{"uv":[1.5,10.5,0.0,9.0],"rotation":0,"texture":"#0","tintindex":0},"down":{"uv":[5.0,9.25,3.5,10.75],"rotation":0,"texture":"#0","tintindex":0}}},{"from":[11.038629,8.285714,8.413322],"to":[11.038629,12.857143,11.841894],"rotation":{"angle":22.5,"axis":"y","origin":[9.333881,7.4291153,10.676009]},"faces":{"east":{"uv":[6.25,1.25,7.75,3.25],"rotation":0,"texture":"#0","tintindex":0},"south":{"uv":[0.0,0.0,0.0,2.0],"rotation":0,"texture":"#0","tintindex":0},"north":{"uv":[0.0,0.0,0.0,2.0],"rotation":0,"texture":"#0","tintindex":0},"west":{"uv":[7.75,1.25,6.25,3.25],"rotation":0,"texture":"#0","tintindex":0},"up":{"uv":[0.0,1.5,0.0,0.0],"rotation":0,"texture":"#0","tintindex":0},"down":{"uv":[0.0,0.0,0.0,1.5],"rotation":0,"texture":"#0","tintindex":0}}},{"from":[4.9613714,8.285714,8.413322],"to":[4.9613714,12.857143,11.841894],"rotation":{"angle":-22.5,"axis":"y","origin":[6.666119,7.4291153,10.676009]},"faces":{"east":{"uv":[6.25,1.25,7.75,3.25],"rotation":0,"texture":"#0","tintindex":0},"south":{"uv":[0.0,0.0,0.0,2.0],"rotation":0,"texture":"#0","tintindex":0},"north":{"uv":[0.0,0.0,0.0,2.0],"rotation":0,"texture":"#0","tintindex":0},"west":{"uv":[7.75,1.25,6.25,3.25],"rotation":0,"texture":"#0","tintindex":0},"up":{"uv":[0.0,1.5,0.0,0.0],"rotation":0,"texture":"#0","tintindex":0},"down":{"uv":[0.0,0.0,0.0,1.5],"rotation":0,"texture":"#0","tintindex":0}}},{"from":[5.5714283,9.142858,8.571428],"to":[6.142857,10.857143,9.714286],"rotation":{"angle":-22.5,"axis":"y","origin":[8.428572,8.0,8.571428]},"faces":{"east":{"uv":[13.25,1.5,13.75,2.25],"rotation":0,"texture":"#0","tintindex":0},"south":{"uv":[13.5,0.0,13.75,0.75],"rotation":0,"texture":"#0","tintindex":0},"north":{"uv":[13.25,0.0,13.5,0.75],"rotation":0,"texture":"#0","tintindex":0},"west":{"uv":[13.25,0.75,13.75,1.5],"rotation":0,"texture":"#0","tintindex":0},"up":{"uv":[14.0,0.5,13.75,0.0],"rotation":0,"texture":"#0","tintindex":0},"down":{"uv":[14.0,1.0,13.75,1.5],"rotation":0,"texture":"#0","tintindex":0}}},{"from":[9.857143,9.142858,8.571428],"to":[10.428572,10.857143,9.714286],"rotation":{"angle":22.5,"axis":"y","origin":[7.5714283,8.0,8.571428]},"faces":{"east":{"uv":[13.75,0.75,13.25,1.5],"rotation":0,"texture":"#0","tintindex":0},"south":{"uv":[13.75,0.0,13.5,0.75],"rotation":0,"texture":"#0","tintindex":0},"north":{"uv":[13.5,0.0,13.25,0.75],"rotation":0,"texture":"#0","tintindex":0},"west":{"uv":[13.75,1.5,13.25,2.25],"rotation":0,"texture":"#0","tintindex":0},"up":{"uv":[13.75,0.5,14.0,0.0],"rotation":0,"texture":"#0","tintindex":0},"down":{"uv":[13.75,1.0,14.0,1.5],"rotation":0,"texture":"#0","tintindex":0}}},{"from":[5.714286,8.0,5.142857],"to":[10.285714,12.571428,9.714286],"rotation":{"angle":0.0,"axis":"y","origin":[8.0,8.0,7.428571]},"faces":{"east":{"uv":[2.25,2.0,4.25,4.0],"rotation":0,"texture":"#0","tintindex":0},"south":{"uv":[0.0,4.0,2.0,6.0],"rotation":0,"texture":"#0","tintindex":0},"north":{"uv":[2.25,0.0,4.25,2.0],"rotation":0,"texture":"#0","tintindex":0},"west":{"uv":[2.0,4.0,4.0,6.0],"rotation":0,"texture":"#0","tintindex":0},"up":{"uv":[6.0,6.0,4.0,4.0],"rotation":0,"texture":"#0","tintindex":0},"down":{"uv":[6.25,0.0,4.25,2.0],"rotation":0,"texture":"#0","tintindex":0}}},{"from":[7.428571,9.714286,4.5714283],"to":[8.571428,10.285714,5.142857],"rotation":{"angle":0.0,"axis":"y","origin":[8.0,8.0,7.428571]},"faces":{"east":{"uv":[5.75,3.75,6.0,4.0],"rotation":0,"texture":"#0","tintindex":0},"south":{"uv":[8.5,6.75,9.0,7.0],"rotation":0,"texture":"#0","tintindex":0},"north":{"uv":[5.25,3.75,5.75,4.0],"rotation":0,"texture":"#0","tintindex":0},"west":{"uv":[9.0,6.75,9.25,7.0],"rotation":0,"texture":"#0","tintindex":0},"up":{"uv":[6.75,9.5,6.25,9.25],"rotation":0,"texture":"#0","tintindex":0},"down":{"uv":[10.75,9.5,10.25,9.75],"rotation":0,"texture":"#0","tintindex":0}}}],"textures":{"0":"modelengine:entity/butcher"},"display":{"head":{"translation":[0.0,-6.4,0.0],"scale":[4.0,4.0,4.0]}}}