{"elements":[{"from":[7.142857,6.857143,6.285714],"to":[8.857143,8.0,8.0],"rotation":{"angle":0.0,"axis":"y","origin":[6.857143,7.428571,6.0]},"faces":{"east":{"uv":[11.25,8.5,12.0,9.0],"rotation":0,"texture":"#0","tintindex":0},"south":{"uv":[11.75,5.75,12.5,6.25],"rotation":0,"texture":"#0","tintindex":0},"north":{"uv":[11.0,5.75,11.75,6.25],"rotation":0,"texture":"#0","tintindex":0},"west":{"uv":[11.75,10.25,12.5,10.75],"rotation":0,"texture":"#0","tintindex":0},"up":{"uv":[12.5,2.75,11.75,2.0],"rotation":0,"texture":"#0","tintindex":0},"down":{"uv":[3.25,11.75,2.5,12.5],"rotation":0,"texture":"#0","tintindex":0}}},{"from":[6.857143,4.5714283,6.0],"to":[9.142858,6.857143,8.285714],"rotation":{"angle":0.0,"axis":"y","origin":[6.857143,6.285714,6.0]},"faces":{"east":{"uv":[2.0,10.75,3.0,11.75],"rotation":0,"texture":"#0","tintindex":0},"south":{"uv":[3.0,10.75,4.0,11.75],"rotation":0,"texture":"#0","tintindex":0},"north":{"uv":[1.0,10.75,2.0,11.75],"rotation":0,"texture":"#0","tintindex":0},"west":{"uv":[4.0,10.75,5.0,11.75],"rotation":0,"texture":"#0","tintindex":0},"up":{"uv":[8.5,11.75,7.5,10.75],"rotation":0,"texture":"#0","tintindex":0},"down":{"uv":[12.0,0.0,11.0,1.0],"rotation":0,"texture":"#0","tintindex":0}}},{"from":[6.857143,3.4285712,6.0],"to":[8.0,4.5714283,8.285714],"rotation":{"angle":0.0,"axis":"y","origin":[6.857143,4.0,6.0]},"faces":{"east":{"uv":[6.25,3.25,7.25,3.75],"rotation":0,"texture":"#0","tintindex":0},"south":{"uv":[12.0,5.25,12.5,5.75],"rotation":0,"texture":"#0","tintindex":0},"north":{"uv":[7.25,3.25,7.75,3.75],"rotation":0,"texture":"#0","tintindex":0},"west":{"uv":[9.25,7.75,10.25,8.25],"rotation":0,"texture":"#0","tintindex":0},"up":{"uv":[2.0,10.0,1.5,9.0],"rotation":0,"texture":"#0","tintindex":0},"down":{"uv":[12.5,4.25,12.0,5.25],"rotation":0,"texture":"#0","tintindex":0}}},{"from":[8.0,3.4285712,6.0],"to":[9.142858,4.5714283,7.142857],"rotation":{"angle":0.0,"axis":"y","origin":[8.0,4.0,6.0]},"faces":{"east":{"uv":[12.0,6.25,12.5,6.75],"rotation":0,"texture":"#0","tintindex":0},"south":{"uv":[12.0,8.5,12.5,9.0],"rotation":0,"texture":"#0","tintindex":0},"north":{"uv":[6.25,12.0,6.75,12.5],"rotation":0,"texture":"#0","tintindex":0},"west":{"uv":[10.0,12.0,10.5,12.5],"rotation":0,"texture":"#0","tintindex":0},"up":{"uv":[11.0,12.5,10.5,12.0],"rotation":0,"texture":"#0","tintindex":0},"down":{"uv":[11.5,12.0,11.0,12.5],"rotation":0,"texture":"#0","tintindex":0}}}],"textures":{"0":"modelengine:entity/butcher"},"display":{"head":{"translation":[0.0,-6.4,0.0],"scale":[4.0,4.0,4.0]}}}