{"elements":[{"from":[7.142857,6.285714,8.0],"to":[8.857143,8.0,9.714286],"rotation":{"angle":0.0,"axis":"y","origin":[7.142857,6.857143,8.571428]},"faces":{"east":{"uv":[7.5,11.75,8.25,12.5],"rotation":0,"texture":"#0","tintindex":0},"south":{"uv":[11.75,9.5,12.5,10.25],"rotation":0,"texture":"#0","tintindex":0},"north":{"uv":[4.0,11.75,4.75,12.5],"rotation":0,"texture":"#0","tintindex":0},"west":{"uv":[11.5,11.75,12.25,12.5],"rotation":0,"texture":"#0","tintindex":0},"up":{"uv":[12.75,0.75,12.0,0.0],"rotation":0,"texture":"#0","tintindex":0},"down":{"uv":[12.75,3.5,12.0,4.25],"rotation":0,"texture":"#0","tintindex":0}}},{"from":[6.857143,3.4285712,7.714286],"to":[9.142858,6.285714,10.0],"rotation":{"angle":0.0,"axis":"y","origin":[7.142857,5.714286,8.571428]},"faces":{"east":{"uv":[10.0,5.0,11.0,6.25],"rotation":0,"texture":"#0","tintindex":0},"south":{"uv":[10.0,9.75,11.0,11.0],"rotation":0,"texture":"#0","tintindex":0},"north":{"uv":[10.0,3.75,11.0,5.0],"rotation":0,"texture":"#0","tintindex":0},"west":{"uv":[10.25,7.75,11.25,9.0],"rotation":0,"texture":"#0","tintindex":0},"up":{"uv":[12.0,4.75,11.0,3.75],"rotation":0,"texture":"#0","tintindex":0},"down":{"uv":[12.0,4.75,11.0,5.75],"rotation":0,"texture":"#0","tintindex":0}}},{"from":[6.857143,3.4285712,7.142857],"to":[9.142858,4.0,7.714286],"rotation":{"angle":0.0,"axis":"y","origin":[7.142857,5.714286,6.285714]},"faces":{"east":{"uv":[1.0,10.5,1.25,10.75],"rotation":0,"texture":"#0","tintindex":0},"south":{"uv":[8.75,1.0,9.75,1.25],"rotation":0,"texture":"#0","tintindex":0},"north":{"uv":[4.25,3.75,5.25,4.0],"rotation":0,"texture":"#0","tintindex":0},"west":{"uv":[1.25,10.5,1.5,10.75],"rotation":0,"texture":"#0","tintindex":0},"up":{"uv":[12.5,7.75,11.5,7.5],"rotation":0,"texture":"#0","tintindex":0},"down":{"uv":[13.0,0.75,12.0,1.0],"rotation":0,"texture":"#0","tintindex":0}}}],"textures":{"0":"modelengine:entity/butcher"},"display":{"head":{"translation":[0.0,-6.4,0.0],"scale":[4.0,4.0,4.0]}}}