{"elements":[{"from":[7.428571,5.714286,7.142857],"to":[9.142858,8.571428,8.857143],"rotation":{"angle":0.0,"axis":"y","origin":[7.428571,8.0,7.714286]},"faces":{"east":{"uv":[8.5,11.0,9.25,12.25],"rotation":0,"texture":"#0","tintindex":0},"south":{"uv":[9.25,11.0,10.0,12.25],"rotation":0,"texture":"#0","tintindex":0},"north":{"uv":[5.0,11.0,5.75,12.25],"rotation":0,"texture":"#0","tintindex":0},"west":{"uv":[11.0,9.5,11.75,10.75],"rotation":0,"texture":"#0","tintindex":0},"up":{"uv":[12.5,3.5,11.75,2.75],"rotation":0,"texture":"#0","tintindex":0},"down":{"uv":[4.0,11.75,3.25,12.5],"rotation":0,"texture":"#0","tintindex":0}}}],"textures":{"0":"modelengine:entity/butcher"},"display":{"head":{"translation":[0.0,-6.4,0.0],"scale":[4.0,4.0,4.0]}}}