{"elements":[{"from":[6.285714,5.3142858,7.028571],"to":[8.0,8.742857,8.742857],"rotation":{"angle":0.0,"axis":"y","origin":[6.0,7.6,6.742857]},"faces":{"east":{"uv":[12.25,10.75,13.0,12.25],"rotation":0,"texture":"#0","tintindex":0},"south":{"uv":[0.0,13.25,0.75,14.75],"rotation":0,"texture":"#0","tintindex":0},"north":{"uv":[14.0,0.0,14.75,1.5],"rotation":0,"texture":"#0","tintindex":0},"west":{"uv":[12.5,1.0,13.25,2.5],"rotation":0,"texture":"#0","tintindex":0},"up":{"uv":[4.25,9.25,3.5,8.5],"rotation":0,"texture":"#0","tintindex":0},"down":{"uv":[2.5,11.75,1.75,12.5],"rotation":0,"texture":"#0","tintindex":0}}}],"textures":{"0":"modelengine:entity/butcher"},"display":{"head":{"translation":[0.0,-6.4,0.0],"scale":[4.0,4.0,4.0]}}}