{"elements":[{"from":[8.0,5.3142858,7.028571],"to":[9.714286,8.742857,8.742857],"rotation":{"angle":0.0,"axis":"y","origin":[10.0,7.6,6.742857]},"faces":{"east":{"uv":[13.25,1.0,12.5,2.5],"rotation":0,"texture":"#0","tintindex":0},"south":{"uv":[0.75,13.25,0.0,14.75],"rotation":0,"texture":"#0","tintindex":0},"north":{"uv":[14.75,0.0,14.0,1.5],"rotation":0,"texture":"#0","tintindex":0},"west":{"uv":[13.0,10.75,12.25,12.25],"rotation":0,"texture":"#0","tintindex":0},"up":{"uv":[3.5,9.25,4.25,8.5],"rotation":0,"texture":"#0","tintindex":0},"down":{"uv":[1.75,11.75,2.5,12.5],"rotation":0,"texture":"#0","tintindex":0}}}],"textures":{"0":"modelengine:entity/butcher"},"display":{"head":{"translation":[0.0,-6.4,0.0],"scale":[4.0,4.0,4.0]}}}