{"elements":[{"from":[7.142857,6.857143,6.285714],"to":[8.857143,8.0,8.0],"rotation":{"angle":0.0,"axis":"y","origin":[9.142858,7.428571,6.0]},"faces":{"east":{"uv":[12.5,10.25,11.75,10.75],"rotation":0,"texture":"#0","tintindex":0},"south":{"uv":[12.5,5.75,11.75,6.25],"rotation":0,"texture":"#0","tintindex":0},"north":{"uv":[11.75,5.75,11.0,6.25],"rotation":0,"texture":"#0","tintindex":0},"west":{"uv":[12.0,8.5,11.25,9.0],"rotation":0,"texture":"#0","tintindex":0},"up":{"uv":[11.75,2.75,12.5,2.0],"rotation":0,"texture":"#0","tintindex":0},"down":{"uv":[2.5,11.75,3.25,12.5],"rotation":0,"texture":"#0","tintindex":0}}},{"from":[6.857143,4.5714283,6.0],"to":[9.142858,6.857143,8.285714],"rotation":{"angle":0.0,"axis":"y","origin":[9.142858,6.285714,6.0]},"faces":{"east":{"uv":[5.0,10.75,4.0,11.75],"rotation":0,"texture":"#0","tintindex":0},"south":{"uv":[4.0,10.75,3.0,11.75],"rotation":0,"texture":"#0","tintindex":0},"north":{"uv":[2.0,10.75,1.0,11.75],"rotation":0,"texture":"#0","tintindex":0},"west":{"uv":[3.0,10.75,2.0,11.75],"rotation":0,"texture":"#0","tintindex":0},"up":{"uv":[7.5,11.75,8.5,10.75],"rotation":0,"texture":"#0","tintindex":0},"down":{"uv":[11.0,0.0,12.0,1.0],"rotation":0,"texture":"#0","tintindex":0}}},{"from":[8.0,3.4285712,6.0],"to":[9.142858,4.5714283,8.285714],"rotation":{"angle":0.0,"axis":"y","origin":[9.142858,4.0,6.0]},"faces":{"east":{"uv":[10.25,7.75,9.25,8.25],"rotation":0,"texture":"#0","tintindex":0},"south":{"uv":[12.5,5.25,12.0,5.75],"rotation":0,"texture":"#0","tintindex":0},"north":{"uv":[7.75,3.25,7.25,3.75],"rotation":0,"texture":"#0","tintindex":0},"west":{"uv":[7.25,3.25,6.25,3.75],"rotation":0,"texture":"#0","tintindex":0},"up":{"uv":[1.5,10.0,2.0,9.0],"rotation":0,"texture":"#0","tintindex":0},"down":{"uv":[12.0,4.25,12.5,5.25],"rotation":0,"texture":"#0","tintindex":0}}},{"from":[6.857143,3.4285712,6.0],"to":[8.0,4.5714283,7.142857],"rotation":{"angle":0.0,"axis":"y","origin":[8.0,4.0,6.0]},"faces":{"east":{"uv":[10.5,12.0,10.0,12.5],"rotation":0,"texture":"#0","tintindex":0},"south":{"uv":[12.5,8.5,12.0,9.0],"rotation":0,"texture":"#0","tintindex":0},"north":{"uv":[6.75,12.0,6.25,12.5],"rotation":0,"texture":"#0","tintindex":0},"west":{"uv":[12.5,6.25,12.0,6.75],"rotation":0,"texture":"#0","tintindex":0},"up":{"uv":[10.5,12.5,11.0,12.0],"rotation":0,"texture":"#0","tintindex":0},"down":{"uv":[11.0,12.0,11.5,12.5],"rotation":0,"texture":"#0","tintindex":0}}},{"from":[7.428571,4.0,4.8571424],"to":[8.0,5.142857,9.428572],"rotation":{"angle":0.0,"axis":"y","origin":[4.0,-1.7142859,6.0]},"faces":{"east":{"uv":[12.25,9.0,10.25,9.5],"rotation":0,"texture":"#0","tintindex":0},"south":{"uv":[5.75,12.25,5.5,12.75],"rotation":0,"texture":"#0","tintindex":0},"north":{"uv":[5.5,12.25,5.25,12.75],"rotation":0,"texture":"#0","tintindex":0},"west":{"uv":[12.0,6.25,10.0,6.75],"rotation":0,"texture":"#0","tintindex":0},"up":{"uv":[5.75,14.0,6.0,12.0],"rotation":0,"texture":"#0","tintindex":0},"down":{"uv":[6.0,12.0,6.25,14.0],"rotation":0,"texture":"#0","tintindex":0}}},{"from":[7.428571,4.0,-0.8571434],"to":[8.0,5.714286,-0.2857151],"rotation":{"angle":0.0,"axis":"y","origin":[4.0,-1.7142859,6.0]},"faces":{"east":{"uv":[5.25,12.25,5.0,13.0],"rotation":0,"texture":"#0","tintindex":0},"south":{"uv":[1.0,12.25,0.75,13.0],"rotation":0,"texture":"#0","tintindex":0},"north":{"uv":[0.5,12.25,0.25,13.0],"rotation":0,"texture":"#0","tintindex":0},"west":{"uv":[0.75,12.25,0.5,13.0],"rotation":0,"texture":"#0","tintindex":0},"up":{"uv":[8.5,11.0,8.75,10.75],"rotation":0,"texture":"#0","tintindex":0},"down":{"uv":[10.75,9.5,11.0,9.75],"rotation":0,"texture":"#0","tintindex":0}}},{"from":[7.428571,4.5714283,-1.4285717],"to":[8.0,5.714286,-0.8571434],"rotation":{"angle":0.0,"axis":"y","origin":[4.0,-1.7142859,6.0]},"faces":{"east":{"uv":[12.5,7.75,12.25,8.25],"rotation":0,"texture":"#0","tintindex":0},"south":{"uv":[7.5,12.25,7.25,12.75],"rotation":0,"texture":"#0","tintindex":0},"north":{"uv":[7.0,12.25,6.75,12.75],"rotation":0,"texture":"#0","tintindex":0},"west":{"uv":[7.25,12.25,7.0,12.75],"rotation":0,"texture":"#0","tintindex":0},"up":{"uv":[5.75,11.25,6.0,11.0],"rotation":0,"texture":"#0","tintindex":0},"down":{"uv":[6.0,11.0,6.25,11.25],"rotation":0,"texture":"#0","tintindex":0}}},{"from":[7.428571,5.142857,-2.0],"to":[8.0,5.714286,-1.4285717],"rotation":{"angle":0.0,"axis":"y","origin":[4.0,-1.7142859,6.0]},"faces":{"east":{"uv":[12.5,8.25,12.25,8.5],"rotation":0,"texture":"#0","tintindex":0},"south":{"uv":[12.0,3.5,11.75,3.75],"rotation":0,"texture":"#0","tintindex":0},"north":{"uv":[11.25,10.75,11.0,11.0],"rotation":0,"texture":"#0","tintindex":0},"west":{"uv":[11.5,10.75,11.25,11.0],"rotation":0,"texture":"#0","tintindex":0},"up":{"uv":[8.5,12.5,8.75,12.25],"rotation":0,"texture":"#0","tintindex":0},"down":{"uv":[8.75,12.25,9.0,12.5],"rotation":0,"texture":"#0","tintindex":0}}},{"from":[7.428571,3.4285712,-0.2857151],"to":[8.0,5.714286,4.8571424],"rotation":{"angle":0.0,"axis":"y","origin":[4.0,-1.7142859,6.0]},"faces":{"east":{"uv":[11.5,6.75,9.25,7.75],"rotation":0,"texture":"#0","tintindex":0},"south":{"uv":[0.25,12.25,0.0,13.25],"rotation":0,"texture":"#0","tintindex":0},"north":{"uv":[7.0,7.25,6.75,8.25],"rotation":0,"texture":"#0","tintindex":0},"west":{"uv":[11.0,0.0,8.75,1.0],"rotation":0,"texture":"#0","tintindex":0},"up":{"uv":[4.75,14.0,5.0,11.75],"rotation":0,"texture":"#0","tintindex":0},"down":{"uv":[8.25,11.75,8.5,14.0],"rotation":0,"texture":"#0","tintindex":0}}}],"textures":{"0":"modelengine:entity/butcher"},"display":{"head":{"translation":[0.0,-6.4,0.0],"scale":[4.0,4.0,4.0]}}}