{"elements":[{"from":[6.857143,5.714286,7.142857],"to":[8.571428,8.571428,8.857143],"rotation":{"angle":0.0,"axis":"y","origin":[8.571428,8.0,7.714286]},"faces":{"east":{"uv":[11.75,9.5,11.0,10.75],"rotation":0,"texture":"#0","tintindex":0},"south":{"uv":[10.0,11.0,9.25,12.25],"rotation":0,"texture":"#0","tintindex":0},"north":{"uv":[5.75,11.0,5.0,12.25],"rotation":0,"texture":"#0","tintindex":0},"west":{"uv":[9.25,11.0,8.5,12.25],"rotation":0,"texture":"#0","tintindex":0},"up":{"uv":[11.75,3.5,12.5,2.75],"rotation":0,"texture":"#0","tintindex":0},"down":{"uv":[3.25,11.75,4.0,12.5],"rotation":0,"texture":"#0","tintindex":0}}}],"textures":{"0":"modelengine:entity/butcher"},"display":{"head":{"translation":[0.0,-6.4,0.0],"scale":[4.0,4.0,4.0]}}}