{"parent":"minecraft:item/generated","textures":{"layer0":"minecraft:item/leather_horse_armor"},"overrides":[{"predicate":{"custom_model_data":1},"model":"modelengine:archer/archer"},{"predicate":{"custom_model_data":2},"model":"modelengine:archer/noggin"},{"predicate":{"custom_model_data":3},"model":"modelengine:archer/leftarm"},{"predicate":{"custom_model_data":4},"model":"modelengine:archer/lefthand"},{"predicate":{"custom_model_data":5},"model":"modelengine:archer/leftleg"},{"predicate":{"custom_model_data":6},"model":"modelengine:archer/leftfoot"},{"predicate":{"custom_model_data":7},"model":"modelengine:archer/rightarm"},{"predicate":{"custom_model_data":8},"model":"modelengine:archer/hawk"},{"predicate":{"custom_model_data":9},"model":"modelengine:archer/head"},{"predicate":{"custom_model_data":10},"model":"modelengine:archer/leftwing"},{"predicate":{"custom_model_data":11},"model":"modelengine:archer/rightwing"},{"predicate":{"custom_model_data":12},"model":"modelengine:archer/righthand"},{"predicate":{"custom_model_data":13},"model":"modelengine:archer/rightleg"},{"predicate":{"custom_model_data":14},"model":"modelengine:archer/rightfoot"},{"predicate":{"custom_model_data":15},"model":"modelengine:blacksmith/blacksmith"},{"predicate":{"custom_model_data":16},"model":"modelengine:blacksmith/head"},{"predicate":{"custom_model_data":17},"model":"modelengine:blacksmith/rightfoot"},{"predicate":{"custom_model_data":18},"model":"modelengine:blacksmith/rightleg"},{"predicate":{"custom_model_data":19},"model":"modelengine:blacksmith/leftfoot"},{"predicate":{"custom_model_data":20},"model":"modelengine:blacksmith/leftleg"},{"predicate":{"custom_model_data":21},"model":"modelengine:blacksmith/rightarm"},{"predicate":{"custom_model_data":22},"model":"modelengine:blacksmith/righthand"},{"predicate":{"custom_model_data":23},"model":"modelengine:blacksmith/leftarm"},{"predicate":{"custom_model_data":24},"model":"modelengine:blacksmith/lefthand"},{"predicate":{"custom_model_data":25},"model":"modelengine:butcher/butcher"},{"predicate":{"custom_model_data":26},"model":"modelengine:butcher/leftarm"},{"predicate":{"custom_model_data":27},"model":"modelengine:butcher/lefthand"},{"predicate":{"custom_model_data":28},"model":"modelengine:butcher/rightarm"},{"predicate":{"custom_model_data":29},"model":"modelengine:butcher/righthand"},{"predicate":{"custom_model_data":30},"model":"modelengine:butcher/leftleg"},{"predicate":{"custom_model_data":31},"model":"modelengine:butcher/leftfoot"},{"predicate":{"custom_model_data":32},"model":"modelengine:butcher/rightleg"},{"predicate":{"custom_model_data":33},"model":"modelengine:butcher/rightfoot"},{"predicate":{"custom_model_data":34},"model":"modelengine:butcher/head"},{"predicate":{"custom_model_data":35},"model":"modelengine:eternal_wheel/body"},{"predicate":{"custom_model_data":36},"model":"modelengine:farmer/farmer"},{"predicate":{"custom_model_data":37},"model":"modelengine:farmer/head"},{"predicate":{"custom_model_data":38},"model":"modelengine:farmer/leftarm"},{"predicate":{"custom_model_data":39},"model":"modelengine:farmer/lefthand"},{"predicate":{"custom_model_data":40},"model":"modelengine:farmer/leftleg"},{"predicate":{"custom_model_data":41},"model":"modelengine:farmer/leftfoot"},{"predicate":{"custom_model_data":42},"model":"modelengine:farmer/rightarm"},{"predicate":{"custom_model_data":43},"model":"modelengine:farmer/righthand"},{"predicate":{"custom_model_data":44},"model":"modelengine:farmer/rightleg"},{"predicate":{"custom_model_data":45},"model":"modelengine:farmer/rightfoot"},{"predicate":{"custom_model_data":46},"model":"modelengine:forester/upper_body"},{"predicate":{"custom_model_data":47},"model":"modelengine:forester/head"},{"predicate":{"custom_model_data":48},"model":"modelengine:forester/flower"},{"predicate":{"custom_model_data":49},"model":"modelengine:forester/rightarm4"},{"predicate":{"custom_model_data":50},"model":"modelengine:forester/wine1_4"},{"predicate":{"custom_model_data":51},"model":"modelengine:forester/wine1_3"},{"predicate":{"custom_model_data":52},"model":"modelengine:forester/wine2"},{"predicate":{"custom_model_data":53},"model":"modelengine:forester/rightarm"},{"predicate":{"custom_model_data":54},"model":"modelengine:forester/leftarm3"},{"predicate":{"custom_model_data":55},"model":"modelengine:forester/wine1_2"},{"predicate":{"custom_model_data":56},"model":"modelengine:forester/wine1_1"},{"predicate":{"custom_model_data":57},"model":"modelengine:forester/wine1"},{"predicate":{"custom_model_data":58},"model":"modelengine:forester/leftarm"},{"predicate":{"custom_model_data":59},"model":"modelengine:forester/body"},{"predicate":{"custom_model_data":60},"model":"modelengine:forester/rightleg"},{"predicate":{"custom_model_data":61},"model":"modelengine:forester/rightleg1"},{"predicate":{"custom_model_data":62},"model":"modelengine:forester/leftleg"},{"predicate":{"custom_model_data":63},"model":"modelengine:forester/leftleg3"},{"predicate":{"custom_model_data":64},"model":"modelengine:guard/guard"},{"predicate":{"custom_model_data":65},"model":"modelengine:guard/hiltsword"},{"predicate":{"custom_model_data":66},"model":"modelengine:guard/leftarm"},{"predicate":{"custom_model_data":67},"model":"modelengine:guard/lefthand"},{"predicate":{"custom_model_data":68},"model":"modelengine:guard/handsword"},{"predicate":{"custom_model_data":69},"model":"modelengine:guard/rightleg"},{"predicate":{"custom_model_data":70},"model":"modelengine:guard/rightfoot"},{"predicate":{"custom_model_data":71},"model":"modelengine:guard/head"},{"predicate":{"custom_model_data":72},"model":"modelengine:guard/rightarm"},{"predicate":{"custom_model_data":73},"model":"modelengine:guard/righthand"},{"predicate":{"custom_model_data":74},"model":"modelengine:guard/torch"},{"predicate":{"custom_model_data":75},"model":"modelengine:guard/empty"},{"predicate":{"custom_model_data":76},"model":"modelengine:guard/leftleg"},{"predicate":{"custom_model_data":77},"model":"modelengine:guard/leftfoot"},{"predicate":{"custom_model_data":78},"model":"modelengine:guardcyan/guard"},{"predicate":{"custom_model_data":79},"model":"modelengine:guardcyan/hiltsword"},{"predicate":{"custom_model_data":80},"model":"modelengine:guardcyan/leftarm"},{"predicate":{"custom_model_data":81},"model":"modelengine:guardcyan/lefthand"},{"predicate":{"custom_model_data":82},"model":"modelengine:guardcyan/handsword"},{"predicate":{"custom_model_data":83},"model":"modelengine:guardcyan/rightleg"},{"predicate":{"custom_model_data":84},"model":"modelengine:guardcyan/rightfoot"},{"predicate":{"custom_model_data":85},"model":"modelengine:guardcyan/head"},{"predicate":{"custom_model_data":86},"model":"modelengine:guardcyan/rightarm"},{"predicate":{"custom_model_data":87},"model":"modelengine:guardcyan/righthand"},{"predicate":{"custom_model_data":88},"model":"modelengine:guardcyan/torch"},{"predicate":{"custom_model_data":89},"model":"modelengine:guardcyan/empty"},{"predicate":{"custom_model_data":90},"model":"modelengine:guardcyan/leftleg"},{"predicate":{"custom_model_data":91},"model":"modelengine:guardcyan/leftfoot"},{"predicate":{"custom_model_data":92},"model":"modelengine:guardgreen/guard"},{"predicate":{"custom_model_data":93},"model":"modelengine:guardgreen/hiltsword"},{"predicate":{"custom_model_data":94},"model":"modelengine:guardgreen/leftarm"},{"predicate":{"custom_model_data":95},"model":"modelengine:guardgreen/lefthand"},{"predicate":{"custom_model_data":96},"model":"modelengine:guardgreen/handsword"},{"predicate":{"custom_model_data":97},"model":"modelengine:guardgreen/rightleg"},{"predicate":{"custom_model_data":98},"model":"modelengine:guardgreen/rightfoot"},{"predicate":{"custom_model_data":99},"model":"modelengine:guardgreen/head"},{"predicate":{"custom_model_data":100},"model":"modelengine:guardgreen/rightarm"},{"predicate":{"custom_model_data":101},"model":"modelengine:guardgreen/righthand"},{"predicate":{"custom_model_data":102},"model":"modelengine:guardgreen/torch"},{"predicate":{"custom_model_data":103},"model":"modelengine:guardgreen/empty"},{"predicate":{"custom_model_data":104},"model":"modelengine:guardgreen/leftleg"},{"predicate":{"custom_model_data":105},"model":"modelengine:guardgreen/leftfoot"},{"predicate":{"custom_model_data":106},"model":"modelengine:guardorange/guard"},{"predicate":{"custom_model_data":107},"model":"modelengine:guardorange/hiltsword"},{"predicate":{"custom_model_data":108},"model":"modelengine:guardorange/leftarm"},{"predicate":{"custom_model_data":109},"model":"modelengine:guardorange/lefthand"},{"predicate":{"custom_model_data":110},"model":"modelengine:guardorange/handsword"},{"predicate":{"custom_model_data":111},"model":"modelengine:guardorange/rightleg"},{"predicate":{"custom_model_data":112},"model":"modelengine:guardorange/rightfoot"},{"predicate":{"custom_model_data":113},"model":"modelengine:guardorange/head"},{"predicate":{"custom_model_data":114},"model":"modelengine:guardorange/rightarm"},{"predicate":{"custom_model_data":115},"model":"modelengine:guardorange/righthand"},{"predicate":{"custom_model_data":116},"model":"modelengine:guardorange/torch"},{"predicate":{"custom_model_data":117},"model":"modelengine:guardorange/empty"},{"predicate":{"custom_model_data":118},"model":"modelengine:guardorange/leftleg"},{"predicate":{"custom_model_data":119},"model":"modelengine:guardorange/leftfoot"},{"predicate":{"custom_model_data":120},"model":"modelengine:guardparts/empty"},{"predicate":{"custom_model_data":121},"model":"modelengine:guardparts/torchhand"},{"predicate":{"custom_model_data":122},"model":"modelengine:guardparts/swordhand"},{"predicate":{"custom_model_data":123},"model":"modelengine:guardpink/guard"},{"predicate":{"custom_model_data":124},"model":"modelengine:guardpink/hiltsword"},{"predicate":{"custom_model_data":125},"model":"modelengine:guardpink/leftarm"},{"predicate":{"custom_model_data":126},"model":"modelengine:guardpink/lefthand"},{"predicate":{"custom_model_data":127},"model":"modelengine:guardpink/handsword"},{"predicate":{"custom_model_data":128},"model":"modelengine:guardpink/rightleg"},{"predicate":{"custom_model_data":129},"model":"modelengine:guardpink/rightfoot"},{"predicate":{"custom_model_data":130},"model":"modelengine:guardpink/head"},{"predicate":{"custom_model_data":131},"model":"modelengine:guardpink/rightarm"},{"predicate":{"custom_model_data":132},"model":"modelengine:guardpink/righthand"},{"predicate":{"custom_model_data":133},"model":"modelengine:guardpink/torch"},{"predicate":{"custom_model_data":134},"model":"modelengine:guardpink/empty"},{"predicate":{"custom_model_data":135},"model":"modelengine:guardpink/leftleg"},{"predicate":{"custom_model_data":136},"model":"modelengine:guardpink/leftfoot"},{"predicate":{"custom_model_data":137},"model":"modelengine:guardpurple/guard"},{"predicate":{"custom_model_data":138},"model":"modelengine:guardpurple/hiltsword"},{"predicate":{"custom_model_data":139},"model":"modelengine:guardpurple/leftarm"},{"predicate":{"custom_model_data":140},"model":"modelengine:guardpurple/lefthand"},{"predicate":{"custom_model_data":141},"model":"modelengine:guardpurple/handsword"},{"predicate":{"custom_model_data":142},"model":"modelengine:guardpurple/rightleg"},{"predicate":{"custom_model_data":143},"model":"modelengine:guardpurple/rightfoot"},{"predicate":{"custom_model_data":144},"model":"modelengine:guardpurple/head"},{"predicate":{"custom_model_data":145},"model":"modelengine:guardpurple/rightarm"},{"predicate":{"custom_model_data":146},"model":"modelengine:guardpurple/righthand"},{"predicate":{"custom_model_data":147},"model":"modelengine:guardpurple/torch"},{"predicate":{"custom_model_data":148},"model":"modelengine:guardpurple/empty"},{"predicate":{"custom_model_data":149},"model":"modelengine:guardpurple/leftleg"},{"predicate":{"custom_model_data":150},"model":"modelengine:guardpurple/leftfoot"},{"predicate":{"custom_model_data":151},"model":"modelengine:guardred/guard"},{"predicate":{"custom_model_data":152},"model":"modelengine:guardred/hiltsword"},{"predicate":{"custom_model_data":153},"model":"modelengine:guardred/leftarm"},{"predicate":{"custom_model_data":154},"model":"modelengine:guardred/lefthand"},{"predicate":{"custom_model_data":155},"model":"modelengine:guardred/handsword"},{"predicate":{"custom_model_data":156},"model":"modelengine:guardred/rightleg"},{"predicate":{"custom_model_data":157},"model":"modelengine:guardred/rightfoot"},{"predicate":{"custom_model_data":158},"model":"modelengine:guardred/head"},{"predicate":{"custom_model_data":159},"model":"modelengine:guardred/rightarm"},{"predicate":{"custom_model_data":160},"model":"modelengine:guardred/righthand"},{"predicate":{"custom_model_data":161},"model":"modelengine:guardred/torch"},{"predicate":{"custom_model_data":162},"model":"modelengine:guardred/empty"},{"predicate":{"custom_model_data":163},"model":"modelengine:guardred/leftleg"},{"predicate":{"custom_model_data":164},"model":"modelengine:guardred/leftfoot"},{"predicate":{"custom_model_data":165},"model":"modelengine:guardyellow/guard"},{"predicate":{"custom_model_data":166},"model":"modelengine:guardyellow/hiltsword"},{"predicate":{"custom_model_data":167},"model":"modelengine:guardyellow/leftarm"},{"predicate":{"custom_model_data":168},"model":"modelengine:guardyellow/lefthand"},{"predicate":{"custom_model_data":169},"model":"modelengine:guardyellow/handsword"},{"predicate":{"custom_model_data":170},"model":"modelengine:guardyellow/rightleg"},{"predicate":{"custom_model_data":171},"model":"modelengine:guardyellow/rightfoot"},{"predicate":{"custom_model_data":172},"model":"modelengine:guardyellow/head"},{"predicate":{"custom_model_data":173},"model":"modelengine:guardyellow/rightarm"},{"predicate":{"custom_model_data":174},"model":"modelengine:guardyellow/righthand"},{"predicate":{"custom_model_data":175},"model":"modelengine:guardyellow/torch"},{"predicate":{"custom_model_data":176},"model":"modelengine:guardyellow/empty"},{"predicate":{"custom_model_data":177},"model":"modelengine:guardyellow/leftleg"},{"predicate":{"custom_model_data":178},"model":"modelengine:guardyellow/leftfoot"},{"predicate":{"custom_model_data":179},"model":"modelengine:holy_spear/bone"},{"predicate":{"custom_model_data":180},"model":"modelengine:kur/kur_body"},{"predicate":{"custom_model_data":181},"model":"modelengine:kur/kur_rightleg"},{"predicate":{"custom_model_data":182},"model":"modelengine:kur/kur_rightfoot"},{"predicate":{"custom_model_data":183},"model":"modelengine:kur/kur_rightarm"},{"predicate":{"custom_model_data":184},"model":"modelengine:kur/kur_righthand"},{"predicate":{"custom_model_data":185},"model":"modelengine:kur/kur_righthandhand"},{"predicate":{"custom_model_data":186},"model":"modelengine:kur/kurhead"},{"predicate":{"custom_model_data":187},"model":"modelengine:kur/flag1"},{"predicate":{"custom_model_data":188},"model":"modelengine:kur/flag2"},{"predicate":{"custom_model_data":189},"model":"modelengine:kur/kur_leftleg"},{"predicate":{"custom_model_data":190},"model":"modelengine:kur/kur_leftfoot"},{"predicate":{"custom_model_data":191},"model":"modelengine:kur/kur_leftarm"},{"predicate":{"custom_model_data":192},"model":"modelengine:kur/kur_lefthand"},{"predicate":{"custom_model_data":193},"model":"modelengine:kur_parts/kur_righthandhand"},{"predicate":{"custom_model_data":194},"model":"modelengine:kur_rot/kur_body"},{"predicate":{"custom_model_data":195},"model":"modelengine:kur_rot/kur_rightleg"},{"predicate":{"custom_model_data":196},"model":"modelengine:kur_rot/kur_rightfoot"},{"predicate":{"custom_model_data":197},"model":"modelengine:kur_rot/kur_rightarm"},{"predicate":{"custom_model_data":198},"model":"modelengine:kur_rot/kur_righthand"},{"predicate":{"custom_model_data":199},"model":"modelengine:kur_rot/kurhead"},{"predicate":{"custom_model_data":200},"model":"modelengine:kur_rot/flag1"},{"predicate":{"custom_model_data":201},"model":"modelengine:kur_rot/flag2"},{"predicate":{"custom_model_data":202},"model":"modelengine:kur_rot/kur_leftleg"},{"predicate":{"custom_model_data":203},"model":"modelengine:kur_rot/kur_leftfoot"},{"predicate":{"custom_model_data":204},"model":"modelengine:kur_rot/kur_leftarm"},{"predicate":{"custom_model_data":205},"model":"modelengine:kur_rot/kur_lefthand"},{"predicate":{"custom_model_data":206},"model":"modelengine:kur_rot/body"},{"predicate":{"custom_model_data":207},"model":"modelengine:kur_rot/head"},{"predicate":{"custom_model_data":208},"model":"modelengine:kur_rot/jaw"},{"predicate":{"custom_model_data":209},"model":"modelengine:kur_rot/front_left_leg"},{"predicate":{"custom_model_data":210},"model":"modelengine:kur_rot/front_left_shin"},{"predicate":{"custom_model_data":211},"model":"modelengine:kur_rot/front_left_foot"},{"predicate":{"custom_model_data":212},"model":"modelengine:kur_rot/front_right_leg"},{"predicate":{"custom_model_data":213},"model":"modelengine:kur_rot/front_right_shin"},{"predicate":{"custom_model_data":214},"model":"modelengine:kur_rot/front_right_foot"},{"predicate":{"custom_model_data":215},"model":"modelengine:kur_rot/back_left_leg"},{"predicate":{"custom_model_data":216},"model":"modelengine:kur_rot/back_left_shin"},{"predicate":{"custom_model_data":217},"model":"modelengine:kur_rot/back_left_foot"},{"predicate":{"custom_model_data":218},"model":"modelengine:kur_rot/back_right_leg"},{"predicate":{"custom_model_data":219},"model":"modelengine:kur_rot/back_right_shin"},{"predicate":{"custom_model_data":220},"model":"modelengine:kur_rot/back_right_foot"},{"predicate":{"custom_model_data":221},"model":"modelengine:kur_rot/tail2"},{"predicate":{"custom_model_data":222},"model":"modelengine:kur_rot/tail1"},{"predicate":{"custom_model_data":223},"model":"modelengine:kurrot_groundbreak/shard9"},{"predicate":{"custom_model_data":224},"model":"modelengine:kurrot_groundbreak/shard8"},{"predicate":{"custom_model_data":225},"model":"modelengine:kurrot_groundbreak/shard7"},{"predicate":{"custom_model_data":226},"model":"modelengine:kurrot_groundbreak/shard6"},{"predicate":{"custom_model_data":227},"model":"modelengine:kurrot_groundbreak/shard5"},{"predicate":{"custom_model_data":228},"model":"modelengine:kurrot_groundbreak/shard4"},{"predicate":{"custom_model_data":229},"model":"modelengine:kurrot_groundbreak/shard3"},{"predicate":{"custom_model_data":230},"model":"modelengine:kurrot_groundbreak/shard2"},{"predicate":{"custom_model_data":231},"model":"modelengine:kurrot_groundbreak/shard1"},{"predicate":{"custom_model_data":232},"model":"modelengine:kurrot_groundrocks/base"},{"predicate":{"custom_model_data":233},"model":"modelengine:nocsy_skeleton_archer/hat"},{"predicate":{"custom_model_data":234},"model":"modelengine:nocsy_skeleton_archer/head"},{"predicate":{"custom_model_data":235},"model":"modelengine:nocsy_skeleton_archer/jaw"},{"predicate":{"custom_model_data":236},"model":"modelengine:nocsy_skeleton_archer/iliac"},{"predicate":{"custom_model_data":237},"model":"modelengine:nocsy_skeleton_archer/left_femur"},{"predicate":{"custom_model_data":238},"model":"modelengine:nocsy_skeleton_archer/left_tibia"},{"predicate":{"custom_model_data":239},"model":"modelengine:nocsy_skeleton_archer/right_femur"},{"predicate":{"custom_model_data":240},"model":"modelengine:nocsy_skeleton_archer/right_tibia"},{"predicate":{"custom_model_data":241},"model":"modelengine:nocsy_skeleton_archer/left_arm"},{"predicate":{"custom_model_data":242},"model":"modelengine:nocsy_skeleton_archer/left_mid_arm"},{"predicate":{"custom_model_data":243},"model":"modelengine:nocsy_skeleton_archer/right_arm"},{"predicate":{"custom_model_data":244},"model":"modelengine:nocsy_skeleton_archer/right_mid_arm"},{"predicate":{"custom_model_data":245},"model":"modelengine:nocsy_skeleton_archer/bow"},{"predicate":{"custom_model_data":246},"model":"modelengine:nocsy_skeleton_archer/body"},{"predicate":{"custom_model_data":247},"model":"modelengine:nocsy_skeleton_archer/arrow"},{"predicate":{"custom_model_data":248},"model":"modelengine:nocsy_skeleton_brute1/head"},{"predicate":{"custom_model_data":249},"model":"modelengine:nocsy_skeleton_brute1/jaw"},{"predicate":{"custom_model_data":250},"model":"modelengine:nocsy_skeleton_brute1/iliac"},{"predicate":{"custom_model_data":251},"model":"modelengine:nocsy_skeleton_brute1/left_femur"},{"predicate":{"custom_model_data":252},"model":"modelengine:nocsy_skeleton_brute1/left_tibia"},{"predicate":{"custom_model_data":253},"model":"modelengine:nocsy_skeleton_brute1/right_femur"},{"predicate":{"custom_model_data":254},"model":"modelengine:nocsy_skeleton_brute1/right_tibia"},{"predicate":{"custom_model_data":255},"model":"modelengine:nocsy_skeleton_brute1/right_foot"},{"predicate":{"custom_model_data":256},"model":"modelengine:nocsy_skeleton_brute1/left_arm"},{"predicate":{"custom_model_data":257},"model":"modelengine:nocsy_skeleton_brute1/left_mid_arm"},{"predicate":{"custom_model_data":258},"model":"modelengine:nocsy_skeleton_brute1/right_arm"},{"predicate":{"custom_model_data":259},"model":"modelengine:nocsy_skeleton_brute1/right_mid_arm"},{"predicate":{"custom_model_data":260},"model":"modelengine:nocsy_skeleton_brute1/weapon"},{"predicate":{"custom_model_data":261},"model":"modelengine:nocsy_skeleton_brute1/pectus"},{"predicate":{"custom_model_data":262},"model":"modelengine:nocsy_skeleton_brute1/body"},{"predicate":{"custom_model_data":263},"model":"modelengine:nocsy_skeleton_brute2/head"},{"predicate":{"custom_model_data":264},"model":"modelengine:nocsy_skeleton_brute2/jaw"},{"predicate":{"custom_model_data":265},"model":"modelengine:nocsy_skeleton_brute2/iliac"},{"predicate":{"custom_model_data":266},"model":"modelengine:nocsy_skeleton_brute2/right_femur"},{"predicate":{"custom_model_data":267},"model":"modelengine:nocsy_skeleton_brute2/right_tibia"},{"predicate":{"custom_model_data":268},"model":"modelengine:nocsy_skeleton_brute2/right_foot"},{"predicate":{"custom_model_data":269},"model":"modelengine:nocsy_skeleton_brute2/left_femur"},{"predicate":{"custom_model_data":270},"model":"modelengine:nocsy_skeleton_brute2/left_tibia"},{"predicate":{"custom_model_data":271},"model":"modelengine:nocsy_skeleton_brute2/left_foot"},{"predicate":{"custom_model_data":272},"model":"modelengine:nocsy_skeleton_brute2/left_arm"},{"predicate":{"custom_model_data":273},"model":"modelengine:nocsy_skeleton_brute2/left_mid_arm"},{"predicate":{"custom_model_data":274},"model":"modelengine:nocsy_skeleton_brute2/right_arm"},{"predicate":{"custom_model_data":275},"model":"modelengine:nocsy_skeleton_brute2/right_mid_arm"},{"predicate":{"custom_model_data":276},"model":"modelengine:nocsy_skeleton_brute2/sword"},{"predicate":{"custom_model_data":277},"model":"modelengine:nocsy_skeleton_brute2/pectus"},{"predicate":{"custom_model_data":278},"model":"modelengine:nocsy_skeleton_brute2/body"},{"predicate":{"custom_model_data":279},"model":"modelengine:nocsy_skeleton_necromancer/head"},{"predicate":{"custom_model_data":280},"model":"modelengine:nocsy_skeleton_necromancer/jaw"},{"predicate":{"custom_model_data":281},"model":"modelengine:nocsy_skeleton_necromancer/iliac"},{"predicate":{"custom_model_data":282},"model":"modelengine:nocsy_skeleton_necromancer/right_drap"},{"predicate":{"custom_model_data":283},"model":"modelengine:nocsy_skeleton_necromancer/left_drap"},{"predicate":{"custom_model_data":284},"model":"modelengine:nocsy_skeleton_necromancer/back_drap"},{"predicate":{"custom_model_data":285},"model":"modelengine:nocsy_skeleton_necromancer/front_drap"},{"predicate":{"custom_model_data":286},"model":"modelengine:nocsy_skeleton_necromancer/left_arm"},{"predicate":{"custom_model_data":287},"model":"modelengine:nocsy_skeleton_necromancer/head_chain"},{"predicate":{"custom_model_data":288},"model":"modelengine:nocsy_skeleton_necromancer/lantern"},{"predicate":{"custom_model_data":289},"model":"modelengine:nocsy_skeleton_necromancer/left_mid_arm"},{"predicate":{"custom_model_data":290},"model":"modelengine:nocsy_skeleton_necromancer/right_arm"},{"predicate":{"custom_model_data":291},"model":"modelengine:nocsy_skeleton_necromancer/right_mid_arm"},{"predicate":{"custom_model_data":292},"model":"modelengine:nocsy_skeleton_necromancer/pectus"},{"predicate":{"custom_model_data":293},"model":"modelengine:nocsy_skeleton_necromancer/body"},{"predicate":{"custom_model_data":294},"model":"modelengine:nocsy_skeleton_necromancer/right_manche"},{"predicate":{"custom_model_data":295},"model":"modelengine:nocsy_skeleton_necromancer/left_manche"},{"predicate":{"custom_model_data":296},"model":"modelengine:nocsy_skeleton_skull/head"},{"predicate":{"custom_model_data":297},"model":"modelengine:nocsy_skeleton_skull/wheel"},{"predicate":{"custom_model_data":298},"model":"modelengine:nocsy_skeleton_skull/jaw"},{"predicate":{"custom_model_data":299},"model":"modelengine:nocsy_skeleton_warrior/head"},{"predicate":{"custom_model_data":300},"model":"modelengine:nocsy_skeleton_warrior/jaw"},{"predicate":{"custom_model_data":301},"model":"modelengine:nocsy_skeleton_warrior/iliac"},{"predicate":{"custom_model_data":302},"model":"modelengine:nocsy_skeleton_warrior/left_femur"},{"predicate":{"custom_model_data":303},"model":"modelengine:nocsy_skeleton_warrior/left_tibia"},{"predicate":{"custom_model_data":304},"model":"modelengine:nocsy_skeleton_warrior/right_femur"},{"predicate":{"custom_model_data":305},"model":"modelengine:nocsy_skeleton_warrior/right_tibia"},{"predicate":{"custom_model_data":306},"model":"modelengine:nocsy_skeleton_warrior/left_arm"},{"predicate":{"custom_model_data":307},"model":"modelengine:nocsy_skeleton_warrior/left_mid_arm"},{"predicate":{"custom_model_data":308},"model":"modelengine:nocsy_skeleton_warrior/shield"},{"predicate":{"custom_model_data":309},"model":"modelengine:nocsy_skeleton_warrior/right_arm"},{"predicate":{"custom_model_data":310},"model":"modelengine:nocsy_skeleton_warrior/right_mid_arm"},{"predicate":{"custom_model_data":311},"model":"modelengine:nocsy_skeleton_warrior/body"},{"predicate":{"custom_model_data":312},"model":"modelengine:npcgreeting/head"},{"predicate":{"custom_model_data":313},"model":"modelengine:paladin_hammer_fx/bone"},{"predicate":{"custom_model_data":314},"model":"modelengine:rot_pet/body"},{"predicate":{"custom_model_data":315},"model":"modelengine:rot_pet/head"},{"predicate":{"custom_model_data":316},"model":"modelengine:rot_pet/jaw"},{"predicate":{"custom_model_data":317},"model":"modelengine:rot_pet/front_left_leg"},{"predicate":{"custom_model_data":318},"model":"modelengine:rot_pet/front_left_shin"},{"predicate":{"custom_model_data":319},"model":"modelengine:rot_pet/front_left_foot"},{"predicate":{"custom_model_data":320},"model":"modelengine:rot_pet/front_right_leg"},{"predicate":{"custom_model_data":321},"model":"modelengine:rot_pet/front_right_shin"},{"predicate":{"custom_model_data":322},"model":"modelengine:rot_pet/front_right_foot"},{"predicate":{"custom_model_data":323},"model":"modelengine:rot_pet/back_left_leg"},{"predicate":{"custom_model_data":324},"model":"modelengine:rot_pet/back_left_shin"},{"predicate":{"custom_model_data":325},"model":"modelengine:rot_pet/back_left_foot"},{"predicate":{"custom_model_data":326},"model":"modelengine:rot_pet/back_right_leg"},{"predicate":{"custom_model_data":327},"model":"modelengine:rot_pet/back_right_shin"},{"predicate":{"custom_model_data":328},"model":"modelengine:rot_pet/back_right_foot"},{"predicate":{"custom_model_data":329},"model":"modelengine:rot_pet/tail2"},{"predicate":{"custom_model_data":330},"model":"modelengine:rot_pet/tail1"},{"predicate":{"custom_model_data":331},"model":"modelengine:skeletal_minion/left_thigh"},{"predicate":{"custom_model_data":332},"model":"modelengine:skeletal_minion/left_foot"},{"predicate":{"custom_model_data":333},"model":"modelengine:skeletal_minion/left_ankle"},{"predicate":{"custom_model_data":334},"model":"modelengine:skeletal_minion/left_leg"},{"predicate":{"custom_model_data":335},"model":"modelengine:skeletal_minion/right_thigh"},{"predicate":{"custom_model_data":336},"model":"modelengine:skeletal_minion/right_foot"},{"predicate":{"custom_model_data":337},"model":"modelengine:skeletal_minion/right_ankle"},{"predicate":{"custom_model_data":338},"model":"modelengine:skeletal_minion/right_leg"},{"predicate":{"custom_model_data":339},"model":"modelengine:skeletal_minion/upper_body"},{"predicate":{"custom_model_data":340},"model":"modelengine:skeletal_minion/chest"},{"predicate":{"custom_model_data":341},"model":"modelengine:skeletal_minion/left_shoulder"},{"predicate":{"custom_model_data":342},"model":"modelengine:skeletal_minion/left_wrist"},{"predicate":{"custom_model_data":343},"model":"modelengine:skeletal_minion/left_hand"},{"predicate":{"custom_model_data":344},"model":"modelengine:skeletal_minion/left_arm"},{"predicate":{"custom_model_data":345},"model":"modelengine:skeletal_minion/right_shoulder"},{"predicate":{"custom_model_data":346},"model":"modelengine:skeletal_minion/right_wrist"},{"predicate":{"custom_model_data":347},"model":"modelengine:skeletal_minion/right_hand"},{"predicate":{"custom_model_data":348},"model":"modelengine:skeletal_minion/right_arm"},{"predicate":{"custom_model_data":349},"model":"modelengine:skeletal_minion/head"},{"predicate":{"custom_model_data":350},"model":"modelengine:skeletal_minion/jaw"},{"predicate":{"custom_model_data":351},"model":"modelengine:skeletal_minion/tail"},{"predicate":{"custom_model_data":352},"model":"modelengine:skeletal_minion/tail_mid"},{"predicate":{"custom_model_data":353},"model":"modelengine:skeletal_minion/tail_end"},{"predicate":{"custom_model_data":354},"model":"modelengine:will_o_wisp/skull_jaw"},{"predicate":{"custom_model_data":355},"model":"modelengine:will_o_wisp/skull"},{"predicate":{"custom_model_data":356},"model":"modelengine:wizard/leftarm"},{"predicate":{"custom_model_data":357},"model":"modelengine:wizard/lefthand"},{"predicate":{"custom_model_data":358},"model":"modelengine:wizard/rightarm"},{"predicate":{"custom_model_data":359},"model":"modelengine:wizard/righthand"},{"predicate":{"custom_model_data":360},"model":"modelengine:wizard/wizard"},{"predicate":{"custom_model_data":361},"model":"modelengine:wizard/leftleg"},{"predicate":{"custom_model_data":362},"model":"modelengine:wizard/leftfoot"},{"predicate":{"custom_model_data":363},"model":"modelengine:wizard/rightleg"},{"predicate":{"custom_model_data":364},"model":"modelengine:wizard/rightfoot"},{"predicate":{"custom_model_data":365},"model":"modelengine:wizard/head"},{"predicate":{"custom_model_data":366},"model":"modelengine:wizard/book"},{"predicate":{"custom_model_data":367},"model":"modelengine:wizard/page"}]}