{"stats":{"minecraft:custom":{"minecraft:time_since_rest":70124,"minecraft:sprint_one_cm":41720,"minecraft:damage_taken":6881,"minecraft:damage_absorbed":892,"minecraft:walk_one_cm":58943,"minecraft:mob_kills":17,"minecraft:drop":5,"minecraft:damage_dealt":5738,"minecraft:play_noteblock":22,"minecraft:fly_one_cm":128328,"minecraft:open_chest":2,"minecraft:crouch_one_cm":340,"minecraft:play_time":89446,"minecraft:deaths":2,"minecraft:sneak_time":182,"minecraft:walk_under_water_one_cm":399,"minecraft:jump":265,"minecraft:leave_game":8,"minecraft:walk_on_water_one_cm":782,"minecraft:time_since_death":70095,"minecraft:total_world_time":89446,"minecraft:damage_resisted":716,"minecraft:fall_one_cm":53067,"minecraft:horse_one_cm":24962},"minecraft:used":{"minecraft:leather_leggings":1,"minecraft:lava_bucket":8,"minecraft:apple":1,"minecraft:grass_block":5,"lastman:wormhammer":53,"minecraft:leather_helmet":1,"minecraft:leather_chestplate":1,"minecraft:diamond_ore":7,"minecraft:leather_boots":1,"lastman:iceapple":7,"minecraft:item_frame":1,"minecraft:dirt":2,"minecraft:bow":27,"minecraft:diamond_sword":12,"minecraft:netherite_pickaxe":9,"minecraft:netherite_helmet":1,"minecraft:kelp":1},"minecraft:dropped":{"minecraft:filled_map":2,"minecraft:diamond_sword":1,"minecraft:kelp":1,"minecraft:apple":1},"minecraft:killed":{"minecraft:cat":2,"minecraft:skeleton":6,"minecraft:zombie":5,"minecraft:pig":1,"minecraft:iron_golem":1,"minecraft:wither_skeleton":1,"minecraft:slime":1},"minecraft:picked_up":{"lastman:ifrit_helmet":1,"minecraft:diamond_sword":1,"minecraft:gravel":4,"lastman:ifrit_boots":1,"lastman:wormhammer":1,"minecraft:dirt":14,"minecraft:string":2,"minecraft:paper":16,"minecraft:diamond":14,"minecraft:arrow":32,"minecraft:bone":22,"minecraft:rotten_flesh":11,"minecraft:wheat_seeds":3,"minecraft:bow":1,"minecraft:kelp":1,"lastman:iceapple":1,"minecraft:netherite_helmet":1,"lastman:ifrit_chestplate":1,"minecraft:iron_ingot":4,"lastman:ifrit_leggings":1},"minecraft:mined":{"minecraft:grass":6,"minecraft:gravel":4},"minecraft:killed_by":{"minecraft:wither_skeleton":2}},"DataVersion":3465}