{"stats":{"minecraft:custom":{"minecraft:time_since_rest":46124,"minecraft:sprint_one_cm":38468,"minecraft:damage_taken":6881,"minecraft:damage_absorbed":892,"minecraft:walk_one_cm":37775,"minecraft:mob_kills":11,"minecraft:drop":4,"minecraft:damage_dealt":5585,"minecraft:play_noteblock":22,"minecraft:fly_one_cm":106263,"minecraft:open_chest":2,"minecraft:crouch_one_cm":306,"minecraft:play_time":65446,"minecraft:deaths":2,"minecraft:sneak_time":112,"minecraft:walk_under_water_one_cm":399,"minecraft:jump":222,"minecraft:leave_game":8,"minecraft:walk_on_water_one_cm":320,"minecraft:time_since_death":46095,"minecraft:total_world_time":65446,"minecraft:damage_resisted":716,"minecraft:fall_one_cm":53067,"minecraft:horse_one_cm":24962},"minecraft:used":{"minecraft:apple":1,"lastman:wormhammer":53,"lastman:iceapple":7,"minecraft:bow":5,"minecraft:diamond_sword":10,"minecraft:netherite_pickaxe":1,"minecraft:netherite_helmet":1},"minecraft:dropped":{"minecraft:filled_map":2,"minecraft:kelp":1,"minecraft:apple":1},"minecraft:killed":{"minecraft:cat":2,"minecraft:skeleton":6,"minecraft:zombie":1,"minecraft:wither_skeleton":1,"minecraft:slime":1},"minecraft:picked_up":{"lastman:ifrit_helmet":1,"minecraft:gravel":4,"lastman:ifrit_boots":1,"lastman:wormhammer":1,"minecraft:dirt":12,"minecraft:string":2,"minecraft:paper":16,"minecraft:arrow":32,"minecraft:bone":22,"minecraft:rotten_flesh":3,"minecraft:wheat_seeds":2,"minecraft:bow":1,"minecraft:kelp":1,"lastman:iceapple":1,"minecraft:netherite_helmet":1,"lastman:ifrit_chestplate":1,"lastman:ifrit_leggings":1},"minecraft:mined":{"minecraft:grass":6,"minecraft:gravel":4},"minecraft:killed_by":{"minecraft:wither_skeleton":2}},"DataVersion":3465}