{"stats":{"minecraft:picked_up":{"minecraft:chicken":3,"minecraft:leather":3,"minecraft:diamond_sword":2,"minecraft:gunpowder":33,"minecraft:paper":16,"minecraft:string":3,"minecraft:dirt":189,"minecraft:raw_copper":2,"minecraft:bone":334,"minecraft:bow":1,"minecraft:kelp":1,"lastman:iceapple":2,"minecraft:wheat_seeds":7,"minecraft:gold_nugget":129,"minecraft:iron_ingot":9,"minecraft:beef":3,"minecraft:iron_sword":3,"lastman:ifrit_helmet":1,"minecraft:gravel":4,"minecraft:sand":12,"lastman:ifrit_boots":1,"lastman:wormhammer":1,"minecraft:grass_block":1,"minecraft:arrow":353,"minecraft:rotten_flesh":11,"minecraft:diamond":49,"minecraft:netherite_helmet":1,"lastman:ifrit_chestplate":1,"minecraft:hay_block":23,"minecraft:coal":4,"lastman:ifrit_leggings":1,"minecraft:skeleton_skull":2,"minecraft:cobblestone":20},"minecraft:killed":{"minecraft:cat":2,"minecraft:pig":1,"minecraft:spider":1,"minecraft:iron_golem":2,"minecraft:slime":1,"minecraft:creeper":1,"minecraft:horse":1,"minecraft:skeleton":27,"minecraft:zombie":5,"minecraft:wither_skeleton":4,"minecraft:cow":2},"minecraft:broken":{"lastman:skeleton_boots":1,"lastman:skeleton_helmet":1,"lastman:skeleton_chestplate":1,"lastman:skeleton_leggings":1},"minecraft:custom":{"minecraft:mob_kills":51,"minecraft:leave_game":11,"minecraft:time_since_death":2224,"minecraft:damage_resisted":12683,"minecraft:time_since_rest":2256,"minecraft:sprint_one_cm":104321,"minecraft:walk_one_cm":148619,"minecraft:damage_taken":21082,"minecraft:damage_absorbed":5869,"minecraft:drop":45,"minecraft:damage_dealt":41413,"minecraft:play_noteblock":22,"minecraft:swim_one_cm":1179,"minecraft:talked_to_villager":2,"minecraft:fly_one_cm":297407,"minecraft:open_chest":2,"minecraft:crouch_one_cm":364,"minecraft:play_time":171546,"minecraft:deaths":6,"minecraft:sneak_time":596,"minecraft:walk_under_water_one_cm":2111,"minecraft:jump":825,"minecraft:walk_on_water_one_cm":9251,"minecraft:total_world_time":171546,"minecraft:fall_one_cm":76463,"minecraft:horse_one_cm":159950},"minecraft:used":{"minecraft:water_bucket":2,"minecraft:leather_leggings":1,"lastman:wormhammer":175,"minecraft:leather_chestplate":1,"minecraft:iron_sword":22,"minecraft:leather_boots":1,"lastman:iceapple":33,"minecraft:dirt":2,"minecraft:sand":2,"minecraft:netherite_helmet":1,"minecraft:creeper_spawn_egg":119,"lastman:reforcediceblock":35,"minecraft:diamond_pickaxe":10,"minecraft:apple":1,"minecraft:lava_bucket":8,"minecraft:grass_block":37,"minecraft:leather_helmet":1,"minecraft:diamond_ore":31,"minecraft:totem_of_undying":6,"minecraft:item_frame":1,"minecraft:deepslate_diamond_ore":9,"minecraft:diamond_sword":97,"minecraft:cobblestone":1,"minecraft:bow":27,"minecraft:hay_block":2,"minecraft:netherite_pickaxe":9,"minecraft:repeating_command_block":1,"minecraft:kelp":1,"minecraft:splash_potion":386},"minecraft:mined":{"minecraft:diamond_ore":1,"minecraft:deepslate_diamond_ore":1,"minecraft:grass_block":3,"minecraft:tall_grass":1,"minecraft:grass":9,"minecraft:coal_ore":1,"minecraft:gravel":4,"minecraft:stone":3},"minecraft:killed_by":{"minecraft:wither_skeleton":3,"minecraft:skeleton":1,"minecraft:creeper":1,"minecraft:iron_golem":1},"minecraft:dropped":{"minecraft:iron_sword":2,"minecraft:kelp":1,"minecraft:chicken":1,"minecraft:apple":1,"minecraft:filled_map":2,"minecraft:diamond_sword":1,"minecraft:dirt":34,"minecraft:gunpowder":3}},"DataVersion":3465}