{
  "parent": "item/generated",
  "textures": {
    "layer0": "hsur:custom/items/bow/catastrophe_1"
  },
  "display": {
    "thirdperson_righthand": {
      "rotation": [37, 88, -40],
      "translation": [0.5, -2, -2.75],
      "scale": [0.56, 0.57, 0.57]
    },
    "thirdperson_lefthand": {
      "rotation": [-80, 91, -96],
      "translation": [-0.25, -2, -3],
      "scale": [0.57, 0.56, 0.57]
    },
    "firstperson_righthand": {
      "rotation": [0, 72, 25],
      "translation": [1.13, 3.2, 1.13],
      "scale": [0.68, 0.68, 0.68]
    },
    "firstperson_lefthand": {
      "rotation": [0, -91, -25],
      "translation": [1.13, 3.2, 1.13],
      "scale": [0.68, 0.68, 0.68]
    },
    "ground": {
      "scale": [0.49, 0.49, 1]
    }
  }
}