{"elements":[{"from":[7.6175194,7.6175194,1.9670501],"to":[8.382481,8.382481,18.741327],"rotation":{"angle":0.0,"axis":"y","origin":[8.0,8.0,10.354188]},"faces":{"east":{"uv":[0.75,6.5,1.25,13.75],"rotation":90,"texture":"#0","tintindex":0},"south":{"uv":[4.25,6.5,3.75,7.0],"rotation":0,"texture":"#0","tintindex":0},"north":{"uv":[3.5,7.0,3.0,6.5],"rotation":180,"texture":"#0","tintindex":0},"west":{"uv":[2.25,6.5,2.75,13.75],"rotation":270,"texture":"#0","tintindex":0},"up":{"uv":[0.5,6.5,0.0,13.75],"rotation":0,"texture":"#0","tintindex":0},"down":{"uv":[0.0,6.5,0.5,13.75],"rotation":180,"texture":"#0","tintindex":0}}},{"from":[8.0,4.818671,-12.325806],"to":[8.0,11.181329,2.1347766],"rotation":{"angle":0.0,"axis":"y","origin":[8.0,8.0,-5.0955153]},"faces":{"east":{"uv":[0.0,0.0,2.75,6.25],"rotation":90,"texture":"#0","tintindex":0},"south":{"uv":[8.25,7.25,5.5,7.25],"rotation":270,"texture":"#0","tintindex":0},"north":{"uv":[8.25,7.0,5.5,7.0],"rotation":270,"texture":"#0","tintindex":0},"west":{"uv":[2.75,0.0,0.0,6.25],"rotation":270,"texture":"#0","tintindex":0},"up":{"uv":[5.0,7.0,5.0,13.25],"rotation":0,"texture":"#0","tintindex":0},"down":{"uv":[5.25,7.0,5.25,13.25],"rotation":180,"texture":"#0","tintindex":0}}},{"from":[8.0,4.818671,15.270786],"to":[8.0,11.181329,22.211866],"rotation":{"angle":0.0,"axis":"y","origin":[8.0,8.0,18.741327]},"faces":{"east":{"uv":[6.0,0.0,8.75,3.0],"rotation":90,"texture":"#0","tintindex":0},"south":{"uv":[7.75,6.75,5.0,6.75],"rotation":270,"texture":"#0","tintindex":0},"north":{"uv":[7.75,6.5,5.0,6.5],"rotation":270,"texture":"#0","tintindex":0},"west":{"uv":[8.75,0.0,6.0,3.0],"rotation":270,"texture":"#0","tintindex":0},"up":{"uv":[4.5,6.5,4.5,9.5],"rotation":0,"texture":"#0","tintindex":0},"down":{"uv":[4.75,6.5,4.75,9.5],"rotation":180,"texture":"#0","tintindex":0}}}],"textures":{"0":"modelengine:entity/holy_spear"},"display":{"head":{"translation":[0.0,-6.4,0.0],"scale":[4.0,4.0,4.0]}}}