{
	"credit": "Made by samus2002",
	"textures": {
		"0": "paladin:paladin_texture/holy_mark_3",
		"particle": "paladin:paladin_texture/holy_mark_3"
	},
	"elements": [
		{
			"from": [0.5, 0.5, 8],
			"to": [15.5, 15.5, 8],
			"rotation": {"angle": 0, "axis": "y", "origin": [8, 8, 8]},
			"faces": {
				"north": {"uv": [5, 5, 9.25, 9.25], "texture": "#0"},
				"east": {"uv": [0, 0, 0, 14], "texture": "#0"},
				"south": {"uv": [9.25, 5, 5, 9.25], "texture": "#0"},
				"west": {"uv": [0, 0, 0, 14], "texture": "#0"},
				"up": {"uv": [0, 0, 11, 0], "texture": "#0"},
				"down": {"uv": [0, 0, 11, 0], "texture": "#0"}
			}
		}
	],
	"display": {
		"head": {
			"translation": [0.5, 16.5, 0],
			"scale": [1.3, 1.3, 1.3]
		}
	}
}