{
	"credit": "Made by samus2002",
	"texture_size": [64, 64],
	"textures": {
		"0": "paladin:paladin_texture/holy_spear_1",
		"particle": "paladin:paladin_texture/holy_spear_1"
	},
	"elements": [
		{
			"from": [7.512, -10.5785, 7.512],
			"to": [8.488, 10.8235, 8.488],
			"rotation": {"angle": 0, "axis": "y", "origin": [8, 3.628, 8]},
			"faces": {
				"north": {"uv": [0, 6.5, 0.5, 13.75], "texture": "#0"},
				"east": {"uv": [0.75, 6.5, 1.25, 13.75], "texture": "#0"},
				"south": {"uv": [0.5, 6.5, 0, 13.75], "texture": "#0"},
				"west": {"uv": [2.25, 6.5, 2.75, 13.75], "texture": "#0"},
				"up": {"uv": [3.5, 7, 3, 6.5], "texture": "#0"},
				"down": {"uv": [4.25, 6.5, 3.75, 7], "texture": "#0"}
			}
		},
		{
			"from": [8, 10.6095, 3.941],
			"to": [8, 29.0595, 12.059],
			"rotation": {"angle": 0, "axis": "y", "origin": [8, 17.8345, 8]},
			"faces": {
				"north": {"uv": [5.25, 7, 5.25, 13.25], "texture": "#0"},
				"east": {"uv": [0, 0, 2.75, 6.25], "texture": "#0"},
				"south": {"uv": [5, 7, 5, 13.25], "texture": "#0"},
				"west": {"uv": [2.75, 0, 0, 6.25], "texture": "#0"},
				"up": {"uv": [8.25, 7, 5.5, 7], "rotation": 90, "texture": "#0"},
				"down": {"uv": [8.25, 7.25, 5.5, 7.25], "rotation": 270, "texture": "#0"}
			}
		},
		{
			"from": [8, -15.0065, 3.941],
			"to": [8, -6.1505, 12.059],
			"rotation": {"angle": 0, "axis": "y", "origin": [8, -10.5785, 8]},
			"faces": {
				"north": {"uv": [4.75, 6.5, 4.75, 9.5], "texture": "#0"},
				"east": {"uv": [6, 0, 8.75, 3], "texture": "#0"},
				"south": {"uv": [4.5, 6.5, 4.5, 9.5], "texture": "#0"},
				"west": {"uv": [8.75, 0, 6, 3], "texture": "#0"},
				"up": {"uv": [7.75, 6.5, 5, 6.5], "rotation": 90, "texture": "#0"},
				"down": {"uv": [7.75, 6.75, 5, 6.75], "rotation": 270, "texture": "#0"}
			}
		}
	],
	"display": {
		"thirdperson_righthand": {
			"translation": [-6, 7.75, 8.25],
			"scale": [2, 2, 2]
		}
	}
}