{
	"credit": "Made by samus2002",
	"texture_size": [64, 64],
	"textures": {
		"0": "paladin:paladin_texture/holy_ring_1",
		"particle": "paladin:paladin_texture/holy_ring_1"
	},
	"elements": [
		{
			"from": [-6, 8, -6],
			"to": [22, 8, 22],
			"rotation": {"angle": 0, "axis": "y", "origin": [8, 8, 8]},
			"faces": {
				"north": {"uv": [7.25, 0, 14.25, 0], "texture": "#0"},
				"east": {"uv": [7.25, 0.25, 14.25, 0.25], "texture": "#0"},
				"south": {"uv": [7.25, 0.5, 14.25, 0.5], "texture": "#0"},
				"west": {"uv": [7.25, 0.75, 14.25, 0.75], "texture": "#0"},
				"up": {"uv": [7, 7, 0, 0], "texture": "#0"},
				"down": {"uv": [7, 0, 0, 7], "texture": "#0"}
			}
		}
	],
	"display": {
		"head": {
			"translation": [0, -43.25, 0],
			"scale": [2, 2, 2]
		}
	}
}