{
	"credit": "Made by samus2002",
	"texture_size": [128, 128],
	"textures": {
		"0": "paladin:paladin_texture/holy_shield_aura",
		"particle": "paladin:paladin_texture/holy_shield_aura"
	},
	"elements": [
		{
			"from": [-9.33025, 1.50035, 1.17535],
			"to": [-9.33025, 14.50035, 14.77535],
			"rotation": {"angle": -45, "axis": "y", "origin": [8, 8, 8]},
			"faces": {
				"north": {"uv": [0.125, 14, 0.125, 15.875], "texture": "#0"},
				"east": {"uv": [1.625, 10, 0, 11.875], "texture": "#0"},
				"south": {"uv": [0, 14, 0, 15.875], "texture": "#0"},
				"west": {"uv": [0, 10, 1.625, 11.875], "texture": "#0"},
				"up": {"uv": [0.25, 14, 0.25, 15.625], "texture": "#0"},
				"down": {"uv": [0.375, 15.625, 0.375, 14], "texture": "#0"}
			}
		},
		{
			"from": [-9.04494, 1.50035, 0.53586],
			"to": [-9.04494, 14.50035, 15.53586],
			"rotation": {"angle": 0, "axis": "y", "origin": [8, 8, 8]},
			"faces": {
				"north": {"uv": [13.75, 4, 13.75, 5.875], "texture": "#0"},
				"east": {"uv": [2, 0, 3.875, 1.875], "texture": "#0"},
				"south": {"uv": [13.75, 6, 13.75, 7.875], "texture": "#0"},
				"west": {"uv": [3.875, 0, 2, 1.875], "texture": "#0"},
				"up": {"uv": [13.75, 9.875, 13.75, 8], "texture": "#0"},
				"down": {"uv": [10.5, 13.75, 10.5, 15.625], "texture": "#0"}
			}
		},
		{
			"from": [-9.38096, 1.50035, 1.27535],
			"to": [-9.38096, 14.50035, 14.77535],
			"rotation": {"angle": 45, "axis": "y", "origin": [8, 8, 8]},
			"faces": {
				"north": {"uv": [0, 14, 0, 15.875], "texture": "#0"},
				"east": {"uv": [0, 10, 1.625, 11.875], "texture": "#0"},
				"south": {"uv": [0.125, 14, 0.125, 15.875], "texture": "#0"},
				"west": {"uv": [1.625, 10, 0, 11.875], "texture": "#0"},
				"up": {"uv": [0.25, 15.625, 0.25, 14], "texture": "#0"},
				"down": {"uv": [0.375, 14, 0.375, 15.625], "texture": "#0"}
			}
		},
		{
			"from": [25.33025, 1.50035, 1.17535],
			"to": [25.33025, 14.50035, 14.77535],
			"rotation": {"angle": 45, "axis": "y", "origin": [8, 8, 8]},
			"faces": {
				"north": {"uv": [0.125, 14, 0.125, 15.875], "texture": "#0"},
				"east": {"uv": [1.625, 10, 0, 11.875], "texture": "#0"},
				"south": {"uv": [0, 14, 0, 15.875], "texture": "#0"},
				"west": {"uv": [0, 10, 1.625, 11.875], "texture": "#0"},
				"up": {"uv": [0.25, 14, 0.25, 15.625], "texture": "#0"},
				"down": {"uv": [0.375, 15.625, 0.375, 14], "texture": "#0"}
			}
		},
		{
			"from": [25.38096, 1.50035, 1.27535],
			"to": [25.38096, 14.50035, 14.77535],
			"rotation": {"angle": -45, "axis": "y", "origin": [8, 8, 8]},
			"faces": {
				"north": {"uv": [0, 14, 0, 15.875], "texture": "#0"},
				"east": {"uv": [0, 10, 1.625, 11.875], "texture": "#0"},
				"south": {"uv": [0.125, 14, 0.125, 15.875], "texture": "#0"},
				"west": {"uv": [1.625, 10, 0, 11.875], "texture": "#0"},
				"up": {"uv": [0.25, 15.625, 0.25, 14], "texture": "#0"},
				"down": {"uv": [0.375, 14, 0.375, 15.625], "texture": "#0"}
			}
		},
		{
			"from": [0.50071, 0.48221, 24.6741],
			"to": [15.50071, 15.48221, 24.6741],
			"rotation": {"angle": 45, "axis": "x", "origin": [8, 8, 8]},
			"faces": {
				"north": {"uv": [0, 7.875, 1.875, 6], "texture": "#0"},
				"east": {"uv": [13.625, 1.875, 13.625, 0], "texture": "#0"},
				"south": {"uv": [1.875, 7.875, 0, 6], "texture": "#0"},
				"west": {"uv": [13.5, 9.875, 13.5, 8], "texture": "#0"},
				"up": {"uv": [12.5, 11.625, 14.375, 11.625], "texture": "#0"},
				"down": {"uv": [12.5, 11.5, 14.375, 11.5], "texture": "#0"}
			}
		},
		{
			"from": [-8.64854, 0.45565, 0.53586],
			"to": [-8.64854, 15.45565, 15.53586],
			"rotation": {"angle": 45, "axis": "z", "origin": [8, 8, 8]},
			"faces": {
				"north": {"uv": [11.75, 15.625, 11.75, 13.75], "texture": "#0"},
				"east": {"uv": [0, 7.875, 1.875, 6], "texture": "#0"},
				"south": {"uv": [11.625, 15.625, 11.625, 13.75], "texture": "#0"},
				"west": {"uv": [1.875, 7.875, 0, 6], "texture": "#0"},
				"up": {"uv": [12, 13.75, 12, 15.625], "texture": "#0"},
				"down": {"uv": [11.875, 15.625, 11.875, 13.75], "texture": "#0"}
			}
		},
		{
			"from": [24.64924, 0.45736, 0.53586],
			"to": [24.64924, 15.45736, 15.53586],
			"rotation": {"angle": -45, "axis": "z", "origin": [8, 8, 8]},
			"faces": {
				"north": {"uv": [11.625, 15.625, 11.625, 13.75], "texture": "#0"},
				"east": {"uv": [1.875, 7.875, 0, 6], "texture": "#0"},
				"south": {"uv": [11.75, 15.625, 11.75, 13.75], "texture": "#0"},
				"west": {"uv": [0, 7.875, 1.875, 6], "texture": "#0"},
				"up": {"uv": [12, 15.625, 12, 13.75], "texture": "#0"},
				"down": {"uv": [11.875, 13.75, 11.875, 15.625], "texture": "#0"}
			}
		},
		{
			"from": [0.43, 0.4815, -8.67439],
			"to": [15.43, 15.4815, -8.67439],
			"rotation": {"angle": -45, "axis": "x", "origin": [8, 8, 8]},
			"faces": {
				"north": {"uv": [1.875, 7.875, 0, 6], "texture": "#0"},
				"east": {"uv": [13.5, 9.875, 13.5, 8], "texture": "#0"},
				"south": {"uv": [0, 7.875, 1.875, 6], "texture": "#0"},
				"west": {"uv": [13.625, 1.875, 13.625, 0], "texture": "#0"},
				"up": {"uv": [14.375, 11.625, 12.5, 11.625], "texture": "#0"},
				"down": {"uv": [14.375, 11.5, 12.5, 11.5], "texture": "#0"}
			}
		},
		{
			"from": [1.55071, -9.10596, 1.47519],
			"to": [14.45071, -9.10596, 14.47519],
			"rotation": {"angle": 0, "axis": "y", "origin": [8, 8, 8]},
			"faces": {
				"north": {"uv": [12.5, 10.75, 14, 10.75], "texture": "#0"},
				"east": {"uv": [12.5, 10.875, 14.125, 10.875], "texture": "#0"},
				"south": {"uv": [12.5, 11, 14, 11], "texture": "#0"},
				"west": {"uv": [12.5, 11.125, 14.125, 11.125], "texture": "#0"},
				"up": {"uv": [12, 13.625, 10.5, 12], "texture": "#0"},
				"down": {"uv": [12, 12, 10.5, 13.625], "texture": "#0"}
			}
		},
		{
			"from": [1.55, 25.10596, 1.47519],
			"to": [14.45, 25.10596, 14.47519],
			"rotation": {"angle": 0, "axis": "y", "origin": [8, 8, 8]},
			"faces": {
				"north": {"uv": [12.5, 10.75, 14, 10.75], "texture": "#0"},
				"east": {"uv": [12.5, 10.875, 14.125, 10.875], "texture": "#0"},
				"south": {"uv": [12.5, 11, 14, 11], "texture": "#0"},
				"west": {"uv": [12.5, 11.125, 14.125, 11.125], "texture": "#0"},
				"up": {"uv": [12, 13.625, 10.5, 12], "texture": "#0"},
				"down": {"uv": [12, 12, 10.5, 13.625], "texture": "#0"}
			}
		},
		{
			"from": [0.42929, 1.50035, -9.0808],
			"to": [15.42929, 14.50035, -9.0808],
			"rotation": {"angle": 0, "axis": "y", "origin": [8, 8, 8]},
			"faces": {
				"north": {"uv": [3.875, 0, 2, 1.875], "texture": "#0"},
				"east": {"uv": [13.5, 4, 13.5, 5.875], "texture": "#0"},
				"south": {"uv": [2, 0, 3.875, 1.875], "texture": "#0"},
				"west": {"uv": [13.5, 6, 13.5, 7.875], "texture": "#0"},
				"up": {"uv": [14.375, 11.25, 12.5, 11.25], "texture": "#0"},
				"down": {"uv": [14.375, 11.375, 12.5, 11.375], "texture": "#0"}
			}
		},
		{
			"from": [0.5, 1.50035, 25.0808],
			"to": [15.5, 14.50035, 25.0808],
			"rotation": {"angle": 0, "axis": "y", "origin": [8, 8, 8]},
			"faces": {
				"north": {"uv": [3.875, 0, 2, 1.875], "texture": "#0"},
				"east": {"uv": [13.5, 4, 13.5, 5.875], "texture": "#0"},
				"south": {"uv": [2, 0, 3.875, 1.875], "texture": "#0"},
				"west": {"uv": [13.5, 6, 13.5, 7.875], "texture": "#0"},
				"up": {"uv": [14.375, 11.25, 12.5, 11.25], "texture": "#0"},
				"down": {"uv": [14.375, 11.375, 12.5, 11.375], "texture": "#0"}
			}
		},
		{
			"from": [-8.64904, 0.54385, 0.53586],
			"to": [-8.64904, 15.54385, 15.53586],
			"rotation": {"angle": -45, "axis": "z", "origin": [8, 8, 8]},
			"faces": {
				"north": {"uv": [11.75, 13.75, 11.75, 15.625], "texture": "#0"},
				"east": {"uv": [0, 6, 1.875, 7.875], "texture": "#0"},
				"south": {"uv": [11.625, 13.75, 11.625, 15.625], "texture": "#0"},
				"west": {"uv": [1.875, 6, 0, 7.875], "texture": "#0"},
				"up": {"uv": [11.875, 13.75, 11.875, 15.625], "texture": "#0"},
				"down": {"uv": [12, 15.625, 12, 13.75], "texture": "#0"}
			}
		},
		{
			"from": [0.5, 0.51779, 24.6741],
			"to": [15.5, 15.51779, 24.6741],
			"rotation": {"angle": -45, "axis": "x", "origin": [8, 8, 8]},
			"faces": {
				"north": {"uv": [0, 6, 1.875, 7.875], "texture": "#0"},
				"east": {"uv": [13.625, 0, 13.625, 1.875], "texture": "#0"},
				"south": {"uv": [1.875, 6, 0, 7.875], "texture": "#0"},
				"west": {"uv": [13.5, 8, 13.5, 9.875], "texture": "#0"},
				"up": {"uv": [12.5, 11.5, 14.375, 11.5], "texture": "#0"},
				"down": {"uv": [12.5, 11.625, 14.375, 11.625], "texture": "#0"}
			}
		},
		{
			"from": [0.42929, 0.5185, -8.67439],
			"to": [15.42929, 15.5185, -8.67439],
			"rotation": {"angle": 45, "axis": "x", "origin": [8, 8, 8]},
			"faces": {
				"north": {"uv": [1.875, 6, 0, 7.875], "texture": "#0"},
				"east": {"uv": [13.5, 8, 13.5, 9.875], "texture": "#0"},
				"south": {"uv": [0, 6, 1.875, 7.875], "texture": "#0"},
				"west": {"uv": [13.625, 0, 13.625, 1.875], "texture": "#0"},
				"up": {"uv": [14.375, 11.5, 12.5, 11.5], "texture": "#0"},
				"down": {"uv": [14.375, 11.625, 12.5, 11.625], "texture": "#0"}
			}
		},
		{
			"from": [25.04494, 1.50035, 0.53586],
			"to": [25.04494, 14.50035, 15.53586],
			"rotation": {"angle": 0, "axis": "y", "origin": [8, 8, 8]},
			"faces": {
				"north": {"uv": [13.75, 4, 13.75, 5.875], "texture": "#0"},
				"east": {"uv": [2, 0, 3.875, 1.875], "texture": "#0"},
				"south": {"uv": [13.75, 6, 13.75, 7.875], "texture": "#0"},
				"west": {"uv": [3.875, 0, 2, 1.875], "texture": "#0"},
				"up": {"uv": [13.75, 9.875, 13.75, 8], "texture": "#0"},
				"down": {"uv": [10.5, 13.75, 10.5, 15.625], "texture": "#0"}
			}
		},
		{
			"from": [24.64874, 0.54314, 0.53586],
			"to": [24.64874, 15.54314, 15.53586],
			"rotation": {"angle": 45, "axis": "z", "origin": [8, 8, 8]},
			"faces": {
				"north": {"uv": [11.625, 13.75, 11.625, 15.625], "texture": "#0"},
				"east": {"uv": [1.875, 6, 0, 7.875], "texture": "#0"},
				"south": {"uv": [11.75, 13.75, 11.75, 15.625], "texture": "#0"},
				"west": {"uv": [0, 6, 1.875, 7.875], "texture": "#0"},
				"up": {"uv": [11.875, 15.625, 11.875, 13.75], "texture": "#0"},
				"down": {"uv": [12, 13.75, 12, 15.625], "texture": "#0"}
			}
		}
	],
	"display": {
		"head": {
			"translation": [0, -17.75, 0],
			"scale": [1.6, 1.6, 1.6]
		}
	}
}