{
	"credit": "Made by samus2002",
	"textures": {
		"3": "paladin:paladin_texture/light_eruption_1",
		"particle": "paladin:paladin_texture/light_eruption_1"
	},
	"elements": [
		{
			"from": [4.952, -6.17824, -5.67379],
			"to": [11.048, 25.82576, -5.67379],
			"rotation": {"angle": -22.5, "axis": "x", "origin": [8, 4.15989, 8]},
			"faces": {
				"north": {"uv": [7.25, 0, 9.75, 16], "texture": "#3"},
				"east": {"uv": [0, 0, 0, 16], "texture": "#3"},
				"south": {"uv": [9.75, 0, 7.25, 16], "texture": "#3"},
				"west": {"uv": [0, 0, 0, 16], "texture": "#3"},
				"up": {"uv": [0, 0, 0, 10], "rotation": 90, "texture": "#3"},
				"down": {"uv": [0, 0, 0, 10], "rotation": 270, "texture": "#3"}
			}
		},
		{
			"from": [4.952, -6.17824, 21.67379],
			"to": [11.048, 25.82576, 21.67379],
			"rotation": {"angle": 22.5, "axis": "x", "origin": [8, 4.15989, 8]},
			"faces": {
				"north": {"uv": [7.25, 0, 9.75, 16], "texture": "#3"},
				"east": {"uv": [0, 0, 0, 16], "texture": "#3"},
				"south": {"uv": [9.75, 0, 7.25, 16], "texture": "#3"},
				"west": {"uv": [0, 0, 0, 16], "texture": "#3"},
				"up": {"uv": [0, 0, 0, 10], "rotation": 90, "texture": "#3"},
				"down": {"uv": [0, 0, 0, 10], "rotation": 270, "texture": "#3"}
			}
		},
		{
			"from": [-5.67379, -6.17824, 4.952],
			"to": [-5.67379, 25.82576, 11.048],
			"rotation": {"angle": 22.5, "axis": "z", "origin": [8, 4.15989, 8]},
			"faces": {
				"north": {"uv": [0, 0, 0, 16], "texture": "#3"},
				"east": {"uv": [7.25, 0, 9.75, 16], "texture": "#3"},
				"south": {"uv": [0, 0, 0, 16], "texture": "#3"},
				"west": {"uv": [9.75, 0, 7.25, 16], "texture": "#3"},
				"up": {"uv": [0, 0, 0, 10], "rotation": 180, "texture": "#3"},
				"down": {"uv": [0, 0, 0, 10], "rotation": 180, "texture": "#3"}
			}
		},
		{
			"from": [21.67379, -6.17824, 4.952],
			"to": [21.67379, 25.82576, 11.048],
			"rotation": {"angle": -22.5, "axis": "z", "origin": [8, 4.15989, 8]},
			"faces": {
				"north": {"uv": [0, 0, 0, 16], "texture": "#3"},
				"east": {"uv": [7.25, 0, 9.75, 16], "texture": "#3"},
				"south": {"uv": [0, 0, 0, 16], "texture": "#3"},
				"west": {"uv": [9.75, 0, 7.25, 16], "texture": "#3"},
				"up": {"uv": [0, 0, 0, 10], "rotation": 180, "texture": "#3"},
				"down": {"uv": [0, 0, 0, 10], "rotation": 180, "texture": "#3"}
			}
		}
	],
	"display": {
		"thirdperson_righthand": {
			"rotation": [90, 0, 0],
			"translation": [-7.25, -4.75, 63.25],
			"scale": [4, 4, 4]
		},
		"thirdperson_lefthand": {
			"rotation": [92, 45, 0],
			"translation": [-7.25, -4.75, 30.5],
			"scale": [4, 2.3125, 4]
		}
	}
}