{"elements":[{"from":[5.142857,10.666267,6.1863184],"to":[10.857143,13.52341,9.61489],"rotation":{"angle":-22.5,"axis":"x","origin":[8.0,9.888405,7.0062904]},"faces":{"east":{"uv":[9.5,4.5,11.0,5.75],"rotation":0,"texture":"#0","tintindex":0},"south":{"uv":[8.75,0.0,11.25,1.25],"rotation":0,"texture":"#0","tintindex":0},"north":{"uv":[0.0,8.25,2.5,9.5],"rotation":0,"texture":"#0","tintindex":0},"west":{"uv":[9.5,5.75,11.0,7.0],"rotation":0,"texture":"#0","tintindex":0},"up":{"uv":[9.5,6.0,7.0,4.5],"rotation":0,"texture":"#0","tintindex":0},"down":{"uv":[9.5,6.0,7.0,7.5],"rotation":0,"texture":"#0","tintindex":0}}},{"from":[5.142857,6.4624662,5.118647],"to":[10.857143,11.605324,9.118647],"rotation":{"angle":0.0,"axis":"y","origin":[8.0,9.888405,7.0062904]},"faces":{"east":{"uv":[7.0,0.0,8.75,2.25],"rotation":0,"texture":"#0","tintindex":0},"south":{"uv":[0.0,2.25,2.5,4.5],"rotation":0,"texture":"#0","tintindex":0},"north":{"uv":[0.0,0.0,2.5,2.25],"rotation":0,"texture":"#0","tintindex":0},"west":{"uv":[7.0,2.25,8.75,4.5],"rotation":0,"texture":"#0","tintindex":0},"up":{"uv":[2.5,6.25,0.0,4.5],"rotation":0,"texture":"#0","tintindex":0},"down":{"uv":[5.0,4.5,2.5,6.25],"rotation":0,"texture":"#0","tintindex":0}}},{"from":[6.857143,13.52341,6.7577467],"to":[9.142858,14.666267,9.61489],"rotation":{"angle":-22.5,"axis":"x","origin":[8.0,9.888405,7.0062904]},"faces":{"east":{"uv":[13.25,2.5,14.5,3.0],"rotation":0,"texture":"#0","tintindex":0},"south":{"uv":[13.5,1.5,14.5,2.0],"rotation":0,"texture":"#0","tintindex":0},"north":{"uv":[9.5,8.5,10.5,9.0],"rotation":0,"texture":"#0","tintindex":0},"west":{"uv":[13.25,7.0,14.5,7.5],"rotation":0,"texture":"#0","tintindex":0},"up":{"uv":[12.0,6.75,11.0,5.5],"rotation":0,"texture":"#0","tintindex":0},"down":{"uv":[12.25,0.0,11.25,1.25],"rotation":0,"texture":"#0","tintindex":0}}},{"from":[5.142857,5.319609,9.118647],"to":[10.857143,10.462466,10.832933],"rotation":{"angle":0.0,"axis":"y","origin":[8.0,9.888405,7.0062904]},"faces":{"east":{"uv":[4.75,10.75,5.5,13.0],"rotation":0,"texture":"#0","tintindex":0},"south":{"uv":[2.5,2.25,5.0,4.5],"rotation":0,"texture":"#0","tintindex":0},"north":{"uv":[2.5,0.0,5.0,2.25],"rotation":0,"texture":"#0","tintindex":0},"west":{"uv":[7.5,10.75,8.25,13.0],"rotation":0,"texture":"#0","tintindex":0},"up":{"uv":[12.75,4.0,10.25,3.25],"rotation":0,"texture":"#0","tintindex":0},"down":{"uv":[13.0,8.5,10.5,9.25],"rotation":0,"texture":"#0","tintindex":0}}},{"from":[5.142857,3.628171,6.1354613],"to":[10.857143,7.0567427,6.1354613],"rotation":{"angle":22.5,"axis":"x","origin":[8.0,9.888405,7.0062904]},"faces":{"east":{"uv":[0.0,0.0,0.0,1.5],"rotation":0,"texture":"#0","tintindex":0},"south":{"uv":[4.0,8.0,6.5,9.5],"rotation":0,"texture":"#0","tintindex":0},"north":{"uv":[7.0,7.5,9.5,9.0],"rotation":0,"texture":"#0","tintindex":0},"west":{"uv":[0.0,0.0,0.0,1.5],"rotation":0,"texture":"#0","tintindex":0},"up":{"uv":[2.5,0.0,0.0,0.0],"rotation":0,"texture":"#0","tintindex":0},"down":{"uv":[2.5,0.0,0.0,0.0],"rotation":0,"texture":"#0","tintindex":0}}}],"textures":{"0":"modelengine:entity/blacksmith"},"display":{"head":{"translation":[0.0,-6.4,0.0],"scale":[4.0,4.0,4.0]}}}