{"elements":[{"from":[4.8753786,8.714183,4.6807666],"to":[7.7325215,9.85704,5.2521954],"rotation":{"angle":22.5,"axis":"z","origin":[7.712245,9.014664,6.738089]},"faces":{"east":{"uv":[13.25,7.5,13.5,8.0],"rotation":0,"texture":"#0","tintindex":0},"south":{"uv":[12.75,3.25,14.0,3.75],"rotation":0,"texture":"#0","tintindex":0},"north":{"uv":[12.75,2.0,14.0,2.5],"rotation":0,"texture":"#0","tintindex":0},"west":{"uv":[13.5,4.5,13.75,5.0],"rotation":0,"texture":"#0","tintindex":0},"up":{"uv":[15.0,5.5,13.75,5.25],"rotation":0,"texture":"#0","tintindex":0},"down":{"uv":[15.25,10.5,14.0,10.75],"rotation":0,"texture":"#0","tintindex":0}}},{"from":[7.6957393,8.715745,4.6807666],"to":[10.552882,9.858603,5.2521954],"rotation":{"angle":-22.5,"axis":"z","origin":[7.712245,9.014664,6.738089]},"faces":{"east":{"uv":[13.75,4.5,13.5,5.0],"rotation":0,"texture":"#0","tintindex":0},"south":{"uv":[14.0,3.25,12.75,3.75],"rotation":0,"texture":"#0","tintindex":0},"north":{"uv":[14.0,2.0,12.75,2.5],"rotation":0,"texture":"#0","tintindex":0},"west":{"uv":[13.5,7.5,13.25,8.0],"rotation":0,"texture":"#0","tintindex":0},"up":{"uv":[13.75,5.5,15.0,5.25],"rotation":0,"texture":"#0","tintindex":0},"down":{"uv":[14.0,10.5,15.25,10.75],"rotation":0,"texture":"#0","tintindex":0}}},{"from":[7.142857,8.835394,4.5379095],"to":[8.285714,9.978251,5.2521954],"rotation":{"angle":0.0,"axis":"y","origin":[7.712245,9.014664,6.738089]},"faces":{"east":{"uv":[3.75,10.0,4.0,10.5],"rotation":0,"texture":"#0","tintindex":0},"south":{"uv":[14.0,3.0,14.5,3.5],"rotation":0,"texture":"#0","tintindex":0},"north":{"uv":[6.5,8.0,7.0,8.5],"rotation":0,"texture":"#0","tintindex":0},"west":{"uv":[8.0,14.0,8.25,14.5],"rotation":0,"texture":"#0","tintindex":0},"up":{"uv":[7.0,9.0,6.5,8.75],"rotation":0,"texture":"#0","tintindex":0},"down":{"uv":[11.25,11.75,10.75,12.0],"rotation":0,"texture":"#0","tintindex":0}}},{"from":[5.9734282,8.835394,8.252785],"to":[6.544857,10.54968,9.395641],"rotation":{"angle":-22.5,"axis":"y","origin":[7.712245,9.014664,6.738089]},"faces":{"east":{"uv":[9.25,14.0,9.75,14.75],"rotation":0,"texture":"#0","tintindex":0},"south":{"uv":[7.25,14.25,7.5,15.0],"rotation":0,"texture":"#0","tintindex":0},"north":{"uv":[9.75,14.0,10.0,14.75],"rotation":0,"texture":"#0","tintindex":0},"west":{"uv":[14.0,9.75,14.5,10.5],"rotation":0,"texture":"#0","tintindex":0},"up":{"uv":[9.25,14.75,9.0,14.25],"rotation":0,"texture":"#0","tintindex":0},"down":{"uv":[10.25,14.25,10.0,14.75],"rotation":0,"texture":"#0","tintindex":0}}},{"from":[8.883404,8.835394,8.254347],"to":[9.454832,10.54968,9.397203],"rotation":{"angle":22.5,"axis":"y","origin":[7.712245,9.014664,6.738089]},"faces":{"east":{"uv":[14.5,9.75,14.0,10.5],"rotation":0,"texture":"#0","tintindex":0},"south":{"uv":[7.5,14.25,7.25,15.0],"rotation":0,"texture":"#0","tintindex":0},"north":{"uv":[10.0,14.0,9.75,14.75],"rotation":0,"texture":"#0","tintindex":0},"west":{"uv":[9.75,14.0,9.25,14.75],"rotation":0,"texture":"#0","tintindex":0},"up":{"uv":[9.0,14.75,9.25,14.25],"rotation":0,"texture":"#0","tintindex":0},"down":{"uv":[10.0,14.25,10.25,14.75],"rotation":0,"texture":"#0","tintindex":0}}},{"from":[6.0,5.428571,4.5714283],"to":[9.428572,7.714286,6.857143],"rotation":{"angle":0.0,"axis":"y","origin":[7.712245,9.014664,6.738089]},"faces":{"east":{"uv":[12.25,7.0,13.25,8.0],"rotation":0,"texture":"#0","tintindex":0},"south":{"uv":[8.25,10.75,9.75,11.75],"rotation":0,"texture":"#0","tintindex":0},"north":{"uv":[10.75,7.0,12.25,8.0],"rotation":0,"texture":"#0","tintindex":0},"west":{"uv":[12.5,4.0,13.5,5.0],"rotation":0,"texture":"#0","tintindex":0},"up":{"uv":[11.25,11.75,9.75,10.75],"rotation":0,"texture":"#0","tintindex":0},"down":{"uv":[12.5,4.0,11.0,5.0],"rotation":0,"texture":"#0","tintindex":0}}},{"from":[6.0,6.984126,5.233989],"to":[9.428572,8.698412,6.9482746],"rotation":{"angle":22.5,"axis":"x","origin":[7.712245,9.014664,6.738089]},"faces":{"east":{"uv":[13.25,10.0,14.0,10.75],"rotation":0,"texture":"#0","tintindex":0},"south":{"uv":[9.25,11.75,10.75,12.5],"rotation":0,"texture":"#0","tintindex":0},"north":{"uv":[11.75,2.5,13.25,3.25],"rotation":0,"texture":"#0","tintindex":0},"west":{"uv":[13.25,10.75,14.0,11.5],"rotation":0,"texture":"#0","tintindex":0},"up":{"uv":[13.5,6.25,12.0,5.5],"rotation":0,"texture":"#0","tintindex":0},"down":{"uv":[13.5,6.25,12.0,7.0],"rotation":0,"texture":"#0","tintindex":0}}},{"from":[5.428571,7.692537,5.2521954],"to":[10.0,12.263966,9.823624],"rotation":{"angle":0.0,"axis":"y","origin":[7.712245,9.014664,6.738089]},"faces":{"east":{"uv":[5.0,2.0,7.0,4.0],"rotation":0,"texture":"#0","tintindex":0},"south":{"uv":[5.0,4.0,7.0,6.0],"rotation":0,"texture":"#0","tintindex":0},"north":{"uv":[5.0,0.0,7.0,2.0],"rotation":0,"texture":"#0","tintindex":0},"west":{"uv":[5.0,6.0,7.0,8.0],"rotation":0,"texture":"#0","tintindex":0},"up":{"uv":[2.0,8.25,0.0,6.25],"rotation":0,"texture":"#0","tintindex":0},"down":{"uv":[4.0,6.25,2.0,8.25],"rotation":0,"texture":"#0","tintindex":0}}},{"from":[5.5714283,11.6640625,6.0814195],"to":[7.285714,12.80692,7.7957053],"rotation":{"angle":-22.5,"axis":"x","origin":[7.712245,9.014664,6.738089]},"faces":{"east":{"uv":[0.0,14.0,0.75,14.5],"rotation":0,"texture":"#0","tintindex":0},"south":{"uv":[0.75,14.0,1.5,14.5],"rotation":0,"texture":"#0","tintindex":0},"north":{"uv":[10.25,4.0,11.0,4.5],"rotation":0,"texture":"#0","tintindex":0},"west":{"uv":[1.5,14.0,2.25,14.5],"rotation":0,"texture":"#0","tintindex":0},"up":{"uv":[14.0,9.25,13.25,8.5],"rotation":0,"texture":"#0","tintindex":0},"down":{"uv":[14.0,9.25,13.25,10.0],"rotation":0,"texture":"#0","tintindex":0}}},{"from":[8.142858,11.6640625,6.0814195],"to":[9.857143,12.80692,7.7957053],"rotation":{"angle":-22.5,"axis":"x","origin":[7.712245,9.014664,6.738089]},"faces":{"east":{"uv":[2.25,14.0,1.5,14.5],"rotation":0,"texture":"#0","tintindex":0},"south":{"uv":[1.5,14.0,0.75,14.5],"rotation":0,"texture":"#0","tintindex":0},"north":{"uv":[11.0,4.0,10.25,4.5],"rotation":0,"texture":"#0","tintindex":0},"west":{"uv":[0.75,14.0,0.0,14.5],"rotation":0,"texture":"#0","tintindex":0},"up":{"uv":[14.0,9.25,13.25,8.5],"rotation":0,"texture":"#0","tintindex":0},"down":{"uv":[13.25,9.25,14.0,10.0],"rotation":0,"texture":"#0","tintindex":0}}},{"from":[9.895491,9.978251,8.941626],"to":[9.895491,12.835394,12.370197],"rotation":{"angle":-45.0,"axis":"y","origin":[7.712245,9.014664,6.738089]},"faces":{"east":{"uv":[5.5,9.5,4.0,10.75],"rotation":0,"texture":"#0","tintindex":0},"south":{"uv":[0.0,0.0,0.0,1.25],"rotation":0,"texture":"#0","tintindex":0},"north":{"uv":[0.0,0.0,0.0,1.25],"rotation":0,"texture":"#0","tintindex":0},"west":{"uv":[4.0,9.5,5.5,10.75],"rotation":0,"texture":"#0","tintindex":0},"up":{"uv":[0.0,1.5,0.0,0.0],"rotation":0,"texture":"#0","tintindex":0},"down":{"uv":[0.0,0.0,0.0,1.5],"rotation":0,"texture":"#0","tintindex":0}}},{"from":[5.5116825,9.978251,8.924309],"to":[5.5116825,12.835394,12.3528805],"rotation":{"angle":45.0,"axis":"y","origin":[7.712245,9.014664,6.738089]},"faces":{"east":{"uv":[5.5,9.5,4.0,10.75],"rotation":0,"texture":"#0","tintindex":0},"south":{"uv":[0.0,0.0,0.0,1.25],"rotation":0,"texture":"#0","tintindex":0},"north":{"uv":[0.0,0.0,0.0,1.25],"rotation":0,"texture":"#0","tintindex":0},"west":{"uv":[4.0,9.5,5.5,10.75],"rotation":0,"texture":"#0","tintindex":0},"up":{"uv":[0.0,1.5,0.0,0.0],"rotation":0,"texture":"#0","tintindex":0},"down":{"uv":[0.0,0.0,0.0,1.5],"rotation":0,"texture":"#0","tintindex":0}}},{"from":[7.142857,4.285714,4.8571424],"to":[8.285714,5.428571,6.0],"rotation":{"angle":0.0,"axis":"y","origin":[7.712245,9.014664,6.738089]},"faces":{"east":{"uv":[14.0,10.75,14.5,11.25],"rotation":0,"texture":"#0","tintindex":0},"south":{"uv":[14.0,11.25,14.5,11.75],"rotation":0,"texture":"#0","tintindex":0},"north":{"uv":[12.25,0.75,12.75,1.25],"rotation":0,"texture":"#0","tintindex":0},"west":{"uv":[14.0,11.75,14.5,12.25],"rotation":0,"texture":"#0","tintindex":0},"up":{"uv":[14.5,12.75,14.0,12.25],"rotation":0,"texture":"#0","tintindex":0},"down":{"uv":[14.5,12.75,14.0,13.25],"rotation":0,"texture":"#0","tintindex":0}}},{"from":[6.857143,2.5714283,4.5714283],"to":[8.571428,4.285714,6.285714],"rotation":{"angle":0.0,"axis":"y","origin":[7.712245,9.014664,6.738089]},"faces":{"east":{"uv":[13.25,12.25,14.0,13.0],"rotation":0,"texture":"#0","tintindex":0},"south":{"uv":[13.25,13.0,14.0,13.75],"rotation":0,"texture":"#0","tintindex":0},"north":{"uv":[13.25,11.5,14.0,12.25],"rotation":0,"texture":"#0","tintindex":0},"west":{"uv":[13.5,0.75,14.25,1.5],"rotation":0,"texture":"#0","tintindex":0},"up":{"uv":[14.25,4.5,13.5,3.75],"rotation":0,"texture":"#0","tintindex":0},"down":{"uv":[14.25,5.5,13.5,6.25],"rotation":0,"texture":"#0","tintindex":0}}}],"textures":{"0":"modelengine:entity/blacksmith"},"display":{"head":{"translation":[0.0,-6.4,0.0],"scale":[4.0,4.0,4.0]}}}