{"elements":[{"from":[7.714286,1.9999995,4.0],"to":[8.857143,3.7142854,9.714286],"rotation":{"angle":0.0,"axis":"y","origin":[8.178572,3.5,3.9642854]},"faces":{"east":{"uv":[10.5,9.25,13.0,10.0],"rotation":0,"texture":"#0","tintindex":0},"south":{"uv":[14.0,9.0,14.5,9.75],"rotation":0,"texture":"#0","tintindex":0},"north":{"uv":[14.0,8.25,14.5,9.0],"rotation":0,"texture":"#0","tintindex":0},"west":{"uv":[10.5,10.0,13.0,10.75],"rotation":0,"texture":"#0","tintindex":0},"up":{"uv":[8.75,14.25,8.25,11.75],"rotation":0,"texture":"#0","tintindex":0},"down":{"uv":[9.25,11.75,8.75,14.25],"rotation":0,"texture":"#0","tintindex":0}}},{"from":[7.714286,0.85714245,2.8571424],"to":[8.857143,4.8571424,4.0],"rotation":{"angle":0.0,"axis":"y","origin":[8.178572,3.5,3.9642854]},"faces":{"east":{"uv":[7.0,12.5,7.5,14.25],"rotation":0,"texture":"#0","tintindex":0},"south":{"uv":[2.5,12.75,3.0,14.5],"rotation":0,"texture":"#0","tintindex":0},"north":{"uv":[4.25,12.5,4.75,14.25],"rotation":0,"texture":"#0","tintindex":0},"west":{"uv":[3.0,12.75,3.5,14.5],"rotation":0,"texture":"#0","tintindex":0},"up":{"uv":[14.75,6.0,14.25,5.5],"rotation":0,"texture":"#0","tintindex":0},"down":{"uv":[14.75,6.0,14.25,6.5],"rotation":0,"texture":"#0","tintindex":0}}},{"from":[8.0,1.7142854,-4.000001],"to":[8.571428,4.0,2.8571424],"rotation":{"angle":0.0,"axis":"y","origin":[8.178572,3.5,3.9642854]},"faces":{"east":{"uv":[8.75,1.25,11.75,2.25],"rotation":0,"texture":"#0","tintindex":0},"south":{"uv":[2.25,14.0,2.5,15.0],"rotation":0,"texture":"#0","tintindex":0},"north":{"uv":[3.5,11.5,3.75,12.5],"rotation":0,"texture":"#0","tintindex":0},"west":{"uv":[8.75,2.25,11.75,3.25],"rotation":0,"texture":"#0","tintindex":0},"up":{"uv":[13.25,11.5,13.0,8.5],"rotation":0,"texture":"#0","tintindex":0},"down":{"uv":[13.25,11.5,13.0,14.5],"rotation":0,"texture":"#0","tintindex":0}}},{"from":[8.0,2.2857141,-5.1428576],"to":[8.571428,3.4285712,-4.000001],"rotation":{"angle":0.0,"axis":"y","origin":[8.178572,3.5,3.9642854]},"faces":{"east":{"uv":[14.25,6.5,14.75,7.0],"rotation":0,"texture":"#0","tintindex":0},"south":{"uv":[8.25,14.25,8.5,14.75],"rotation":0,"texture":"#0","tintindex":0},"north":{"uv":[14.25,7.5,14.5,8.0],"rotation":0,"texture":"#0","tintindex":0},"west":{"uv":[6.75,14.25,7.25,14.75],"rotation":0,"texture":"#0","tintindex":0},"up":{"uv":[8.75,14.75,8.5,14.25],"rotation":0,"texture":"#0","tintindex":0},"down":{"uv":[9.0,14.25,8.75,14.75],"rotation":0,"texture":"#0","tintindex":0}}},{"from":[6.5714283,1.1428566,5.142857],"to":[8.285714,2.8571424,8.571428],"rotation":{"angle":0.0,"axis":"y","origin":[8.178572,3.5,3.9642854]},"faces":{"east":{"uv":[10.75,12.0,12.25,12.75],"rotation":0,"texture":"#0","tintindex":0},"south":{"uv":[13.5,7.5,14.25,8.25],"rotation":0,"texture":"#0","tintindex":0},"north":{"uv":[13.5,6.25,14.25,7.0],"rotation":0,"texture":"#0","tintindex":0},"west":{"uv":[12.25,0.0,13.75,0.75],"rotation":0,"texture":"#0","tintindex":0},"up":{"uv":[13.0,12.25,12.25,10.75],"rotation":0,"texture":"#0","tintindex":0},"down":{"uv":[13.0,12.25,12.25,13.75],"rotation":0,"texture":"#0","tintindex":0}}},{"from":[6.5714283,2.8571424,5.142857],"to":[9.428572,6.857143,8.571428],"rotation":{"angle":0.0,"axis":"y","origin":[8.178572,3.5,3.9642854]},"faces":{"east":{"uv":[2.5,8.25,4.0,10.0],"rotation":0,"texture":"#0","tintindex":0},"south":{"uv":[9.25,9.0,10.5,10.75],"rotation":0,"texture":"#0","tintindex":0},"north":{"uv":[8.0,9.0,9.25,10.75],"rotation":0,"texture":"#0","tintindex":0},"west":{"uv":[6.5,9.0,8.0,10.75],"rotation":0,"texture":"#0","tintindex":0},"up":{"uv":[10.75,8.5,9.5,7.0],"rotation":0,"texture":"#0","tintindex":0},"down":{"uv":[3.75,10.0,2.5,11.5],"rotation":0,"texture":"#0","tintindex":0}}},{"from":[7.142857,6.857143,5.714286],"to":[8.857143,8.0,8.0],"rotation":{"angle":0.0,"axis":"y","origin":[8.178572,3.5,3.9642854]},"faces":{"east":{"uv":[10.0,13.75,11.0,14.25],"rotation":0,"texture":"#0","tintindex":0},"south":{"uv":[3.5,14.0,4.25,14.5],"rotation":0,"texture":"#0","tintindex":0},"north":{"uv":[14.0,2.0,14.75,2.5],"rotation":0,"texture":"#0","tintindex":0},"west":{"uv":[11.0,13.75,12.0,14.25],"rotation":0,"texture":"#0","tintindex":0},"up":{"uv":[1.75,14.0,1.0,13.0],"rotation":0,"texture":"#0","tintindex":0},"down":{"uv":[2.5,13.0,1.75,14.0],"rotation":0,"texture":"#0","tintindex":0}}},{"from":[8.285714,1.7142854,5.142857],"to":[9.428572,2.8571424,6.857143],"rotation":{"angle":0.0,"axis":"y","origin":[8.178572,3.5,3.9642854]},"faces":{"east":{"uv":[4.75,14.0,5.5,14.5],"rotation":0,"texture":"#0","tintindex":0},"south":{"uv":[14.25,0.75,14.75,1.25],"rotation":0,"texture":"#0","tintindex":0},"north":{"uv":[14.0,13.25,14.5,13.75],"rotation":0,"texture":"#0","tintindex":0},"west":{"uv":[5.5,14.0,6.25,14.5],"rotation":0,"texture":"#0","tintindex":0},"up":{"uv":[6.75,14.75,6.25,14.0],"rotation":0,"texture":"#0","tintindex":0},"down":{"uv":[8.0,14.0,7.5,14.75],"rotation":0,"texture":"#0","tintindex":0}}}],"textures":{"0":"modelengine:entity/blacksmith"},"display":{"head":{"translation":[0.0,-6.4,0.0],"scale":[4.0,4.0,4.0]}}}