{"elements":[{"from":[6.857143,6.0,6.857143],"to":[8.571428,8.857143,9.142858],"rotation":{"angle":0.0,"axis":"y","origin":[7.714286,7.428571,8.0]},"faces":{"east":{"uv":[5.5,11.25,6.5,12.5],"rotation":0,"texture":"#0","tintindex":0},"south":{"uv":[12.75,0.75,13.5,2.0],"rotation":0,"texture":"#0","tintindex":0},"north":{"uv":[10.0,12.5,10.75,13.75],"rotation":0,"texture":"#0","tintindex":0},"west":{"uv":[11.25,10.75,12.25,12.0],"rotation":0,"texture":"#0","tintindex":0},"up":{"uv":[5.5,14.0,4.75,13.0],"rotation":0,"texture":"#0","tintindex":0},"down":{"uv":[8.25,13.0,7.5,14.0],"rotation":0,"texture":"#0","tintindex":0}}}],"textures":{"0":"modelengine:entity/blacksmith"},"display":{"head":{"translation":[0.0,-6.4,0.0],"scale":[4.0,4.0,4.0]}}}