{"elements":[{"from":[6.714286,4.285714,7.142857],"to":[9.0,5.142857,7.714286],"rotation":{"angle":0.0,"axis":"y","origin":[7.857143,5.428571,8.285714]},"faces":{"east":{"uv":[11.25,14.25,11.5,14.75],"rotation":0,"texture":"#0","tintindex":0},"south":{"uv":[13.25,13.75,14.25,14.25],"rotation":0,"texture":"#0","tintindex":0},"north":{"uv":[12.0,13.75,13.0,14.25],"rotation":0,"texture":"#0","tintindex":0},"west":{"uv":[11.5,14.25,11.75,14.75],"rotation":0,"texture":"#0","tintindex":0},"up":{"uv":[12.0,7.0,11.0,6.75],"rotation":0,"texture":"#0","tintindex":0},"down":{"uv":[15.25,1.25,14.25,1.5],"rotation":0,"texture":"#0","tintindex":0}}},{"from":[6.714286,4.285714,7.714286],"to":[9.0,8.0,10.571428],"rotation":{"angle":0.0,"axis":"y","origin":[7.857143,5.428571,8.285714]},"faces":{"east":{"uv":[0.0,9.5,1.25,11.25],"rotation":0,"texture":"#0","tintindex":0},"south":{"uv":[6.5,10.75,7.5,12.5],"rotation":0,"texture":"#0","tintindex":0},"north":{"uv":[3.75,10.75,4.75,12.5],"rotation":0,"texture":"#0","tintindex":0},"west":{"uv":[1.25,9.5,2.5,11.25],"rotation":0,"texture":"#0","tintindex":0},"up":{"uv":[3.5,12.75,2.5,11.5],"rotation":0,"texture":"#0","tintindex":0},"down":{"uv":[12.75,1.25,11.75,2.5],"rotation":0,"texture":"#0","tintindex":0}}}],"textures":{"0":"modelengine:entity/blacksmith"},"display":{"head":{"translation":[0.0,-6.4,0.0],"scale":[4.0,4.0,4.0]}}}