{"elements":[{"from":[7.0,4.285714,7.142857],"to":[9.285714,5.142857,7.714286],"rotation":{"angle":0.0,"axis":"y","origin":[8.142858,5.428571,8.285714]},"faces":{"east":{"uv":[11.75,14.25,11.5,14.75],"rotation":0,"texture":"#0","tintindex":0},"south":{"uv":[14.25,13.75,13.25,14.25],"rotation":0,"texture":"#0","tintindex":0},"north":{"uv":[13.0,13.75,12.0,14.25],"rotation":0,"texture":"#0","tintindex":0},"west":{"uv":[11.5,14.25,11.25,14.75],"rotation":0,"texture":"#0","tintindex":0},"up":{"uv":[11.0,7.0,12.0,6.75],"rotation":0,"texture":"#0","tintindex":0},"down":{"uv":[14.25,1.25,15.25,1.5],"rotation":0,"texture":"#0","tintindex":0}}},{"from":[7.0,4.285714,7.714286],"to":[9.285714,8.0,10.571428],"rotation":{"angle":0.0,"axis":"y","origin":[8.142858,5.428571,8.285714]},"faces":{"east":{"uv":[2.5,9.5,1.25,11.25],"rotation":0,"texture":"#0","tintindex":0},"south":{"uv":[7.5,10.75,6.5,12.5],"rotation":0,"texture":"#0","tintindex":0},"north":{"uv":[4.75,10.75,3.75,12.5],"rotation":0,"texture":"#0","tintindex":0},"west":{"uv":[1.25,9.5,0.0,11.25],"rotation":0,"texture":"#0","tintindex":0},"up":{"uv":[2.5,12.75,3.5,11.5],"rotation":0,"texture":"#0","tintindex":0},"down":{"uv":[11.75,1.25,12.75,2.5],"rotation":0,"texture":"#0","tintindex":0}}}],"textures":{"0":"modelengine:entity/blacksmith"},"display":{"head":{"translation":[0.0,-6.4,0.0],"scale":[4.0,4.0,4.0]}}}