{"elements":[{"from":[7.428571,6.0,6.857143],"to":[9.142858,8.857143,9.142858],"rotation":{"angle":0.0,"axis":"y","origin":[8.285714,7.428571,8.0]},"faces":{"east":{"uv":[12.25,10.75,11.25,12.0],"rotation":0,"texture":"#0","tintindex":0},"south":{"uv":[13.5,0.75,12.75,2.0],"rotation":0,"texture":"#0","tintindex":0},"north":{"uv":[10.75,12.5,10.0,13.75],"rotation":0,"texture":"#0","tintindex":0},"west":{"uv":[6.5,11.25,5.5,12.5],"rotation":0,"texture":"#0","tintindex":0},"up":{"uv":[4.75,14.0,5.5,13.0],"rotation":0,"texture":"#0","tintindex":0},"down":{"uv":[7.5,13.0,8.25,14.0],"rotation":0,"texture":"#0","tintindex":0}}}],"textures":{"0":"modelengine:entity/blacksmith"},"display":{"head":{"translation":[0.0,-6.4,0.0],"scale":[4.0,4.0,4.0]}}}