{"elements":[{"from":[8.0,4.8571424,6.857143],"to":[9.714286,8.857143,9.142858],"rotation":{"angle":0.0,"axis":"y","origin":[8.857143,6.857143,8.0]},"faces":{"east":{"uv":[6.5,9.5,5.5,11.25],"rotation":0,"texture":"#0","tintindex":0},"south":{"uv":[2.5,11.25,1.75,13.0],"rotation":0,"texture":"#0","tintindex":0},"north":{"uv":[1.75,11.25,1.0,13.0],"rotation":0,"texture":"#0","tintindex":0},"west":{"uv":[5.0,6.25,4.0,8.0],"rotation":0,"texture":"#0","tintindex":0},"up":{"uv":[10.75,13.75,11.5,12.75],"rotation":0,"texture":"#0","tintindex":0},"down":{"uv":[11.5,12.75,12.25,13.75],"rotation":0,"texture":"#0","tintindex":0}}}],"textures":{"0":"modelengine:entity/blacksmith"},"display":{"head":{"translation":[0.0,-6.4,0.0],"scale":[4.0,4.0,4.0]}}}