{"elements":[{"from":[7.142857,6.857143,5.714286],"to":[8.857143,8.0,8.0],"rotation":{"angle":0.0,"axis":"y","origin":[7.952381,3.6190476,5.7619047]},"faces":{"east":{"uv":[12.0,13.75,11.0,14.25],"rotation":0,"texture":"#0","tintindex":0},"south":{"uv":[4.25,14.0,3.5,14.5],"rotation":0,"texture":"#0","tintindex":0},"north":{"uv":[14.75,2.0,14.0,2.5],"rotation":0,"texture":"#0","tintindex":0},"west":{"uv":[11.0,13.75,10.0,14.25],"rotation":0,"texture":"#0","tintindex":0},"up":{"uv":[1.0,14.0,1.75,13.0],"rotation":0,"texture":"#0","tintindex":0},"down":{"uv":[1.75,13.0,2.5,14.0],"rotation":0,"texture":"#0","tintindex":0}}},{"from":[6.5714283,2.8571424,5.142857],"to":[9.428572,6.857143,8.571428],"rotation":{"angle":0.0,"axis":"y","origin":[7.952381,3.6190476,5.7619047]},"faces":{"east":{"uv":[8.0,9.0,6.5,10.75],"rotation":0,"texture":"#0","tintindex":0},"south":{"uv":[10.5,9.0,9.25,10.75],"rotation":0,"texture":"#0","tintindex":0},"north":{"uv":[9.25,9.0,8.0,10.75],"rotation":0,"texture":"#0","tintindex":0},"west":{"uv":[4.0,8.25,2.5,10.0],"rotation":0,"texture":"#0","tintindex":0},"up":{"uv":[9.5,8.5,10.75,7.0],"rotation":0,"texture":"#0","tintindex":0},"down":{"uv":[2.5,10.0,3.75,11.5],"rotation":0,"texture":"#0","tintindex":0}}},{"from":[7.714286,1.1428566,5.142857],"to":[9.428572,2.8571424,8.571428],"rotation":{"angle":0.0,"axis":"y","origin":[7.952381,3.6190476,5.7619047]},"faces":{"east":{"uv":[13.75,0.0,12.25,0.75],"rotation":0,"texture":"#0","tintindex":0},"south":{"uv":[14.25,7.5,13.5,8.25],"rotation":0,"texture":"#0","tintindex":0},"north":{"uv":[14.25,6.25,13.5,7.0],"rotation":0,"texture":"#0","tintindex":0},"west":{"uv":[12.25,12.0,10.75,12.75],"rotation":0,"texture":"#0","tintindex":0},"up":{"uv":[12.25,12.25,13.0,10.75],"rotation":0,"texture":"#0","tintindex":0},"down":{"uv":[12.25,12.25,13.0,13.75],"rotation":0,"texture":"#0","tintindex":0}}},{"from":[7.428571,1.9999995,2.8571424],"to":[8.571428,3.142857,9.142858],"rotation":{"angle":0.0,"axis":"y","origin":[7.952381,3.6190476,5.7619047]},"faces":{"east":{"uv":[10.75,8.0,13.5,8.5],"rotation":0,"texture":"#0","tintindex":0},"south":{"uv":[4.25,14.25,4.75,14.75],"rotation":0,"texture":"#0","tintindex":0},"north":{"uv":[14.25,3.75,14.75,4.25],"rotation":0,"texture":"#0","tintindex":0},"west":{"uv":[11.0,5.0,13.75,5.5],"rotation":0,"texture":"#0","tintindex":0},"up":{"uv":[0.5,14.0,0.0,11.25],"rotation":0,"texture":"#0","tintindex":0},"down":{"uv":[1.0,11.25,0.5,14.0],"rotation":0,"texture":"#0","tintindex":0}}},{"from":[7.142857,0.85714245,1.1428566],"to":[8.857143,4.285714,2.8571424],"rotation":{"angle":0.0,"axis":"y","origin":[7.952381,3.6190476,5.7619047]},"faces":{"east":{"uv":[5.5,12.5,6.25,14.0],"rotation":0,"texture":"#0","tintindex":0},"south":{"uv":[6.25,12.5,7.0,14.0],"rotation":0,"texture":"#0","tintindex":0},"north":{"uv":[3.5,12.5,4.25,14.0],"rotation":0,"texture":"#0","tintindex":0},"west":{"uv":[9.25,12.5,10.0,14.0],"rotation":0,"texture":"#0","tintindex":0},"up":{"uv":[14.5,0.75,13.75,0.0],"rotation":0,"texture":"#0","tintindex":0},"down":{"uv":[14.5,4.5,13.75,5.25],"rotation":0,"texture":"#0","tintindex":0}}},{"from":[6.5714283,1.7142854,5.142857],"to":[7.714286,2.8571424,6.857143],"rotation":{"angle":0.0,"axis":"y","origin":[7.952381,3.6190476,5.7619047]},"faces":{"east":{"uv":[6.25,14.0,5.5,14.5],"rotation":0,"texture":"#0","tintindex":0},"south":{"uv":[14.75,0.75,14.25,1.25],"rotation":0,"texture":"#0","tintindex":0},"north":{"uv":[14.5,13.25,14.0,13.75],"rotation":0,"texture":"#0","tintindex":0},"west":{"uv":[5.5,14.0,4.75,14.5],"rotation":0,"texture":"#0","tintindex":0},"up":{"uv":[6.25,14.75,6.75,14.0],"rotation":0,"texture":"#0","tintindex":0},"down":{"uv":[7.5,14.0,8.0,14.75],"rotation":0,"texture":"#0","tintindex":0}}}],"textures":{"0":"modelengine:entity/blacksmith"},"display":{"head":{"translation":[0.0,-6.4,0.0],"scale":[4.0,4.0,4.0]}}}