{"elements":[{"from":[6.1074286,6.9287996,6.5869713],"to":[9.378285,9.398515,9.857828],"rotation":{"angle":0.0,"axis":"y","origin":[8.833143,3.1127996,8.2224]},"faces":{"east":{"uv":[1.5,3.0,2.875,4.125],"rotation":0,"texture":"#0","tintindex":0},"south":{"uv":[3.0,3.0,4.375,4.125],"rotation":0,"texture":"#0","tintindex":0},"north":{"uv":[0.0,2.5,1.375,3.625],"rotation":0,"texture":"#0","tintindex":0},"west":{"uv":[3.25,0.0,4.625,1.125],"rotation":0,"texture":"#0","tintindex":0},"up":{"uv":[3.125,1.375,1.75,0.0],"rotation":0,"texture":"#0","tintindex":0},"down":{"uv":[3.125,1.5,1.75,2.875],"rotation":0,"texture":"#0","tintindex":0}}},{"from":[6.541714,6.2488,9.735543],"to":[8.944,9.049943,10.1664],"rotation":{"angle":0.0,"axis":"y","origin":[9.261714,3.1127996,8.2224]},"faces":{"east":{"uv":[5.0,6.75,5.25,8.0],"rotation":0,"texture":"#0","tintindex":0},"south":{"uv":[0.0,3.75,1.0,5.0],"rotation":0,"texture":"#0","tintindex":0},"north":{"uv":[3.25,1.25,4.25,2.5],"rotation":0,"texture":"#0","tintindex":0},"west":{"uv":[5.25,6.75,5.5,8.0],"rotation":0,"texture":"#0","tintindex":0},"up":{"uv":[8.25,0.5,7.25,0.25],"rotation":0,"texture":"#0","tintindex":0},"down":{"uv":[1.5,7.25,0.5,7.5],"rotation":0,"texture":"#0","tintindex":0}}},{"from":[6.256,6.3893714,8.7424],"to":[9.229714,6.9230857,9.852115],"rotation":{"angle":0.0,"axis":"y","origin":[8.747429,3.1127996,8.2224]},"faces":{"east":{"uv":[1.0,7.5,1.5,7.75],"rotation":0,"texture":"#0","tintindex":0},"south":{"uv":[1.75,7.0,3.0,7.25],"rotation":0,"texture":"#0","tintindex":0},"north":{"uv":[0.5,7.0,1.75,7.25],"rotation":0,"texture":"#0","tintindex":0},"west":{"uv":[7.5,1.0,8.0,1.25],"rotation":0,"texture":"#0","tintindex":0},"up":{"uv":[7.0,4.75,5.75,4.25],"rotation":0,"texture":"#0","tintindex":0},"down":{"uv":[2.0,6.0,0.75,6.5],"rotation":0,"texture":"#0","tintindex":0}}},{"from":[6.2502856,5.926514,9.079543],"to":[9.235429,6.871657,9.800686],"rotation":{"angle":0.0,"axis":"y","origin":[8.747429,3.1127996,8.2224]},"faces":{"east":{"uv":[3.75,7.25,4.125,7.75],"rotation":0,"texture":"#0","tintindex":0},"south":{"uv":[3.25,5.75,4.625,6.25],"rotation":0,"texture":"#0","tintindex":0},"north":{"uv":[5.5,1.75,6.875,2.25],"rotation":0,"texture":"#0","tintindex":0},"west":{"uv":[4.25,7.25,4.625,7.75],"rotation":0,"texture":"#0","tintindex":0},"up":{"uv":[3.125,6.875,1.75,6.5],"rotation":0,"texture":"#0","tintindex":0},"down":{"uv":[7.875,4.75,6.5,5.125],"rotation":0,"texture":"#0","tintindex":0}}},{"from":[5.829406,6.9233484,6.4179773],"to":[9.656309,7.9942513,7.5191655],"rotation":{"angle":0.0,"axis":"y","origin":[9.105715,3.1127996,8.2224]},"faces":{"east":{"uv":[1.0,3.75,1.5,4.25],"rotation":0,"texture":"#0","tintindex":0},"south":{"uv":[4.75,5.0,6.375,5.5],"rotation":0,"texture":"#0","tintindex":0},"north":{"uv":[4.5,3.75,6.125,4.25],"rotation":0,"texture":"#0","tintindex":0},"west":{"uv":[7.25,0.5,7.75,1.0],"rotation":0,"texture":"#0","tintindex":0},"up":{"uv":[7.125,0.5,5.5,0.0],"rotation":0,"texture":"#0","tintindex":0},"down":{"uv":[7.125,0.5,5.5,1.0],"rotation":0,"texture":"#0","tintindex":0}}},{"from":[6.5942855,6.0337486,6.532263],"to":[8.891429,7.188034,7.11512],"rotation":{"angle":0.0,"axis":"y","origin":[7.742857,6.6108913,6.8236914]},"faces":{"east":{"uv":[1.5,2.5,1.75,3.0],"rotation":0,"texture":"#0","tintindex":0},"south":{"uv":[5.0,6.25,6.0,6.75],"rotation":0,"texture":"#0","tintindex":0},"north":{"uv":[3.25,2.5,4.25,3.0],"rotation":0,"texture":"#0","tintindex":0},"west":{"uv":[2.0,5.25,2.25,5.75],"rotation":0,"texture":"#0","tintindex":0},"up":{"uv":[2.5,7.5,1.5,7.25],"rotation":0,"texture":"#0","tintindex":0},"down":{"uv":[8.25,2.25,7.25,2.5],"rotation":0,"texture":"#0","tintindex":0}}},{"from":[6.4736,8.975186,6.90083],"to":[9.012115,9.793701,8.863344],"rotation":{"angle":-22.5,"axis":"x","origin":[7.4857144,9.120329,7.8820868]},"faces":{"east":{"uv":[6.5,6.0,7.5,6.5],"rotation":0,"texture":"#0","tintindex":0},"south":{"uv":[6.0,5.5,7.25,6.0],"rotation":0,"texture":"#0","tintindex":0},"north":{"uv":[6.0,2.25,7.25,2.75],"rotation":0,"texture":"#0","tintindex":0},"west":{"uv":[6.5,6.5,7.5,7.0],"rotation":0,"texture":"#0","tintindex":0},"up":{"uv":[2.25,5.25,1.0,4.25],"rotation":0,"texture":"#0","tintindex":0},"down":{"uv":[5.5,1.25,4.25,2.25],"rotation":0,"texture":"#0","tintindex":0}}},{"from":[6.5294285,9.202101,8.128601],"to":[8.956285,10.251815,9.599287],"rotation":{"angle":22.5,"axis":"x","origin":[7.457143,9.120329,7.8820868]},"faces":{"east":{"uv":[6.75,1.0,7.5,1.625],"rotation":0,"texture":"#0","tintindex":0},"south":{"uv":[2.0,5.75,3.125,6.375],"rotation":0,"texture":"#0","tintindex":0},"north":{"uv":[4.75,5.5,5.875,6.125],"rotation":0,"texture":"#0","tintindex":0},"west":{"uv":[6.75,2.75,7.5,3.375],"rotation":0,"texture":"#0","tintindex":0},"up":{"uv":[3.375,5.75,2.25,5.0],"rotation":0,"texture":"#0","tintindex":0},"down":{"uv":[4.625,5.0,3.5,5.75],"rotation":0,"texture":"#0","tintindex":0}}},{"from":[6.643714,8.965577,9.371706],"to":[8.842,9.87072,9.922107],"rotation":{"angle":45.0,"axis":"x","origin":[8.142858,9.156377,9.077135]},"faces":{"east":{"uv":[7.25,5.5,7.625,6.0],"rotation":0,"texture":"#0","tintindex":0},"south":{"uv":[0.5,6.5,1.625,7.0],"rotation":0,"texture":"#0","tintindex":0},"north":{"uv":[3.75,6.25,4.875,6.75],"rotation":0,"texture":"#0","tintindex":0},"west":{"uv":[6.0,7.25,6.375,7.75],"rotation":0,"texture":"#0","tintindex":0},"up":{"uv":[7.875,3.875,6.75,3.5],"rotation":0,"texture":"#0","tintindex":0},"down":{"uv":[4.875,6.75,3.75,7.125],"rotation":0,"texture":"#0","tintindex":0}}},{"from":[5.834857,7.1829715,6.579086],"to":[9.650857,8.5404,9.3048],"rotation":{"angle":-22.5,"axis":"x","origin":[8.015429,8.019086,8.2224]},"faces":{"east":{"uv":[0.75,5.25,2.0,5.875],"rotation":0,"texture":"#0","tintindex":0},"south":{"uv":[4.25,2.25,5.875,2.875],"rotation":0,"texture":"#0","tintindex":0},"north":{"uv":[2.25,4.25,3.875,4.875],"rotation":0,"texture":"#0","tintindex":0},"west":{"uv":[5.5,1.0,6.75,1.625],"rotation":0,"texture":"#0","tintindex":0},"up":{"uv":[1.625,1.25,0.0,0.0],"rotation":0,"texture":"#0","tintindex":0},"down":{"uv":[1.625,1.25,0.0,2.5],"rotation":0,"texture":"#0","tintindex":0}}}],"textures":{"0":"modelengine:entity/nocsy_skeleton_skull"},"display":{"head":{"translation":[0.0,-6.4,0.0],"scale":[4.0,4.0,4.0]}}}