{"elements":[{"from":[2.0039997,1.7499309,7.927337],"to":[13.996,13.741932,7.9193373],"rotation":{"angle":0.0,"axis":"y","origin":[5.908,4.0633025,7.828137]},"faces":{"east":{"uv":[0.0,0.0,0.0,7.5],"rotation":0,"texture":"#1","tintindex":0},"south":{"uv":[7.5,0.0,0.0,7.5],"rotation":0,"texture":"#1","tintindex":0},"north":{"uv":[0.0,0.0,7.5,7.5],"rotation":0,"texture":"#1","tintindex":0},"west":{"uv":[0.0,0.0,0.0,7.5],"rotation":0,"texture":"#1","tintindex":0},"up":{"uv":[7.5,0.0,0.0,0.0],"rotation":0,"texture":"#1","tintindex":0},"down":{"uv":[7.5,0.0,0.0,0.0],"rotation":0,"texture":"#1","tintindex":0}}}],"textures":{"1":"modelengine:entity/nocsy_skeleton_skull_ring"},"display":{"head":{"translation":[0.0,-6.4,0.0],"scale":[4.0,4.0,4.0]}}}