{"elements":[{"from":[7.1740255,8.239003,5.4968624],"to":[8.316882,12.810432,10.63972],"rotation":{"angle":22.5,"axis":"z","origin":[6.857143,10.857143,8.0]},"faces":{"east":{"uv":[4.5,1.125,5.625,2.125],"rotation":0,"texture":"#0","tintindex":0},"south":{"uv":[6.375,8.25,6.625,9.25],"rotation":0,"texture":"#0","tintindex":0},"north":{"uv":[6.125,8.25,6.375,9.25],"rotation":0,"texture":"#0","tintindex":0},"west":{"uv":[0.0,4.75,1.125,5.75],"rotation":0,"texture":"#0","tintindex":0},"up":{"uv":[5.625,9.0,5.375,7.875],"rotation":0,"texture":"#0","tintindex":0},"down":{"uv":[8.5,4.75,8.25,5.875],"rotation":0,"texture":"#0","tintindex":0}}},{"from":[8.159408,7.820272,5.4968624],"to":[12.730837,8.963129,10.63972],"rotation":{"angle":-22.5,"axis":"z","origin":[9.884976,8.015961,8.0]},"faces":{"east":{"uv":[7.375,3.375,8.5,3.625],"rotation":0,"texture":"#0","tintindex":0},"south":{"uv":[8.25,7.25,9.25,7.5],"rotation":0,"texture":"#0","tintindex":0},"north":{"uv":[8.25,7.0,9.25,7.25],"rotation":0,"texture":"#0","tintindex":0},"west":{"uv":[8.25,3.125,9.375,3.375],"rotation":0,"texture":"#0","tintindex":0},"up":{"uv":[2.125,5.875,1.125,4.75],"rotation":0,"texture":"#0","tintindex":0},"down":{"uv":[5.75,4.25,4.75,5.375],"rotation":0,"texture":"#0","tintindex":0}}},{"from":[7.873693,7.248843,5.2111483],"to":[13.01655,7.820272,10.925434],"rotation":{"angle":-22.5,"axis":"z","origin":[9.884976,8.015961,8.0]},"faces":{"east":{"uv":[4.5,2.125,5.75,2.25],"rotation":0,"texture":"#0","tintindex":0},"south":{"uv":[8.75,0.875,9.875,1.0],"rotation":0,"texture":"#0","tintindex":0},"north":{"uv":[8.5,6.875,9.625,7.0],"rotation":0,"texture":"#0","tintindex":0},"west":{"uv":[8.5,2.375,9.75,2.5],"rotation":0,"texture":"#0","tintindex":0},"up":{"uv":[1.125,4.75,0.0,3.5],"rotation":0,"texture":"#0","tintindex":0},"down":{"uv":[2.25,3.5,1.125,4.75],"rotation":0,"texture":"#0","tintindex":0}}},{"from":[6.6025968,7.9532895,5.2111483],"to":[7.1740255,13.096147,10.925434],"rotation":{"angle":22.5,"axis":"z","origin":[6.857143,10.857143,8.0]},"faces":{"east":{"uv":[3.25,0.0,4.5,1.125],"rotation":0,"texture":"#0","tintindex":0},"south":{"uv":[7.25,8.625,7.375,9.75],"rotation":0,"texture":"#0","tintindex":0},"north":{"uv":[4.875,8.625,5.0,9.75],"rotation":0,"texture":"#0","tintindex":0},"west":{"uv":[3.25,1.125,4.5,2.25],"rotation":0,"texture":"#0","tintindex":0},"up":{"uv":[1.5,9.75,1.375,8.5],"rotation":0,"texture":"#0","tintindex":0},"down":{"uv":[2.375,8.625,2.25,9.875],"rotation":0,"texture":"#0","tintindex":0}}}],"textures":{"0":"modelengine:entity/wizard"},"display":{"head":{"translation":[0.0,-6.4,0.0],"scale":[4.0,4.0,4.0]}}}