{"elements":[{"from":[4.545501,6.4567065,5.142857],"to":[10.259788,9.313849,10.857143],"rotation":{"angle":0.0,"axis":"y","origin":[7.402644,3.0281348,8.0]},"faces":{"east":{"uv":[2.125,6.375,3.375,7.0],"rotation":0,"texture":"#0","tintindex":0},"south":{"uv":[3.375,6.375,4.625,7.0],"rotation":0,"texture":"#0","tintindex":0},"north":{"uv":[6.375,0.0,7.625,0.625],"rotation":0,"texture":"#0","tintindex":0},"west":{"uv":[4.625,6.5,5.875,7.125],"rotation":0,"texture":"#0","tintindex":0},"up":{"uv":[3.0,3.5,1.75,2.25],"rotation":0,"texture":"#0","tintindex":0},"down":{"uv":[4.25,2.25,3.0,3.5],"rotation":0,"texture":"#0","tintindex":0}}},{"from":[6.831216,9.313849,5.142857],"to":[7.974073,9.885278,5.714286],"rotation":{"angle":0.0,"axis":"y","origin":[7.402644,3.0281348,7.428571]},"faces":{"east":{"uv":[5.625,2.0,5.75,2.125],"rotation":0,"texture":"#0","tintindex":0},"south":{"uv":[2.375,6.25,2.625,6.375],"rotation":0,"texture":"#0","tintindex":0},"north":{"uv":[2.125,6.25,2.375,6.375],"rotation":0,"texture":"#0","tintindex":0},"west":{"uv":[5.625,4.125,5.75,4.25],"rotation":0,"texture":"#0","tintindex":0},"up":{"uv":[2.875,6.375,2.625,6.25],"rotation":0,"texture":"#0","tintindex":0},"down":{"uv":[3.125,6.25,2.875,6.375],"rotation":0,"texture":"#0","tintindex":0}}},{"from":[3.4026437,11.028135,4.0],"to":[11.402644,11.599564,12.0],"rotation":{"angle":0.0,"axis":"y","origin":[7.402644,12.170992,8.0]},"faces":{"east":{"uv":[8.25,8.0,10.0,8.125],"rotation":0,"texture":"#0","tintindex":0},"south":{"uv":[8.25,8.125,10.0,8.25],"rotation":0,"texture":"#0","tintindex":0},"north":{"uv":[8.25,7.875,10.0,8.0],"rotation":0,"texture":"#0","tintindex":0},"west":{"uv":[8.25,8.25,10.0,8.375],"rotation":0,"texture":"#0","tintindex":0},"up":{"uv":[1.75,1.75,0.0,0.0],"rotation":0,"texture":"#0","tintindex":0},"down":{"uv":[1.75,1.75,0.0,3.5],"rotation":0,"texture":"#0","tintindex":0}}},{"from":[5.11693,11.599564,5.714286],"to":[9.688358,13.885279,10.857143],"rotation":{"angle":0.0,"axis":"y","origin":[7.402644,12.742421,8.0]},"faces":{"east":{"uv":[6.875,6.625,8.0,7.125],"rotation":0,"texture":"#0","tintindex":0},"south":{"uv":[1.5,7.5,2.5,8.0],"rotation":0,"texture":"#0","tintindex":0},"north":{"uv":[4.25,3.0,5.25,3.5],"rotation":0,"texture":"#0","tintindex":0},"west":{"uv":[1.5,7.0,2.625,7.5],"rotation":0,"texture":"#0","tintindex":0},"up":{"uv":[3.125,6.25,2.125,5.125],"rotation":0,"texture":"#0","tintindex":0},"down":{"uv":[6.25,3.0,5.25,4.125],"rotation":0,"texture":"#0","tintindex":0}}},{"from":[5.6883583,12.742421,6.857143],"to":[9.11693,16.170994,10.285714],"rotation":{"angle":45.0,"axis":"x","origin":[7.402644,12.742421,8.0]},"faces":{"east":{"uv":[3.375,7.0,4.125,7.75],"rotation":0,"texture":"#0","tintindex":0},"south":{"uv":[7.0,4.75,7.75,5.5],"rotation":0,"texture":"#0","tintindex":0},"north":{"uv":[2.625,7.0,3.375,7.75],"rotation":0,"texture":"#0","tintindex":0},"west":{"uv":[4.125,7.125,4.875,7.875],"rotation":0,"texture":"#0","tintindex":0},"up":{"uv":[5.625,7.875,4.875,7.125],"rotation":0,"texture":"#0","tintindex":0},"down":{"uv":[7.875,5.5,7.125,6.25],"rotation":0,"texture":"#0","tintindex":0}}},{"from":[6.831216,13.313849,9.714286],"to":[8.545502,15.599564,14.285715],"rotation":{"angle":0.0,"axis":"y","origin":[7.402644,9.885278,10.285714]},"faces":{"east":{"uv":[7.625,0.0,8.625,0.5],"rotation":0,"texture":"#0","tintindex":0},"south":{"uv":[6.875,8.625,7.25,9.125],"rotation":0,"texture":"#0","tintindex":0},"north":{"uv":[4.5,8.625,4.875,9.125],"rotation":0,"texture":"#0","tintindex":0},"west":{"uv":[7.75,0.5,8.75,1.0],"rotation":0,"texture":"#0","tintindex":0},"up":{"uv":[7.75,8.75,7.375,7.75],"rotation":0,"texture":"#0","tintindex":0},"down":{"uv":[5.375,7.875,5.0,8.875],"rotation":0,"texture":"#0","tintindex":0}}},{"from":[5.11693,7.5995636,5.714286],"to":[9.688358,11.028135,10.285714],"rotation":{"angle":0.0,"axis":"y","origin":[7.402644,3.0281348,8.0]},"faces":{"east":{"uv":[0.5,6.75,1.5,7.5],"rotation":0,"texture":"#0","tintindex":0},"south":{"uv":[6.75,0.625,7.75,1.375],"rotation":0,"texture":"#0","tintindex":0},"north":{"uv":[5.875,6.625,6.875,7.375],"rotation":0,"texture":"#0","tintindex":0},"west":{"uv":[6.875,1.375,7.875,2.125],"rotation":0,"texture":"#0","tintindex":0},"up":{"uv":[4.125,6.375,3.125,5.375],"rotation":0,"texture":"#0","tintindex":0},"down":{"uv":[5.125,5.375,4.125,6.375],"rotation":0,"texture":"#0","tintindex":0}}},{"from":[4.9740725,9.313849,8.0],"to":[5.545501,11.028135,9.142858],"rotation":{"angle":-22.5,"axis":"y","origin":[5.259787,10.170992,8.571428]},"faces":{"east":{"uv":[5.75,5.0,6.0,5.375],"rotation":0,"texture":"#0","tintindex":0},"south":{"uv":[6.75,1.375,6.875,1.75],"rotation":0,"texture":"#0","tintindex":0},"north":{"uv":[2.125,4.75,2.25,5.125],"rotation":0,"texture":"#0","tintindex":0},"west":{"uv":[8.625,8.75,8.875,9.125],"rotation":0,"texture":"#0","tintindex":0},"up":{"uv":[3.75,5.375,3.625,5.125],"rotation":0,"texture":"#0","tintindex":0},"down":{"uv":[6.875,1.75,6.75,2.0],"rotation":0,"texture":"#0","tintindex":0}}},{"from":[9.259788,9.313849,8.0],"to":[9.831216,11.028135,9.142858],"rotation":{"angle":22.5,"axis":"y","origin":[9.545502,10.170992,8.571428]},"faces":{"east":{"uv":[8.875,8.75,8.625,9.125],"rotation":0,"texture":"#0","tintindex":0},"south":{"uv":[6.875,1.375,6.75,1.75],"rotation":0,"texture":"#0","tintindex":0},"north":{"uv":[2.25,4.75,2.125,5.125],"rotation":0,"texture":"#0","tintindex":0},"west":{"uv":[6.0,5.0,5.75,5.375],"rotation":0,"texture":"#0","tintindex":0},"up":{"uv":[3.625,5.375,3.75,5.125],"rotation":0,"texture":"#0","tintindex":0},"down":{"uv":[6.75,1.75,6.875,2.0],"rotation":0,"texture":"#0","tintindex":0}}},{"from":[4.831216,5.428571,10.311642],"to":[9.974073,8.285714,14.311642],"rotation":{"angle":22.5,"axis":"x","origin":[7.402644,7.428571,13.168785]},"faces":{"east":{"uv":[6.875,7.125,7.75,7.75],"rotation":0,"texture":"#0","tintindex":0},"south":{"uv":[6.875,4.125,8.0,4.75],"rotation":0,"texture":"#0","tintindex":0},"north":{"uv":[6.875,2.125,8.0,2.75],"rotation":0,"texture":"#0","tintindex":0},"west":{"uv":[7.375,2.75,8.25,3.375],"rotation":0,"texture":"#0","tintindex":0},"up":{"uv":[6.75,2.0,5.625,1.125],"rotation":0,"texture":"#0","tintindex":0},"down":{"uv":[1.125,5.75,0.0,6.625],"rotation":0,"texture":"#0","tintindex":0}}}],"textures":{"0":"modelengine:entity/wizard"},"display":{"head":{"translation":[0.0,-6.4,0.0],"scale":[4.0,4.0,4.0]}}}