{"elements":[{"from":[5.714286,6.285714,6.285714],"to":[8.0,9.142858,9.714286],"rotation":{"angle":0.0,"axis":"y","origin":[4.5714283,4.5714283,8.0]},"faces":{"east":{"uv":[2.5,7.75,3.25,8.375],"rotation":0,"texture":"#0","tintindex":0},"south":{"uv":[8.0,1.875,8.5,2.5],"rotation":0,"texture":"#0","tintindex":0},"north":{"uv":[1.875,8.0,2.375,8.625],"rotation":0,"texture":"#0","tintindex":0},"west":{"uv":[3.25,7.75,4.0,8.375],"rotation":0,"texture":"#0","tintindex":0},"up":{"uv":[8.25,5.5,7.75,4.75],"rotation":0,"texture":"#0","tintindex":0},"down":{"uv":[5.0,7.875,4.5,8.625],"rotation":0,"texture":"#0","tintindex":0}}},{"from":[6.285714,4.5714283,6.857143],"to":[8.0,6.285714,9.142858],"rotation":{"angle":0.0,"axis":"y","origin":[4.5714283,1.7142854,8.0]},"faces":{"east":{"uv":[8.375,1.0,8.875,1.375],"rotation":0,"texture":"#0","tintindex":0},"south":{"uv":[8.625,8.375,9.0,8.75],"rotation":0,"texture":"#0","tintindex":0},"north":{"uv":[7.75,8.625,8.125,9.0],"rotation":0,"texture":"#0","tintindex":0},"west":{"uv":[8.375,1.375,8.875,1.75],"rotation":0,"texture":"#0","tintindex":0},"up":{"uv":[6.75,1.125,6.375,0.625],"rotation":0,"texture":"#0","tintindex":0},"down":{"uv":[2.75,8.375,2.375,8.875],"rotation":0,"texture":"#0","tintindex":0}}}],"textures":{"0":"modelengine:entity/wizard"},"display":{"head":{"translation":[0.0,-6.4,0.0],"scale":[4.0,4.0,4.0]}}}