{"elements":[{"from":[6.857143,6.285714,5.428571],"to":[9.142858,8.0,8.285714],"rotation":{"angle":0.0,"axis":"y","origin":[5.428571,3.4285712,6.857143]},"faces":{"east":{"uv":[7.125,6.25,7.75,6.625],"rotation":0,"texture":"#0","tintindex":0},"south":{"uv":[3.25,8.375,3.75,8.75],"rotation":0,"texture":"#0","tintindex":0},"north":{"uv":[2.75,8.375,3.25,8.75],"rotation":0,"texture":"#0","tintindex":0},"west":{"uv":[8.25,7.5,8.875,7.875],"rotation":0,"texture":"#0","tintindex":0},"up":{"uv":[8.5,4.75,8.0,4.125],"rotation":0,"texture":"#0","tintindex":0},"down":{"uv":[8.5,6.375,8.0,7.0],"rotation":0,"texture":"#0","tintindex":0}}},{"from":[7.142857,4.5714283,5.714286],"to":[8.857143,6.285714,8.0],"rotation":{"angle":0.0,"axis":"y","origin":[5.428571,3.4285712,6.857143]},"faces":{"east":{"uv":[0.875,8.5,1.375,8.875],"rotation":0,"texture":"#0","tintindex":0},"south":{"uv":[8.75,2.5,9.125,2.875],"rotation":0,"texture":"#0","tintindex":0},"north":{"uv":[8.75,0.5,9.125,0.875],"rotation":0,"texture":"#0","tintindex":0},"west":{"uv":[8.5,1.75,9.0,2.125],"rotation":0,"texture":"#0","tintindex":0},"up":{"uv":[8.875,4.625,8.5,4.125],"rotation":0,"texture":"#0","tintindex":0},"down":{"uv":[8.875,4.625,8.5,5.125],"rotation":0,"texture":"#0","tintindex":0}}},{"from":[7.142857,3.4285712,5.714286],"to":[8.285714,4.5714283,8.0],"rotation":{"angle":0.0,"axis":"y","origin":[5.428571,1.7142854,6.857143]},"faces":{"east":{"uv":[3.125,5.125,3.625,5.375],"rotation":0,"texture":"#0","tintindex":0},"south":{"uv":[7.75,6.375,8.0,6.625],"rotation":0,"texture":"#0","tintindex":0},"north":{"uv":[5.625,7.125,5.875,7.375],"rotation":0,"texture":"#0","tintindex":0},"west":{"uv":[1.5,6.75,2.0,7.0],"rotation":0,"texture":"#0","tintindex":0},"up":{"uv":[3.75,9.25,3.5,8.75],"rotation":0,"texture":"#0","tintindex":0},"down":{"uv":[7.625,8.75,7.375,9.25],"rotation":0,"texture":"#0","tintindex":0}}},{"from":[8.285714,4.0,5.714286],"to":[8.857143,4.5714283,6.857143],"rotation":{"angle":0.0,"axis":"y","origin":[6.5714283,1.7142854,6.857143]},"faces":{"east":{"uv":[4.625,6.375,4.875,6.5],"rotation":0,"texture":"#0","tintindex":0},"south":{"uv":[5.875,6.5,6.0,6.625],"rotation":0,"texture":"#0","tintindex":0},"north":{"uv":[6.125,2.875,6.25,3.0],"rotation":0,"texture":"#0","tintindex":0},"west":{"uv":[4.875,6.375,5.125,6.5],"rotation":0,"texture":"#0","tintindex":0},"up":{"uv":[7.125,5.75,7.0,5.5],"rotation":0,"texture":"#0","tintindex":0},"down":{"uv":[2.625,7.5,2.5,7.75],"rotation":0,"texture":"#0","tintindex":0}}}],"textures":{"0":"modelengine:entity/wizard"},"display":{"head":{"translation":[0.0,-6.4,0.0],"scale":[4.0,4.0,4.0]}}}