{"elements":[{"from":[6.5714283,4.5714283,6.857143],"to":[8.857143,8.571428,9.714286],"rotation":{"angle":0.0,"axis":"y","origin":[10.0,8.571428,8.571428]},"faces":{"east":{"uv":[5.625,7.375,6.25,8.25],"rotation":0,"texture":"#0","tintindex":0},"south":{"uv":[7.75,7.125,8.25,8.0],"rotation":0,"texture":"#0","tintindex":0},"north":{"uv":[6.875,7.75,7.375,8.625],"rotation":0,"texture":"#0","tintindex":0},"west":{"uv":[6.25,7.375,6.875,8.25],"rotation":0,"texture":"#0","tintindex":0},"up":{"uv":[8.25,8.625,7.75,8.0],"rotation":0,"texture":"#0","tintindex":0},"down":{"uv":[8.75,2.5,8.25,3.125],"rotation":0,"texture":"#0","tintindex":0}}}],"textures":{"0":"modelengine:entity/wizard"},"display":{"head":{"translation":[0.0,-6.4,0.0],"scale":[4.0,4.0,4.0]}}}