{"elements":[{"from":[7.142857,4.0,8.0],"to":[8.857143,8.0,10.285714],"rotation":{"angle":0.0,"axis":"y","origin":[10.285714,7.428571,9.142858]},"faces":{"east":{"uv":[7.875,1.0,8.375,1.875],"rotation":0,"texture":"#0","tintindex":0},"south":{"uv":[1.5,8.0,1.875,8.875],"rotation":0,"texture":"#0","tintindex":0},"north":{"uv":[7.875,5.5,8.25,6.375],"rotation":0,"texture":"#0","tintindex":0},"west":{"uv":[4.0,7.875,4.5,8.75],"rotation":0,"texture":"#0","tintindex":0},"up":{"uv":[8.625,8.875,8.25,8.375],"rotation":0,"texture":"#0","tintindex":0},"down":{"uv":[0.875,8.5,0.5,9.0],"rotation":0,"texture":"#0","tintindex":0}}},{"from":[7.142857,4.0,7.428571],"to":[8.857143,5.142857,8.0],"rotation":{"angle":0.0,"axis":"y","origin":[10.285714,7.428571,6.285714]},"faces":{"east":{"uv":[2.0,6.75,2.125,7.0],"rotation":0,"texture":"#0","tintindex":0},"south":{"uv":[0.875,8.875,1.25,9.125],"rotation":0,"texture":"#0","tintindex":0},"north":{"uv":[8.75,2.875,9.125,3.125],"rotation":0,"texture":"#0","tintindex":0},"west":{"uv":[6.875,4.75,7.0,5.0],"rotation":0,"texture":"#0","tintindex":0},"up":{"uv":[5.625,4.25,5.25,4.125],"rotation":0,"texture":"#0","tintindex":0},"down":{"uv":[6.125,2.875,5.75,3.0],"rotation":0,"texture":"#0","tintindex":0}}}],"textures":{"0":"modelengine:entity/wizard"},"display":{"head":{"translation":[0.0,-6.4,0.0],"scale":[4.0,4.0,4.0]}}}