{"elements":[{"from":[8.0,6.285714,6.285714],"to":[10.285714,9.142858,9.714286],"rotation":{"angle":0.0,"axis":"y","origin":[11.428572,4.5714283,8.0]},"faces":{"east":{"uv":[4.0,7.75,3.25,8.375],"rotation":0,"texture":"#0","tintindex":0},"south":{"uv":[8.5,1.875,8.0,2.5],"rotation":0,"texture":"#0","tintindex":0},"north":{"uv":[2.375,8.0,1.875,8.625],"rotation":0,"texture":"#0","tintindex":0},"west":{"uv":[3.25,7.75,2.5,8.375],"rotation":0,"texture":"#0","tintindex":0},"up":{"uv":[7.75,5.5,8.25,4.75],"rotation":0,"texture":"#0","tintindex":0},"down":{"uv":[4.5,7.875,5.0,8.625],"rotation":0,"texture":"#0","tintindex":0}}},{"from":[8.0,4.5714283,6.857143],"to":[9.714286,6.285714,9.142858],"rotation":{"angle":0.0,"axis":"y","origin":[11.428572,1.7142854,8.0]},"faces":{"east":{"uv":[8.875,1.375,8.375,1.75],"rotation":0,"texture":"#0","tintindex":0},"south":{"uv":[9.0,8.375,8.625,8.75],"rotation":0,"texture":"#0","tintindex":0},"north":{"uv":[8.125,8.625,7.75,9.0],"rotation":0,"texture":"#0","tintindex":0},"west":{"uv":[8.875,1.0,8.375,1.375],"rotation":0,"texture":"#0","tintindex":0},"up":{"uv":[6.375,1.125,6.75,0.625],"rotation":0,"texture":"#0","tintindex":0},"down":{"uv":[2.375,8.375,2.75,8.875],"rotation":0,"texture":"#0","tintindex":0}}}],"textures":{"0":"modelengine:entity/wizard"},"display":{"head":{"translation":[0.0,-6.4,0.0],"scale":[4.0,4.0,4.0]}}}