{"elements":[{"from":[6.857143,6.285714,5.428571],"to":[9.142858,8.0,8.285714],"rotation":{"angle":0.0,"axis":"y","origin":[10.571428,3.4285712,6.857143]},"faces":{"east":{"uv":[8.875,7.5,8.25,7.875],"rotation":0,"texture":"#0","tintindex":0},"south":{"uv":[3.75,8.375,3.25,8.75],"rotation":0,"texture":"#0","tintindex":0},"north":{"uv":[3.25,8.375,2.75,8.75],"rotation":0,"texture":"#0","tintindex":0},"west":{"uv":[7.75,6.25,7.125,6.625],"rotation":0,"texture":"#0","tintindex":0},"up":{"uv":[8.0,4.75,8.5,4.125],"rotation":0,"texture":"#0","tintindex":0},"down":{"uv":[8.0,6.375,8.5,7.0],"rotation":0,"texture":"#0","tintindex":0}}},{"from":[7.142857,4.5714283,5.714286],"to":[8.857143,6.285714,8.0],"rotation":{"angle":0.0,"axis":"y","origin":[10.571428,3.4285712,6.857143]},"faces":{"east":{"uv":[9.0,1.75,8.5,2.125],"rotation":0,"texture":"#0","tintindex":0},"south":{"uv":[9.125,2.5,8.75,2.875],"rotation":0,"texture":"#0","tintindex":0},"north":{"uv":[9.125,0.5,8.75,0.875],"rotation":0,"texture":"#0","tintindex":0},"west":{"uv":[1.375,8.5,0.875,8.875],"rotation":0,"texture":"#0","tintindex":0},"up":{"uv":[8.5,4.625,8.875,4.125],"rotation":0,"texture":"#0","tintindex":0},"down":{"uv":[8.5,4.625,8.875,5.125],"rotation":0,"texture":"#0","tintindex":0}}},{"from":[7.142857,3.485714,-4.000001],"to":[8.857143,5.2,-2.285715],"rotation":{"angle":45.0,"axis":"z","origin":[8.0,4.0571427,-3.4285717]},"faces":{"east":{"uv":[3.125,8.75,3.5,9.125],"rotation":0,"texture":"#0","tintindex":0},"south":{"uv":[4.0,8.75,4.375,9.125],"rotation":0,"texture":"#0","tintindex":0},"north":{"uv":[2.75,8.75,3.125,9.125],"rotation":0,"texture":"#0","tintindex":0},"west":{"uv":[5.625,8.75,6.0,9.125],"rotation":0,"texture":"#0","tintindex":0},"up":{"uv":[9.125,6.0,8.75,5.625],"rotation":0,"texture":"#0","tintindex":0},"down":{"uv":[9.125,6.0,8.75,6.375],"rotation":0,"texture":"#0","tintindex":0}}},{"from":[7.428571,3.7142854,1.7142854],"to":[8.571428,4.8571424,16.0],"rotation":{"angle":45.0,"axis":"z","origin":[8.0,4.285714,8.857143]},"faces":{"east":{"uv":[6.25,3.625,9.375,3.875],"rotation":0,"texture":"#0","tintindex":0},"south":{"uv":[8.5,5.625,8.75,5.875],"rotation":0,"texture":"#0","tintindex":0},"north":{"uv":[8.0,2.5,8.25,2.75],"rotation":0,"texture":"#0","tintindex":0},"west":{"uv":[6.25,3.875,9.375,4.125],"rotation":0,"texture":"#0","tintindex":0},"up":{"uv":[0.25,9.75,0.0,6.625],"rotation":0,"texture":"#0","tintindex":0},"down":{"uv":[0.5,6.625,0.25,9.75],"rotation":0,"texture":"#0","tintindex":0}}},{"from":[7.142857,3.142857,-0.57142925],"to":[8.857143,5.428571,1.7142854],"rotation":{"angle":0.0,"axis":"y","origin":[5.714286,1.9999995,-9.1428585]},"faces":{"east":{"uv":[5.625,8.25,6.125,8.75],"rotation":0,"texture":"#0","tintindex":0},"south":{"uv":[8.5,6.375,8.875,6.875],"rotation":0,"texture":"#0","tintindex":0},"north":{"uv":[8.5,5.125,8.875,5.625],"rotation":0,"texture":"#0","tintindex":0},"west":{"uv":[8.25,5.875,8.75,6.375],"rotation":0,"texture":"#0","tintindex":0},"up":{"uv":[9.0,0.5,8.625,0.0],"rotation":0,"texture":"#0","tintindex":0},"down":{"uv":[2.25,8.625,1.875,9.125],"rotation":0,"texture":"#0","tintindex":0}}},{"from":[7.428571,1.9999995,-0.57142925],"to":[8.571428,3.142857,0.5714283],"rotation":{"angle":0.0,"axis":"y","origin":[8.0,2.2857141,0.0]},"faces":{"east":{"uv":[8.875,1.25,9.125,1.5],"rotation":0,"texture":"#0","tintindex":0},"south":{"uv":[1.5,8.875,1.75,9.125],"rotation":0,"texture":"#0","tintindex":0},"north":{"uv":[8.875,1.0,9.125,1.25],"rotation":0,"texture":"#0","tintindex":0},"west":{"uv":[8.875,1.5,9.125,1.75],"rotation":0,"texture":"#0","tintindex":0},"up":{"uv":[2.625,9.125,2.375,8.875],"rotation":0,"texture":"#0","tintindex":0},"down":{"uv":[9.125,4.125,8.875,4.375],"rotation":0,"texture":"#0","tintindex":0}}},{"from":[7.428571,5.428571,-0.57142925],"to":[8.571428,6.5714283,0.5714283],"rotation":{"angle":0.0,"axis":"y","origin":[8.0,-3.4285717,0.0]},"faces":{"east":{"uv":[8.875,1.5,9.125,1.25],"rotation":0,"texture":"#0","tintindex":0},"south":{"uv":[1.5,9.125,1.75,8.875],"rotation":0,"texture":"#0","tintindex":0},"north":{"uv":[8.875,1.25,9.125,1.0],"rotation":0,"texture":"#0","tintindex":0},"west":{"uv":[8.875,1.75,9.125,1.5],"rotation":0,"texture":"#0","tintindex":0},"up":{"uv":[9.125,4.375,8.875,4.125],"rotation":0,"texture":"#0","tintindex":0},"down":{"uv":[2.625,8.875,2.375,9.125],"rotation":0,"texture":"#0","tintindex":0}}},{"from":[7.428571,0.85714245,-2.8571434],"to":[8.571428,1.9999995,0.5714283],"rotation":{"angle":0.0,"axis":"y","origin":[5.714286,1.9999995,-9.1428585]},"faces":{"east":{"uv":[8.5,2.125,9.25,2.375],"rotation":0,"texture":"#0","tintindex":0},"south":{"uv":[8.875,4.625,9.125,4.875],"rotation":0,"texture":"#0","tintindex":0},"north":{"uv":[8.875,4.375,9.125,4.625],"rotation":0,"texture":"#0","tintindex":0},"west":{"uv":[8.5,3.375,9.25,3.625],"rotation":0,"texture":"#0","tintindex":0},"up":{"uv":[6.875,9.0,6.625,8.25],"rotation":0,"texture":"#0","tintindex":0},"down":{"uv":[4.0,8.375,3.75,9.125],"rotation":0,"texture":"#0","tintindex":0}}},{"from":[7.428571,6.5714283,-2.8571434],"to":[8.571428,7.714286,0.5714283],"rotation":{"angle":0.0,"axis":"y","origin":[5.714286,-3.1428576,-9.1428585]},"faces":{"east":{"uv":[8.5,2.375,9.25,2.125],"rotation":0,"texture":"#0","tintindex":0},"south":{"uv":[8.875,4.875,9.125,4.625],"rotation":0,"texture":"#0","tintindex":0},"north":{"uv":[8.875,4.625,9.125,4.375],"rotation":0,"texture":"#0","tintindex":0},"west":{"uv":[8.5,3.625,9.25,3.375],"rotation":0,"texture":"#0","tintindex":0},"up":{"uv":[4.0,9.125,3.75,8.375],"rotation":0,"texture":"#0","tintindex":0},"down":{"uv":[6.875,8.25,6.625,9.0],"rotation":0,"texture":"#0","tintindex":0}}},{"from":[7.428571,-0.2857151,-2.8571434],"to":[8.571428,0.85714245,-1.7142859],"rotation":{"angle":0.0,"axis":"y","origin":[5.714286,0.85714245,-9.1428585]},"faces":{"east":{"uv":[5.0,8.875,5.25,9.125],"rotation":0,"texture":"#0","tintindex":0},"south":{"uv":[8.875,5.125,9.125,5.375],"rotation":0,"texture":"#0","tintindex":0},"north":{"uv":[8.875,4.875,9.125,5.125],"rotation":0,"texture":"#0","tintindex":0},"west":{"uv":[8.875,5.375,9.125,5.625],"rotation":0,"texture":"#0","tintindex":0},"up":{"uv":[9.125,6.625,8.875,6.375],"rotation":0,"texture":"#0","tintindex":0},"down":{"uv":[9.125,6.625,8.875,6.875],"rotation":0,"texture":"#0","tintindex":0}}},{"from":[7.428571,7.714286,-2.8571434],"to":[8.571428,8.857143,-1.7142859],"rotation":{"angle":0.0,"axis":"y","origin":[5.714286,-2.0,-9.1428585]},"faces":{"east":{"uv":[5.0,9.125,5.25,8.875],"rotation":0,"texture":"#0","tintindex":0},"south":{"uv":[8.875,5.375,9.125,5.125],"rotation":0,"texture":"#0","tintindex":0},"north":{"uv":[8.875,5.125,9.125,4.875],"rotation":0,"texture":"#0","tintindex":0},"west":{"uv":[8.875,5.625,9.125,5.375],"rotation":0,"texture":"#0","tintindex":0},"up":{"uv":[9.125,6.875,8.875,6.625],"rotation":0,"texture":"#0","tintindex":0},"down":{"uv":[9.125,6.375,8.875,6.625],"rotation":0,"texture":"#0","tintindex":0}}},{"from":[7.714286,3.4285712,5.714286],"to":[8.857143,4.5714283,8.0],"rotation":{"angle":0.0,"axis":"y","origin":[10.571428,1.7142854,6.857143]},"faces":{"east":{"uv":[2.0,6.75,1.5,7.0],"rotation":0,"texture":"#0","tintindex":0},"south":{"uv":[8.0,6.375,7.75,6.625],"rotation":0,"texture":"#0","tintindex":0},"north":{"uv":[5.875,7.125,5.625,7.375],"rotation":0,"texture":"#0","tintindex":0},"west":{"uv":[3.625,5.125,3.125,5.375],"rotation":0,"texture":"#0","tintindex":0},"up":{"uv":[3.5,9.25,3.75,8.75],"rotation":0,"texture":"#0","tintindex":0},"down":{"uv":[7.375,8.75,7.625,9.25],"rotation":0,"texture":"#0","tintindex":0}}},{"from":[7.142857,4.0,5.714286],"to":[7.714286,4.5714283,6.857143],"rotation":{"angle":0.0,"axis":"y","origin":[9.428572,1.7142854,6.857143]},"faces":{"east":{"uv":[5.125,6.375,4.875,6.5],"rotation":0,"texture":"#0","tintindex":0},"south":{"uv":[6.0,6.5,5.875,6.625],"rotation":0,"texture":"#0","tintindex":0},"north":{"uv":[6.25,2.875,6.125,3.0],"rotation":0,"texture":"#0","tintindex":0},"west":{"uv":[4.875,6.375,4.625,6.5],"rotation":0,"texture":"#0","tintindex":0},"up":{"uv":[7.0,5.75,7.125,5.5],"rotation":0,"texture":"#0","tintindex":0},"down":{"uv":[2.5,7.5,2.625,7.75],"rotation":0,"texture":"#0","tintindex":0}}}],"textures":{"0":"modelengine:entity/wizard"},"display":{"head":{"translation":[0.0,-6.4,0.0],"scale":[4.0,4.0,4.0]}}}