{"elements":[{"from":[4.0,9.714286,5.714286],"to":[10.857143,13.142858,10.857143],"rotation":{"angle":0.0,"axis":"y","origin":[7.428571,8.571428,8.0]},"faces":{"east":{"uv":[6.0,5.875,7.125,6.625],"rotation":0,"texture":"#0","tintindex":0},"south":{"uv":[4.25,2.25,5.75,3.0],"rotation":0,"texture":"#0","tintindex":0},"north":{"uv":[3.75,3.5,5.25,4.25],"rotation":0,"texture":"#0","tintindex":0},"west":{"uv":[6.25,2.875,7.375,3.625],"rotation":0,"texture":"#0","tintindex":0},"up":{"uv":[3.25,1.125,1.75,0.0],"rotation":0,"texture":"#0","tintindex":0},"down":{"uv":[3.25,1.125,1.75,2.25],"rotation":0,"texture":"#0","tintindex":0}}},{"from":[5.142857,6.285714,6.285714],"to":[9.714286,11.428572,10.285714],"rotation":{"angle":0.0,"axis":"y","origin":[7.428571,10.285714,8.0]},"faces":{"east":{"uv":[5.125,5.375,6.0,6.5],"rotation":0,"texture":"#0","tintindex":0},"south":{"uv":[4.5,0.0,5.5,1.125],"rotation":0,"texture":"#0","tintindex":0},"north":{"uv":[3.75,4.25,4.75,5.375],"rotation":0,"texture":"#0","tintindex":0},"west":{"uv":[5.5,0.0,6.375,1.125],"rotation":0,"texture":"#0","tintindex":0},"up":{"uv":[2.125,6.75,1.125,5.875],"rotation":0,"texture":"#0","tintindex":0},"down":{"uv":[7.0,5.0,6.0,5.875],"rotation":0,"texture":"#0","tintindex":0}}},{"from":[4.0,2.8571424,10.857143],"to":[7.428571,10.285714,10.857143],"rotation":{"angle":0.0,"axis":"y","origin":[7.428571,8.571428,13.714286]},"faces":{"east":{"uv":[0.0,0.0,0.0,1.625],"rotation":0,"texture":"#0","tintindex":0},"south":{"uv":[3.0,3.5,3.75,5.125],"rotation":0,"texture":"#0","tintindex":0},"north":{"uv":[2.25,3.5,3.0,5.125],"rotation":0,"texture":"#0","tintindex":0},"west":{"uv":[0.0,0.0,0.0,1.625],"rotation":0,"texture":"#0","tintindex":0},"up":{"uv":[0.75,0.0,0.0,0.0],"rotation":0,"texture":"#0","tintindex":0},"down":{"uv":[0.75,0.0,0.0,0.0],"rotation":0,"texture":"#0","tintindex":0}}}],"textures":{"0":"modelengine:entity/wizard"},"display":{"head":{"translation":[0.0,-6.4,0.0],"scale":[4.0,4.0,4.0]}}}