{"elements":[{"from":[6.857143,5.714286,6.857143],"to":[8.571428,9.142858,9.142858],"rotation":{"angle":0.0,"axis":"y","origin":[7.714286,7.428571,8.0]},"faces":{"east":{"uv":[1.0,8.5,0.0,10.0],"rotation":0,"texture":"#7","tintindex":0},"south":{"uv":[10.5,5.0,9.75,6.5],"rotation":0,"texture":"#7","tintindex":0},"north":{"uv":[7.5,9.5,6.75,11.0],"rotation":0,"texture":"#7","tintindex":0},"west":{"uv":[7.5,8.0,6.5,9.5],"rotation":0,"texture":"#7","tintindex":0},"up":{"uv":[10.5,9.0,11.25,8.0],"rotation":0,"texture":"#7","tintindex":0},"down":{"uv":[10.5,9.0,11.25,10.0],"rotation":0,"texture":"#7","tintindex":0}}}],"textures":{"7":"modelengine:entity/guardyellow"},"display":{"head":{"translation":[0.0,-6.4,0.0],"scale":[4.0,4.0,4.0]}}}