{"elements":[{"from":[7.428571,5.714286,6.857143],"to":[9.142858,9.142858,9.142858],"rotation":{"angle":0.0,"axis":"y","origin":[8.285714,7.428571,8.0]},"faces":{"east":{"uv":[6.5,8.0,7.5,9.5],"rotation":0,"texture":"#7","tintindex":0},"south":{"uv":[9.75,5.0,10.5,6.5],"rotation":0,"texture":"#7","tintindex":0},"north":{"uv":[6.75,9.5,7.5,11.0],"rotation":0,"texture":"#7","tintindex":0},"west":{"uv":[0.0,8.5,1.0,10.0],"rotation":0,"texture":"#7","tintindex":0},"up":{"uv":[11.25,9.0,10.5,8.0],"rotation":0,"texture":"#7","tintindex":0},"down":{"uv":[11.25,9.0,10.5,10.0],"rotation":0,"texture":"#7","tintindex":0}}}],"textures":{"7":"modelengine:entity/guardyellow"},"display":{"head":{"translation":[0.0,-6.4,0.0],"scale":[4.0,4.0,4.0]}}}