{"elements":[{"from":[7.2209144,-2.0260868,7.222857],"to":[8.7752,15.8482,8.777143],"rotation":{"angle":0.0,"axis":"y","origin":[7.9980574,6.9110565,8.0]},"faces":{"east":{"uv":[3.5,5.5,4.0,11.25],"rotation":0,"texture":"#0","tintindex":0},"south":{"uv":[4.25,5.5,4.75,11.25],"rotation":0,"texture":"#0","tintindex":0},"north":{"uv":[6.25,4.75,6.75,10.5],"rotation":0,"texture":"#0","tintindex":0},"west":{"uv":[5.5,4.75,6.0,10.5],"rotation":0,"texture":"#0","tintindex":0},"up":{"uv":[3.25,11.25,2.75,10.75],"rotation":90,"texture":"#0","tintindex":0},"down":{"uv":[11.0,12.25,10.5,12.75],"rotation":270,"texture":"#0","tintindex":0}}},{"from":[6.8323426,4.1910563,6.8342857],"to":[9.163772,5.7453423,9.165714],"rotation":{"angle":0.0,"axis":"y","origin":[7.9980574,4.9681993,8.0]},"faces":{"east":{"uv":[11.75,9.75,12.5,10.25],"rotation":0,"texture":"#0","tintindex":0},"south":{"uv":[9.5,12.25,10.25,12.75],"rotation":0,"texture":"#0","tintindex":0},"north":{"uv":[12.25,11.25,13.0,11.75],"rotation":0,"texture":"#0","tintindex":0},"west":{"uv":[12.25,10.5,13.0,11.0],"rotation":0,"texture":"#0","tintindex":0},"up":{"uv":[11.75,0.75,11.0,0.0],"rotation":90,"texture":"#0","tintindex":0},"down":{"uv":[11.75,1.0,11.0,1.75],"rotation":270,"texture":"#0","tintindex":0}}},{"from":[6.8323426,11.185343,6.8342857],"to":[9.163772,12.739628,9.165714],"rotation":{"angle":0.0,"axis":"y","origin":[7.9980574,11.962485,8.0]},"faces":{"east":{"uv":[11.75,9.75,12.5,10.25],"rotation":0,"texture":"#0","tintindex":0},"south":{"uv":[9.5,12.25,10.25,12.75],"rotation":0,"texture":"#0","tintindex":0},"north":{"uv":[12.25,11.25,13.0,11.75],"rotation":0,"texture":"#0","tintindex":0},"west":{"uv":[12.25,10.5,13.0,11.0],"rotation":0,"texture":"#0","tintindex":0},"up":{"uv":[11.75,0.75,11.0,0.0],"rotation":90,"texture":"#0","tintindex":0},"down":{"uv":[11.75,1.0,11.0,1.75],"rotation":270,"texture":"#0","tintindex":0}}},{"from":[6.8323426,-3.5803728,6.8342857],"to":[9.163772,-2.0260868,9.165714],"rotation":{"angle":0.0,"axis":"y","origin":[7.9980574,-2.8032293,8.0]},"faces":{"east":{"uv":[12.25,12.0,13.0,12.5],"rotation":0,"texture":"#0","tintindex":0},"south":{"uv":[2.75,12.5,3.5,13.0],"rotation":0,"texture":"#0","tintindex":0},"north":{"uv":[12.5,5.0,13.25,5.5],"rotation":0,"texture":"#0","tintindex":0},"west":{"uv":[3.75,12.5,4.5,13.0],"rotation":0,"texture":"#0","tintindex":0},"up":{"uv":[11.75,2.75,11.0,2.0],"rotation":90,"texture":"#0","tintindex":0},"down":{"uv":[7.75,11.25,7.0,12.0],"rotation":270,"texture":"#0","tintindex":0}}},{"from":[7.9980574,-7.4660873,6.0571427],"to":[7.9980574,-3.5803728,9.942858],"rotation":{"angle":0.0,"axis":"y","origin":[7.9980574,-5.5232296,8.0]},"faces":{"east":{"uv":[7.5,1.5,8.75,2.75],"rotation":0,"texture":"#0","tintindex":0},"south":{"uv":[12.5,12.75,12.5,14.0],"rotation":0,"texture":"#0","tintindex":0},"north":{"uv":[12.75,12.75,12.75,14.0],"rotation":0,"texture":"#0","tintindex":0},"west":{"uv":[8.75,1.5,7.5,2.75],"rotation":0,"texture":"#0","tintindex":0},"up":{"uv":[8.75,4.5,7.5,4.5],"rotation":90,"texture":"#0","tintindex":0},"down":{"uv":[14.0,10.25,12.75,10.25],"rotation":270,"texture":"#0","tintindex":0}}},{"from":[6.8323426,14.910109,6.8342857],"to":[9.163772,17.241539,9.165714],"rotation":{"angle":-45.0,"axis":"x","origin":[7.9980574,16.075825,8.0]},"faces":{"east":{"uv":[1.75,10.75,2.5,11.5],"rotation":0,"texture":"#0","tintindex":0},"south":{"uv":[10.75,3.5,11.5,4.25],"rotation":0,"texture":"#0","tintindex":0},"north":{"uv":[5.0,10.75,5.75,11.5],"rotation":0,"texture":"#0","tintindex":0},"west":{"uv":[10.75,4.5,11.5,5.25],"rotation":0,"texture":"#0","tintindex":0},"up":{"uv":[11.5,6.25,10.75,5.5],"rotation":90,"texture":"#0","tintindex":0},"down":{"uv":[6.75,10.75,6.0,11.5],"rotation":270,"texture":"#0","tintindex":0}}},{"from":[7.240343,16.478199,4.394764],"to":[8.755772,21.141056,5.94905],"rotation":{"angle":0.0,"axis":"y","origin":[7.9980574,18.809628,5.171907]},"faces":{"east":{"uv":[10.0,3.5,10.5,5.0],"rotation":0,"texture":"#0","tintindex":0},"south":{"uv":[10.0,5.25,10.5,6.75],"rotation":0,"texture":"#0","tintindex":0},"north":{"uv":[10.0,8.75,10.5,10.25],"rotation":0,"texture":"#0","tintindex":0},"west":{"uv":[10.5,3.5,10.0,5.0],"rotation":0,"texture":"#0","tintindex":0},"up":{"uv":[1.5,13.0,1.0,12.5],"rotation":90,"texture":"#0","tintindex":0},"down":{"uv":[13.0,8.75,12.5,9.25],"rotation":270,"texture":"#0","tintindex":0}}},{"from":[6.0552,14.923913,-1.0452366],"to":[9.940914,22.695341,4.394764],"rotation":{"angle":0.0,"axis":"y","origin":[7.9980574,18.809628,1.6747642]},"faces":{"east":{"uv":[0.0,0.0,1.75,2.5],"rotation":0,"texture":"#0","tintindex":0},"south":{"uv":[4.0,0.0,5.25,2.5],"rotation":0,"texture":"#0","tintindex":0},"north":{"uv":[4.0,2.75,5.25,5.25],"rotation":0,"texture":"#0","tintindex":0},"west":{"uv":[1.75,0.0,0.0,2.5],"rotation":0,"texture":"#0","tintindex":0},"up":{"uv":[8.75,1.25,7.0,0.0],"rotation":90,"texture":"#0","tintindex":0},"down":{"uv":[8.75,4.75,7.0,6.0],"rotation":270,"texture":"#0","tintindex":0}}},{"from":[6.8323426,21.188194,0.26190805],"to":[9.163772,25.851051,2.5933366],"rotation":{"angle":45.0,"axis":"x","origin":[7.9980574,23.519623,1.4276223]},"faces":{"east":{"uv":[7.0,7.75,7.75,9.25],"rotation":0,"texture":"#0","tintindex":0},"south":{"uv":[8.0,7.75,8.75,9.25],"rotation":0,"texture":"#0","tintindex":0},"north":{"uv":[9.0,0.0,9.75,1.5],"rotation":0,"texture":"#0","tintindex":0},"west":{"uv":[7.75,7.75,7.0,9.25],"rotation":0,"texture":"#0","tintindex":0},"up":{"uv":[3.5,12.25,2.75,11.5],"rotation":90,"texture":"#0","tintindex":0},"down":{"uv":[4.5,11.5,3.75,12.25],"rotation":270,"texture":"#0","tintindex":0}}},{"from":[6.8323426,11.768202,0.2619052],"to":[9.163772,16.43106,2.5933337],"rotation":{"angle":-45.0,"axis":"x","origin":[7.9980574,14.09963,1.4276195]},"faces":{"east":{"uv":[7.0,9.25,7.75,7.75],"rotation":0,"texture":"#0","tintindex":0},"south":{"uv":[8.0,9.25,8.75,7.75],"rotation":0,"texture":"#0","tintindex":0},"north":{"uv":[9.0,1.5,9.75,0.0],"rotation":0,"texture":"#0","tintindex":0},"west":{"uv":[7.75,9.25,7.0,7.75],"rotation":0,"texture":"#0","tintindex":0},"up":{"uv":[3.75,11.5,4.5,12.25],"rotation":270,"texture":"#0","tintindex":0},"down":{"uv":[2.75,12.25,3.5,11.5],"rotation":90,"texture":"#0","tintindex":0}}},{"from":[7.240343,16.478199,10.05095],"to":[8.755772,21.141056,11.605236],"rotation":{"angle":0.0,"axis":"y","origin":[7.9980574,18.809628,10.828093]},"faces":{"east":{"uv":[10.5,3.5,10.0,5.0],"rotation":0,"texture":"#0","tintindex":0},"south":{"uv":[10.5,8.75,10.0,10.25],"rotation":0,"texture":"#0","tintindex":0},"north":{"uv":[10.5,5.25,10.0,6.75],"rotation":0,"texture":"#0","tintindex":0},"west":{"uv":[10.0,3.5,10.5,5.0],"rotation":0,"texture":"#0","tintindex":0},"up":{"uv":[1.0,13.0,1.5,12.5],"rotation":90,"texture":"#0","tintindex":0},"down":{"uv":[12.5,8.75,13.0,9.25],"rotation":270,"texture":"#0","tintindex":0}}},{"from":[6.0552,14.923913,11.605236],"to":[9.940914,22.695341,17.045237],"rotation":{"angle":0.0,"axis":"y","origin":[7.9980574,18.809628,14.325235]},"faces":{"east":{"uv":[1.75,0.0,0.0,2.5],"rotation":0,"texture":"#0","tintindex":0},"south":{"uv":[5.25,2.75,4.0,5.25],"rotation":0,"texture":"#0","tintindex":0},"north":{"uv":[5.25,0.0,4.0,2.5],"rotation":0,"texture":"#0","tintindex":0},"west":{"uv":[0.0,0.0,1.75,2.5],"rotation":0,"texture":"#0","tintindex":0},"up":{"uv":[7.0,1.25,8.75,0.0],"rotation":90,"texture":"#0","tintindex":0},"down":{"uv":[7.0,4.75,8.75,6.0],"rotation":270,"texture":"#0","tintindex":0}}},{"from":[6.8323426,21.188194,13.406664],"to":[9.163772,25.851051,15.738092],"rotation":{"angle":-45.0,"axis":"x","origin":[7.9980574,23.519623,14.572378]},"faces":{"east":{"uv":[7.75,7.75,7.0,9.25],"rotation":0,"texture":"#0","tintindex":0},"south":{"uv":[9.75,0.0,9.0,1.5],"rotation":0,"texture":"#0","tintindex":0},"north":{"uv":[8.75,7.75,8.0,9.25],"rotation":0,"texture":"#0","tintindex":0},"west":{"uv":[7.0,7.75,7.75,9.25],"rotation":0,"texture":"#0","tintindex":0},"up":{"uv":[2.75,12.25,3.5,11.5],"rotation":90,"texture":"#0","tintindex":0},"down":{"uv":[3.75,11.5,4.5,12.25],"rotation":270,"texture":"#0","tintindex":0}}},{"from":[6.8323426,11.768202,13.406666],"to":[9.163772,16.43106,15.738094],"rotation":{"angle":45.0,"axis":"x","origin":[7.9980574,14.09963,14.57238]},"faces":{"east":{"uv":[7.75,9.25,7.0,7.75],"rotation":0,"texture":"#0","tintindex":0},"south":{"uv":[9.75,1.5,9.0,0.0],"rotation":0,"texture":"#0","tintindex":0},"north":{"uv":[8.75,9.25,8.0,7.75],"rotation":0,"texture":"#0","tintindex":0},"west":{"uv":[7.0,9.25,7.75,7.75],"rotation":0,"texture":"#0","tintindex":0},"up":{"uv":[4.5,11.5,3.75,12.25],"rotation":270,"texture":"#0","tintindex":0},"down":{"uv":[3.5,12.25,2.75,11.5],"rotation":90,"texture":"#0","tintindex":0}}},{"from":[6.8323426,16.283916,5.2995267],"to":[9.163772,18.615345,6.853812],"rotation":{"angle":-45.0,"axis":"x","origin":[7.9980574,17.44963,6.0766697]},"faces":{"east":{"uv":[6.5,12.25,7.0,13.0],"rotation":0,"texture":"#0","tintindex":0},"south":{"uv":[10.75,8.5,11.5,9.25],"rotation":0,"texture":"#0","tintindex":0},"north":{"uv":[10.75,9.5,11.5,10.25],"rotation":0,"texture":"#0","tintindex":0},"west":{"uv":[7.25,12.25,7.75,13.0],"rotation":0,"texture":"#0","tintindex":0},"up":{"uv":[8.5,13.0,8.0,12.25],"rotation":90,"texture":"#0","tintindex":0},"down":{"uv":[9.25,12.25,8.75,13.0],"rotation":270,"texture":"#0","tintindex":0}}},{"from":[6.8323426,16.283916,9.146188],"to":[9.163772,18.615345,10.700474],"rotation":{"angle":45.0,"axis":"x","origin":[7.9980574,17.44963,9.92333]},"faces":{"east":{"uv":[11.75,8.75,12.25,9.5],"rotation":0,"texture":"#0","tintindex":0},"south":{"uv":[10.75,6.5,11.5,7.25],"rotation":0,"texture":"#0","tintindex":0},"north":{"uv":[10.75,7.5,11.5,8.25],"rotation":0,"texture":"#0","tintindex":0},"west":{"uv":[12.0,0.0,12.5,0.75],"rotation":0,"texture":"#0","tintindex":0},"up":{"uv":[12.5,1.75,12.0,1.0],"rotation":90,"texture":"#0","tintindex":0},"down":{"uv":[12.5,2.0,12.0,2.75],"rotation":270,"texture":"#0","tintindex":0}}},{"from":[7.2209144,17.457375,5.2680826],"to":[8.7752,20.565945,6.0452256],"rotation":{"angle":22.5,"axis":"x","origin":[7.9980574,19.01166,5.656654]},"faces":{"east":{"uv":[7.0,1.5,7.25,2.5],"rotation":0,"texture":"#0","tintindex":0},"south":{"uv":[11.75,6.25,12.25,7.25],"rotation":0,"texture":"#0","tintindex":0},"north":{"uv":[11.75,7.5,12.25,8.5],"rotation":0,"texture":"#0","tintindex":0},"west":{"uv":[5.0,8.0,5.25,9.0],"rotation":0,"texture":"#0","tintindex":0},"up":{"uv":[13.0,10.0,12.75,9.5],"rotation":90,"texture":"#0","tintindex":0},"down":{"uv":[12.25,12.75,12.0,13.25],"rotation":270,"texture":"#0","tintindex":0}}},{"from":[7.2597713,20.298935,5.8333025],"to":[8.7752,21.853222,6.610445],"rotation":{"angle":0.0,"axis":"y","origin":[8.017486,21.076078,6.2218738]},"faces":{"east":{"uv":[12.75,3.0,13.0,3.5],"rotation":0,"texture":"#0","tintindex":0},"south":{"uv":[12.75,0.0,13.25,0.5],"rotation":0,"texture":"#0","tintindex":0},"north":{"uv":[12.75,0.75,13.25,1.25],"rotation":0,"texture":"#0","tintindex":0},"west":{"uv":[12.75,3.75,13.0,4.25],"rotation":0,"texture":"#0","tintindex":0},"up":{"uv":[5.0,13.25,4.75,12.75],"rotation":90,"texture":"#0","tintindex":0},"down":{"uv":[5.5,12.75,5.25,13.25],"rotation":270,"texture":"#0","tintindex":0}}},{"from":[7.2597713,20.298935,9.389555],"to":[8.7752,21.853222,10.1666975],"rotation":{"angle":0.0,"axis":"y","origin":[8.017486,21.076078,9.778126]},"faces":{"east":{"uv":[13.0,3.0,12.75,3.5],"rotation":0,"texture":"#0","tintindex":0},"south":{"uv":[13.25,0.75,12.75,1.25],"rotation":0,"texture":"#0","tintindex":0},"north":{"uv":[13.25,0.0,12.75,0.5],"rotation":0,"texture":"#0","tintindex":0},"west":{"uv":[13.0,3.75,12.75,4.25],"rotation":0,"texture":"#0","tintindex":0},"up":{"uv":[4.75,13.25,5.0,12.75],"rotation":90,"texture":"#0","tintindex":0},"down":{"uv":[5.25,12.75,5.5,13.25],"rotation":270,"texture":"#0","tintindex":0}}},{"from":[7.2209144,17.457375,9.954775],"to":[8.7752,20.565945,10.731917],"rotation":{"angle":-22.5,"axis":"x","origin":[7.9980574,19.01166,10.343346]},"faces":{"east":{"uv":[7.25,1.5,7.0,2.5],"rotation":0,"texture":"#0","tintindex":0},"south":{"uv":[12.25,7.5,11.75,8.5],"rotation":0,"texture":"#0","tintindex":0},"north":{"uv":[12.25,6.25,11.75,7.25],"rotation":0,"texture":"#0","tintindex":0},"west":{"uv":[5.25,8.0,5.0,9.0],"rotation":0,"texture":"#0","tintindex":0},"up":{"uv":[12.75,10.0,13.0,9.5],"rotation":90,"texture":"#0","tintindex":0},"down":{"uv":[12.0,12.75,12.25,13.25],"rotation":270,"texture":"#0","tintindex":0}}}],"textures":{"0":"modelengine:entity/paladin_hammer_fx"},"display":{"head":{"translation":[0.0,-6.4,0.0],"scale":[4.0,4.0,4.0]}}}