{"elements":[{"from":[6.285714,3.6937075,5.591749],"to":[9.714286,9.407993,10.1631775],"rotation":{"angle":0.0,"axis":"y","origin":[9.428572,9.122279,8.1631775]},"faces":{"east":{"uv":[6.375,2.75,5.375,4.0],"rotation":0,"texture":"#0","tintindex":0},"south":{"uv":[3.5,6.5,2.75,7.75],"rotation":0,"texture":"#0","tintindex":0},"north":{"uv":[2.75,6.5,2.0,7.75],"rotation":0,"texture":"#0","tintindex":0},"west":{"uv":[6.0,1.5,5.0,2.75],"rotation":0,"texture":"#0","tintindex":0},"up":{"uv":[7.25,4.375,8.0,3.375],"rotation":0,"texture":"#0","tintindex":0},"down":{"uv":[7.375,6.375,8.125,7.375],"rotation":0,"texture":"#0","tintindex":0}}},{"from":[8.906164,3.6937075,9.828443],"to":[8.906164,9.407993,12.114157],"rotation":{"angle":-45.0,"axis":"y","origin":[8.906164,6.5508504,10.9713]},"faces":{"east":{"uv":[8.5,8.0,8.0,9.25],"rotation":0,"texture":"#0","tintindex":0},"south":{"uv":[0.0,0.0,0.0,1.25],"rotation":0,"texture":"#0","tintindex":0},"north":{"uv":[0.0,0.0,0.0,1.25],"rotation":0,"texture":"#0","tintindex":0},"west":{"uv":[3.5,7.75,3.0,9.0],"rotation":0,"texture":"#0","tintindex":0},"up":{"uv":[0.0,0.5,0.0,0.0],"rotation":0,"texture":"#0","tintindex":0},"down":{"uv":[0.0,0.0,0.0,0.5],"rotation":0,"texture":"#0","tintindex":0}}}],"textures":{"0":"modelengine:entity/kur"},"display":{"head":{"translation":[0.0,-6.4,0.0],"scale":[4.0,4.0,4.0]}}}