{"elements":[{"from":[7.428571,6.0,6.0],"to":[10.285714,11.142858,10.0],"rotation":{"angle":0.0,"axis":"y","origin":[5.714286,8.571428,9.142858]},"faces":{"east":{"uv":[7.25,2.625,6.375,3.75],"rotation":0,"texture":"#0","tintindex":0},"south":{"uv":[8.375,0.0,7.75,1.125],"rotation":0,"texture":"#0","tintindex":0},"north":{"uv":[8.25,1.5,7.625,2.625],"rotation":0,"texture":"#0","tintindex":0},"west":{"uv":[6.875,1.5,6.0,2.625],"rotation":0,"texture":"#0","tintindex":0},"up":{"uv":[8.125,7.25,8.75,6.375],"rotation":0,"texture":"#0","tintindex":0},"down":{"uv":[0.0,8.25,0.625,9.125],"rotation":0,"texture":"#0","tintindex":0}}},{"from":[9.714286,7.142857,5.428571],"to":[10.857143,12.285715,9.428572],"rotation":{"angle":0.0,"axis":"y","origin":[5.714286,8.571428,9.142858]},"faces":{"east":{"uv":[4.875,6.375,4.0,7.5],"rotation":0,"texture":"#0","tintindex":0},"south":{"uv":[6.625,9.375,6.375,10.5],"rotation":0,"texture":"#0","tintindex":0},"north":{"uv":[4.625,9.375,4.375,10.5],"rotation":0,"texture":"#0","tintindex":0},"west":{"uv":[7.25,3.75,6.375,4.875],"rotation":0,"texture":"#0","tintindex":0},"up":{"uv":[5.625,10.625,5.875,9.75],"rotation":0,"texture":"#0","tintindex":0},"down":{"uv":[0.0,9.875,0.25,10.75],"rotation":0,"texture":"#0","tintindex":0}}},{"from":[10.857143,10.0,6.5714283],"to":[12.571428,11.714286,6.5714283],"rotation":{"angle":0.0,"axis":"y","origin":[5.714286,8.571428,9.142858]},"faces":{"east":{"uv":[0.0,0.0,0.0,0.375],"rotation":0,"texture":"#0","tintindex":0},"south":{"uv":[0.875,10.0,0.5,10.375],"rotation":0,"texture":"#0","tintindex":0},"north":{"uv":[10.25,9.25,9.875,9.625],"rotation":0,"texture":"#0","tintindex":0},"west":{"uv":[0.0,0.0,0.0,0.375],"rotation":0,"texture":"#0","tintindex":0},"up":{"uv":[0.0,0.0,0.375,0.0],"rotation":0,"texture":"#0","tintindex":0},"down":{"uv":[0.0,0.0,0.375,0.0],"rotation":0,"texture":"#0","tintindex":0}}},{"from":[10.857143,10.855769,5.691296],"to":[12.571428,10.855769,7.405582],"rotation":{"angle":0.0,"axis":"y","origin":[11.714286,4.855769,28.11987]},"faces":{"east":{"uv":[0.375,0.0,0.0,0.0],"rotation":0,"texture":"#0","tintindex":0},"south":{"uv":[0.375,0.0,0.0,0.0],"rotation":0,"texture":"#0","tintindex":0},"north":{"uv":[0.375,0.0,0.0,0.0],"rotation":0,"texture":"#0","tintindex":0},"west":{"uv":[0.375,0.0,0.0,0.0],"rotation":0,"texture":"#0","tintindex":0},"up":{"uv":[10.0,2.25,10.375,1.875],"rotation":0,"texture":"#0","tintindex":0},"down":{"uv":[10.0,2.625,10.375,3.0],"rotation":0,"texture":"#0","tintindex":0}}},{"from":[10.857143,9.712912,7.405582],"to":[12.571428,9.712912,9.119867],"rotation":{"angle":0.0,"axis":"y","origin":[11.714286,4.855769,28.11987]},"faces":{"east":{"uv":[0.375,0.0,0.0,0.0],"rotation":0,"texture":"#0","tintindex":0},"south":{"uv":[0.375,0.0,0.0,0.0],"rotation":0,"texture":"#0","tintindex":0},"north":{"uv":[0.375,0.0,0.0,0.0],"rotation":0,"texture":"#0","tintindex":0},"west":{"uv":[0.375,0.0,0.0,0.0],"rotation":0,"texture":"#0","tintindex":0},"up":{"uv":[10.0,4.625,10.375,4.25],"rotation":0,"texture":"#0","tintindex":0},"down":{"uv":[4.625,10.0,5.0,10.375],"rotation":0,"texture":"#0","tintindex":0}}},{"from":[10.857143,8.857143,8.285714],"to":[12.571428,10.571428,8.285714],"rotation":{"angle":0.0,"axis":"y","origin":[5.714286,8.571428,9.142858]},"faces":{"east":{"uv":[0.0,0.0,0.0,0.375],"rotation":0,"texture":"#0","tintindex":0},"south":{"uv":[10.375,5.0,10.0,5.375],"rotation":0,"texture":"#0","tintindex":0},"north":{"uv":[10.375,4.625,10.0,5.0],"rotation":0,"texture":"#0","tintindex":0},"west":{"uv":[0.0,0.0,0.0,0.375],"rotation":0,"texture":"#0","tintindex":0},"up":{"uv":[0.0,0.0,0.375,0.0],"rotation":0,"texture":"#0","tintindex":0},"down":{"uv":[0.0,0.0,0.375,0.0],"rotation":0,"texture":"#0","tintindex":0}}},{"from":[10.108141,11.980043,5.428571],"to":[11.250998,14.265758,8.285714],"rotation":{"angle":-22.5,"axis":"z","origin":[10.679569,13.1229,6.857143]},"faces":{"east":{"uv":[9.875,4.0,9.25,4.5],"rotation":0,"texture":"#0","tintindex":0},"south":{"uv":[6.875,10.0,6.625,10.5],"rotation":0,"texture":"#0","tintindex":0},"north":{"uv":[7.5,4.375,7.25,4.875],"rotation":0,"texture":"#0","tintindex":0},"west":{"uv":[9.875,2.25,9.25,2.75],"rotation":0,"texture":"#0","tintindex":0},"up":{"uv":[7.125,8.5,7.375,7.875],"rotation":0,"texture":"#0","tintindex":0},"down":{"uv":[0.25,9.875,0.5,10.5],"rotation":0,"texture":"#0","tintindex":0}}},{"from":[9.739023,6.0,9.891256],"to":[9.739023,11.142858,12.7484],"rotation":{"angle":-22.5,"axis":"y","origin":[9.739023,8.571428,11.319828]},"faces":{"east":{"uv":[2.0,7.75,1.375,8.875],"rotation":0,"texture":"#0","tintindex":0},"south":{"uv":[0.0,0.0,0.0,1.125],"rotation":0,"texture":"#0","tintindex":0},"north":{"uv":[0.0,0.0,0.0,1.125],"rotation":0,"texture":"#0","tintindex":0},"west":{"uv":[1.375,7.75,0.75,8.875],"rotation":0,"texture":"#0","tintindex":0},"up":{"uv":[0.0,0.625,0.0,0.0],"rotation":0,"texture":"#0","tintindex":0},"down":{"uv":[0.0,0.0,0.0,0.625],"rotation":0,"texture":"#0","tintindex":0}}},{"from":[8.0,4.285714,7.142857],"to":[10.285714,6.0,10.0],"rotation":{"angle":0.0,"axis":"y","origin":[5.714286,4.5714283,9.142858]},"faces":{"east":{"uv":[10.25,0.0,9.625,0.375],"rotation":0,"texture":"#0","tintindex":0},"south":{"uv":[10.375,2.25,9.875,2.625],"rotation":0,"texture":"#0","tintindex":0},"north":{"uv":[2.375,9.875,1.875,10.25],"rotation":0,"texture":"#0","tintindex":0},"west":{"uv":[10.0,1.875,9.375,2.25],"rotation":0,"texture":"#0","tintindex":0},"up":{"uv":[9.25,6.0,9.75,5.375],"rotation":0,"texture":"#0","tintindex":0},"down":{"uv":[8.0,9.25,8.5,9.875],"rotation":0,"texture":"#0","tintindex":0}}}],"textures":{"0":"modelengine:entity/kur"},"display":{"head":{"translation":[0.0,-6.4,0.0],"scale":[4.0,4.0,4.0]}}}