{"elements":[{"from":[5.714286,6.0,6.0],"to":[8.571428,11.142858,10.0],"rotation":{"angle":0.0,"axis":"y","origin":[10.285714,8.571428,9.142858]},"faces":{"east":{"uv":[6.0,1.5,6.875,2.625],"rotation":0,"texture":"#0","tintindex":0},"south":{"uv":[7.75,0.0,8.375,1.125],"rotation":0,"texture":"#0","tintindex":0},"north":{"uv":[7.625,1.5,8.25,2.625],"rotation":0,"texture":"#0","tintindex":0},"west":{"uv":[6.375,2.625,7.25,3.75],"rotation":0,"texture":"#0","tintindex":0},"up":{"uv":[8.75,7.25,8.125,6.375],"rotation":0,"texture":"#0","tintindex":0},"down":{"uv":[0.625,8.25,0.0,9.125],"rotation":0,"texture":"#0","tintindex":0}}},{"from":[5.142857,7.142857,5.428571],"to":[6.285714,12.285715,9.428572],"rotation":{"angle":0.0,"axis":"y","origin":[10.285714,8.571428,9.142858]},"faces":{"east":{"uv":[6.375,3.75,7.25,4.875],"rotation":0,"texture":"#0","tintindex":0},"south":{"uv":[6.375,9.375,6.625,10.5],"rotation":0,"texture":"#0","tintindex":0},"north":{"uv":[4.375,9.375,4.625,10.5],"rotation":0,"texture":"#0","tintindex":0},"west":{"uv":[4.0,6.375,4.875,7.5],"rotation":0,"texture":"#0","tintindex":0},"up":{"uv":[5.875,10.625,5.625,9.75],"rotation":0,"texture":"#0","tintindex":0},"down":{"uv":[0.25,9.875,0.0,10.75],"rotation":0,"texture":"#0","tintindex":0}}},{"from":[3.4285712,10.0,6.5714283],"to":[5.142857,11.714286,6.5714283],"rotation":{"angle":0.0,"axis":"y","origin":[10.285714,8.571428,9.142858]},"faces":{"east":{"uv":[0.0,0.0,0.0,0.375],"rotation":0,"texture":"#0","tintindex":0},"south":{"uv":[0.5,10.0,0.875,10.375],"rotation":0,"texture":"#0","tintindex":0},"north":{"uv":[9.875,9.25,10.25,9.625],"rotation":0,"texture":"#0","tintindex":0},"west":{"uv":[0.0,0.0,0.0,0.375],"rotation":0,"texture":"#0","tintindex":0},"up":{"uv":[0.375,0.0,0.0,0.0],"rotation":0,"texture":"#0","tintindex":0},"down":{"uv":[0.375,0.0,0.0,0.0],"rotation":0,"texture":"#0","tintindex":0}}},{"from":[3.4285712,10.855769,5.691296],"to":[5.142857,10.855769,7.405582],"rotation":{"angle":0.0,"axis":"y","origin":[4.285714,4.855769,28.11987]},"faces":{"east":{"uv":[0.0,0.0,0.375,0.0],"rotation":0,"texture":"#0","tintindex":0},"south":{"uv":[0.0,0.0,0.375,0.0],"rotation":0,"texture":"#0","tintindex":0},"north":{"uv":[0.0,0.0,0.375,0.0],"rotation":0,"texture":"#0","tintindex":0},"west":{"uv":[0.0,0.0,0.375,0.0],"rotation":0,"texture":"#0","tintindex":0},"up":{"uv":[10.375,2.25,10.0,1.875],"rotation":0,"texture":"#0","tintindex":0},"down":{"uv":[10.375,2.625,10.0,3.0],"rotation":0,"texture":"#0","tintindex":0}}},{"from":[3.4285712,9.712912,7.405582],"to":[5.142857,9.712912,9.119867],"rotation":{"angle":0.0,"axis":"y","origin":[4.285714,4.855769,28.11987]},"faces":{"east":{"uv":[0.0,0.0,0.375,0.0],"rotation":0,"texture":"#0","tintindex":0},"south":{"uv":[0.0,0.0,0.375,0.0],"rotation":0,"texture":"#0","tintindex":0},"north":{"uv":[0.0,0.0,0.375,0.0],"rotation":0,"texture":"#0","tintindex":0},"west":{"uv":[0.0,0.0,0.375,0.0],"rotation":0,"texture":"#0","tintindex":0},"up":{"uv":[10.375,4.625,10.0,4.25],"rotation":0,"texture":"#0","tintindex":0},"down":{"uv":[5.0,10.0,4.625,10.375],"rotation":0,"texture":"#0","tintindex":0}}},{"from":[3.4285712,8.857143,8.285714],"to":[5.142857,10.571428,8.285714],"rotation":{"angle":0.0,"axis":"y","origin":[10.285714,8.571428,9.142858]},"faces":{"east":{"uv":[0.0,0.0,0.0,0.375],"rotation":0,"texture":"#0","tintindex":0},"south":{"uv":[10.0,5.0,10.375,5.375],"rotation":0,"texture":"#0","tintindex":0},"north":{"uv":[10.0,4.625,10.375,5.0],"rotation":0,"texture":"#0","tintindex":0},"west":{"uv":[0.0,0.0,0.0,0.375],"rotation":0,"texture":"#0","tintindex":0},"up":{"uv":[0.375,0.0,0.0,0.0],"rotation":0,"texture":"#0","tintindex":0},"down":{"uv":[0.375,0.0,0.0,0.0],"rotation":0,"texture":"#0","tintindex":0}}},{"from":[4.749002,11.980043,5.428571],"to":[5.891859,14.265758,8.285714],"rotation":{"angle":22.5,"axis":"z","origin":[5.3204308,13.1229,6.857143]},"faces":{"east":{"uv":[9.25,2.25,9.875,2.75],"rotation":0,"texture":"#0","tintindex":0},"south":{"uv":[6.625,10.0,6.875,10.5],"rotation":0,"texture":"#0","tintindex":0},"north":{"uv":[7.25,4.375,7.5,4.875],"rotation":0,"texture":"#0","tintindex":0},"west":{"uv":[9.25,4.0,9.875,4.5],"rotation":0,"texture":"#0","tintindex":0},"up":{"uv":[7.375,8.5,7.125,7.875],"rotation":0,"texture":"#0","tintindex":0},"down":{"uv":[0.5,9.875,0.25,10.5],"rotation":0,"texture":"#0","tintindex":0}}},{"from":[6.2609763,6.0,9.891256],"to":[6.2609763,11.142858,12.7484],"rotation":{"angle":22.5,"axis":"y","origin":[6.2609763,8.571428,11.319828]},"faces":{"east":{"uv":[0.75,7.75,1.375,8.875],"rotation":0,"texture":"#0","tintindex":0},"south":{"uv":[0.0,0.0,0.0,1.125],"rotation":0,"texture":"#0","tintindex":0},"north":{"uv":[0.0,0.0,0.0,1.125],"rotation":0,"texture":"#0","tintindex":0},"west":{"uv":[1.375,7.75,2.0,8.875],"rotation":0,"texture":"#0","tintindex":0},"up":{"uv":[0.0,0.625,0.0,0.0],"rotation":0,"texture":"#0","tintindex":0},"down":{"uv":[0.0,0.0,0.0,0.625],"rotation":0,"texture":"#0","tintindex":0}}},{"from":[5.714286,4.285714,7.142857],"to":[8.0,6.0,10.0],"rotation":{"angle":0.0,"axis":"y","origin":[10.285714,4.5714283,9.142858]},"faces":{"east":{"uv":[9.375,1.875,10.0,2.25],"rotation":0,"texture":"#0","tintindex":0},"south":{"uv":[9.875,2.25,10.375,2.625],"rotation":0,"texture":"#0","tintindex":0},"north":{"uv":[1.875,9.875,2.375,10.25],"rotation":0,"texture":"#0","tintindex":0},"west":{"uv":[9.625,0.0,10.25,0.375],"rotation":0,"texture":"#0","tintindex":0},"up":{"uv":[9.75,6.0,9.25,5.375],"rotation":0,"texture":"#0","tintindex":0},"down":{"uv":[8.5,9.25,8.0,9.875],"rotation":0,"texture":"#0","tintindex":0}}}],"textures":{"0":"modelengine:entity/kur"},"display":{"head":{"translation":[0.0,-6.4,0.0],"scale":[4.0,4.0,4.0]}}}