{"elements":[{"from":[6.285714,8.0,7.142857],"to":[9.142858,9.142858,10.0],"rotation":{"angle":0.0,"axis":"y","origin":[11.428572,6.857143,10.571428]},"faces":{"east":{"uv":[4.375,9.0,5.0,9.25],"rotation":0,"texture":"#0","tintindex":0},"south":{"uv":[5.0,9.0,5.625,9.25],"rotation":0,"texture":"#0","tintindex":0},"north":{"uv":[1.0,9.0,1.625,9.25],"rotation":0,"texture":"#0","tintindex":0},"west":{"uv":[5.625,9.0,6.25,9.25],"rotation":0,"texture":"#0","tintindex":0},"up":{"uv":[6.5,7.375,5.875,6.75],"rotation":0,"texture":"#0","tintindex":0},"down":{"uv":[5.5,7.875,4.875,8.5],"rotation":0,"texture":"#0","tintindex":0}}},{"from":[5.142857,6.857143,4.8571424],"to":[11.428572,8.0,10.0],"rotation":{"angle":0.0,"axis":"y","origin":[11.428572,6.857143,10.571428]},"faces":{"east":{"uv":[8.5,8.375,9.625,8.625],"rotation":0,"texture":"#0","tintindex":0},"south":{"uv":[8.125,7.75,9.5,8.0],"rotation":0,"texture":"#0","tintindex":0},"north":{"uv":[2.875,2.25,4.25,2.5],"rotation":0,"texture":"#0","tintindex":0},"west":{"uv":[2.25,8.625,3.375,8.875],"rotation":0,"texture":"#0","tintindex":0},"up":{"uv":[6.75,1.125,5.375,0.0],"rotation":0,"texture":"#0","tintindex":0},"down":{"uv":[6.75,1.125,5.375,2.25],"rotation":0,"texture":"#0","tintindex":0}}}],"textures":{"0":"modelengine:entity/kurrot_groundbreak"},"display":{"head":{"translation":[0.0,-6.4,0.0],"scale":[4.0,4.0,4.0]}}}