{"elements":[{"from":[8.0,6.857143,5.714286],"to":[11.428572,8.0,8.571428],"rotation":{"angle":0.0,"axis":"y","origin":[15.428572,5.714286,16.57143]},"faces":{"east":{"uv":[9.0,6.625,9.625,6.875],"rotation":0,"texture":"#0","tintindex":0},"south":{"uv":[8.5,8.875,9.25,9.125],"rotation":0,"texture":"#0","tintindex":0},"north":{"uv":[8.875,5.875,9.625,6.125],"rotation":0,"texture":"#0","tintindex":0},"west":{"uv":[7.75,9.0,8.375,9.25],"rotation":0,"texture":"#0","tintindex":0},"up":{"uv":[4.5,5.5,3.75,4.875],"rotation":0,"texture":"#0","tintindex":0},"down":{"uv":[4.875,7.625,4.125,8.25],"rotation":0,"texture":"#0","tintindex":0}}},{"from":[8.0,6.857143,8.571428],"to":[13.714286,8.0,10.857143],"rotation":{"angle":0.0,"axis":"y","origin":[15.428572,5.714286,16.57143]},"faces":{"east":{"uv":[9.25,2.625,9.75,2.875],"rotation":0,"texture":"#0","tintindex":0},"south":{"uv":[8.5,8.125,9.75,8.375],"rotation":0,"texture":"#0","tintindex":0},"north":{"uv":[5.75,8.5,7.0,8.75],"rotation":0,"texture":"#0","tintindex":0},"west":{"uv":[3.25,9.25,3.75,9.5],"rotation":0,"texture":"#0","tintindex":0},"up":{"uv":[8.875,4.25,7.625,3.75],"rotation":0,"texture":"#0","tintindex":0},"down":{"uv":[1.25,7.75,0.0,8.25],"rotation":0,"texture":"#0","tintindex":0}}},{"from":[8.0,5.714286,5.714286],"to":[14.285715,6.857143,10.857143],"rotation":{"angle":0.0,"axis":"y","origin":[15.428572,5.714286,16.57143]},"faces":{"east":{"uv":[8.875,1.5,10.0,1.75],"rotation":0,"texture":"#0","tintindex":0},"south":{"uv":[1.375,8.25,2.75,8.5],"rotation":0,"texture":"#0","tintindex":0},"north":{"uv":[0.0,8.25,1.375,8.5],"rotation":0,"texture":"#0","tintindex":0},"west":{"uv":[2.125,8.875,3.25,9.125],"rotation":0,"texture":"#0","tintindex":0},"up":{"uv":[5.125,6.75,3.75,5.625],"rotation":0,"texture":"#0","tintindex":0},"down":{"uv":[6.5,5.625,5.125,6.75],"rotation":0,"texture":"#0","tintindex":0}}}],"textures":{"0":"modelengine:entity/kurrot_groundbreak"},"display":{"head":{"translation":[0.0,-6.4,0.0],"scale":[4.0,4.0,4.0]}}}