{"elements":[{"from":[8.0,6.857143,5.714286],"to":[13.142858,8.0,10.857143],"rotation":{"angle":0.0,"axis":"y","origin":[18.285715,5.714286,11.428572]},"faces":{"east":{"uv":[8.75,1.75,9.875,2.0],"rotation":0,"texture":"#0","tintindex":0},"south":{"uv":[8.75,2.0,9.875,2.25],"rotation":0,"texture":"#0","tintindex":0},"north":{"uv":[1.0,8.75,2.125,9.0],"rotation":0,"texture":"#0","tintindex":0},"west":{"uv":[4.5,8.75,5.625,9.0],"rotation":0,"texture":"#0","tintindex":0},"up":{"uv":[7.375,5.625,6.25,4.5],"rotation":0,"texture":"#0","tintindex":0},"down":{"uv":[7.625,3.125,6.5,4.25],"rotation":0,"texture":"#0","tintindex":0}}},{"from":[8.0,5.714286,5.714286],"to":[12.0,6.857143,10.857143],"rotation":{"angle":0.0,"axis":"y","origin":[18.285715,5.714286,11.428572]},"faces":{"east":{"uv":[5.625,8.75,6.75,9.0],"rotation":0,"texture":"#0","tintindex":0},"south":{"uv":[8.875,5.125,9.75,5.375],"rotation":0,"texture":"#0","tintindex":0},"north":{"uv":[8.875,4.875,9.75,5.125],"rotation":0,"texture":"#0","tintindex":0},"west":{"uv":[8.875,0.75,10.0,1.0],"rotation":0,"texture":"#0","tintindex":0},"up":{"uv":[5.875,7.875,5.0,6.75],"rotation":0,"texture":"#0","tintindex":0},"down":{"uv":[2.375,7.125,1.5,8.25],"rotation":0,"texture":"#0","tintindex":0}}}],"textures":{"0":"modelengine:entity/kurrot_groundbreak"},"display":{"head":{"translation":[0.0,-6.4,0.0],"scale":[4.0,4.0,4.0]}}}