{"elements":[{"from":[-1.7142859,5.714286,5.142857],"to":[8.0,8.0,12.0],"rotation":{"angle":0.0,"axis":"y","origin":[-4.000001,5.714286,5.714286]},"faces":{"east":{"uv":[7.375,4.625,8.875,5.125],"rotation":0,"texture":"#0","tintindex":0},"south":{"uv":[6.75,1.25,8.875,1.75],"rotation":0,"texture":"#0","tintindex":0},"north":{"uv":[6.75,0.75,8.875,1.25],"rotation":0,"texture":"#0","tintindex":0},"west":{"uv":[7.375,5.125,8.875,5.625],"rotation":0,"texture":"#0","tintindex":0},"up":{"uv":[2.125,4.0,0.0,2.5],"rotation":0,"texture":"#0","tintindex":0},"down":{"uv":[4.25,2.5,2.125,4.0],"rotation":0,"texture":"#0","tintindex":0}}},{"from":[-2.8571434,4.0,5.142857],"to":[8.0,5.714286,9.142858],"rotation":{"angle":0.0,"axis":"y","origin":[-4.000001,5.714286,5.714286]},"faces":{"east":{"uv":[2.75,8.25,3.625,8.625],"rotation":0,"texture":"#0","tintindex":0},"south":{"uv":[7.375,4.25,9.75,4.625],"rotation":0,"texture":"#0","tintindex":0},"north":{"uv":[2.375,7.25,4.75,7.625],"rotation":0,"texture":"#0","tintindex":0},"west":{"uv":[3.625,8.25,4.5,8.625],"rotation":0,"texture":"#0","tintindex":0},"up":{"uv":[2.375,4.875,0.0,4.0],"rotation":0,"texture":"#0","tintindex":0},"down":{"uv":[4.75,4.0,2.375,4.875],"rotation":0,"texture":"#0","tintindex":0}}}],"textures":{"0":"modelengine:entity/kurrot_groundbreak"},"display":{"head":{"translation":[0.0,-6.4,0.0],"scale":[4.0,4.0,4.0]}}}