{"elements":[{"from":[5.0,8.285714,4.428571],"to":[10.142858,8.857143,10.714286],"rotation":{"angle":0.0,"axis":"y","origin":[7.857143,6.5714283,5.0]},"faces":{"east":{"uv":[5.5,8.25,6.875,8.375],"rotation":0,"texture":"#0","tintindex":0},"south":{"uv":[8.375,9.125,9.5,9.25],"rotation":0,"texture":"#0","tintindex":0},"north":{"uv":[1.625,9.125,2.75,9.25],"rotation":0,"texture":"#0","tintindex":0},"west":{"uv":[8.875,4.125,10.25,4.25],"rotation":0,"texture":"#0","tintindex":0},"up":{"uv":[2.625,6.25,1.5,4.875],"rotation":0,"texture":"#0","tintindex":0},"down":{"uv":[3.75,4.875,2.625,6.25],"rotation":0,"texture":"#0","tintindex":0}}},{"from":[6.714286,6.5714283,4.428571],"to":[10.142858,8.285714,12.428572],"rotation":{"angle":0.0,"axis":"y","origin":[7.857143,6.5714283,5.0]},"faces":{"east":{"uv":[7.5,2.625,9.25,3.0],"rotation":0,"texture":"#0","tintindex":0},"south":{"uv":[7.0,8.5,7.75,8.875],"rotation":0,"texture":"#0","tintindex":0},"north":{"uv":[3.0,6.25,3.75,6.625],"rotation":0,"texture":"#0","tintindex":0},"west":{"uv":[2.375,7.625,4.125,8.0],"rotation":0,"texture":"#0","tintindex":0},"up":{"uv":[0.75,7.75,0.0,6.0],"rotation":0,"texture":"#0","tintindex":0},"down":{"uv":[1.5,6.0,0.75,7.75],"rotation":0,"texture":"#0","tintindex":0}}}],"textures":{"0":"modelengine:entity/kurrot_groundbreak"},"display":{"head":{"translation":[0.0,-6.4,0.0],"scale":[4.0,4.0,4.0]}}}