{"elements":[{"from":[6.0271177,10.952338,9.753674],"to":[8.146139,11.463826,10.192091],"rotation":{"angle":22.5,"axis":"z","origin":[6.7943497,11.208082,9.972882]},"faces":{"east":{"uv":[9.125,14.25,9.25,14.375],"rotation":0,"texture":"#0","tintindex":0},"south":{"uv":[13.5,10.125,14.0,10.25],"rotation":0,"texture":"#0","tintindex":0},"north":{"uv":[10.0,13.5,10.5,13.625],"rotation":0,"texture":"#0","tintindex":0},"west":{"uv":[14.25,9.125,14.375,9.25],"rotation":0,"texture":"#0","tintindex":0},"up":{"uv":[14.0,10.375,13.5,10.25],"rotation":0,"texture":"#0","tintindex":0},"down":{"uv":[14.0,10.375,13.5,10.5],"rotation":0,"texture":"#0","tintindex":0}}},{"from":[4.7118626,10.66006,10.338231],"to":[6.465536,11.171548,10.776649],"rotation":{"angle":-45.0,"axis":"y","origin":[6.7943497,11.208082,9.972882]},"faces":{"east":{"uv":[9.25,14.25,9.375,14.375],"rotation":0,"texture":"#0","tintindex":0},"south":{"uv":[13.625,12.5,14.0,12.625],"rotation":0,"texture":"#0","tintindex":0},"north":{"uv":[13.625,12.375,14.0,12.5],"rotation":0,"texture":"#0","tintindex":0},"west":{"uv":[14.25,9.25,14.375,9.375],"rotation":0,"texture":"#0","tintindex":0},"up":{"uv":[14.125,0.625,13.75,0.5],"rotation":0,"texture":"#0","tintindex":0},"down":{"uv":[14.125,0.625,13.75,0.75],"rotation":0,"texture":"#0","tintindex":0}}},{"from":[4.784932,10.678328,7.707721],"to":[5.2233505,11.208082,9.0960455],"rotation":{"angle":0.0,"axis":"y","origin":[6.7943497,11.208082,9.972882]},"faces":{"east":{"uv":[13.75,1.25,14.125,1.375],"rotation":0,"texture":"#0","tintindex":0},"south":{"uv":[14.25,9.375,14.375,9.5],"rotation":0,"texture":"#0","tintindex":0},"north":{"uv":[9.375,14.25,9.5,14.375],"rotation":0,"texture":"#0","tintindex":0},"west":{"uv":[13.75,1.375,14.125,1.5],"rotation":0,"texture":"#0","tintindex":0},"up":{"uv":[2.875,14.125,2.75,13.75],"rotation":0,"texture":"#0","tintindex":0},"down":{"uv":[3.0,13.75,2.875,14.125],"rotation":0,"texture":"#0","tintindex":0}}},{"from":[4.346514,10.714862,6.173257],"to":[4.784932,11.171548,7.780791],"rotation":{"angle":-45.0,"axis":"y","origin":[4.638793,10.915804,8.255744]},"faces":{"east":{"uv":[13.75,3.0,14.125,3.125],"rotation":0,"texture":"#0","tintindex":0},"south":{"uv":[14.25,9.5,14.375,9.625],"rotation":0,"texture":"#0","tintindex":0},"north":{"uv":[9.5,14.25,9.625,14.375],"rotation":0,"texture":"#0","tintindex":0},"west":{"uv":[13.75,3.125,14.125,3.25],"rotation":0,"texture":"#0","tintindex":0},"up":{"uv":[13.875,4.125,13.75,3.75],"rotation":0,"texture":"#0","tintindex":0},"down":{"uv":[4.5,13.75,4.375,14.125],"rotation":0,"texture":"#0","tintindex":0}}},{"from":[6.0271177,10.751397,6.5386057],"to":[6.977024,11.135013,6.977024],"rotation":{"angle":0.0,"axis":"y","origin":[4.638793,10.915804,9.059511]},"faces":{"east":{"uv":[9.625,14.25,9.75,14.375],"rotation":0,"texture":"#0","tintindex":0},"south":{"uv":[14.125,0.625,14.375,0.75],"rotation":0,"texture":"#0","tintindex":0},"north":{"uv":[14.125,0.5,14.375,0.625],"rotation":0,"texture":"#0","tintindex":0},"west":{"uv":[14.25,9.625,14.375,9.75],"rotation":0,"texture":"#0","tintindex":0},"up":{"uv":[14.375,0.875,14.125,0.75],"rotation":0,"texture":"#0","tintindex":0},"down":{"uv":[14.375,0.875,14.125,1.0],"rotation":0,"texture":"#0","tintindex":0}}},{"from":[6.8314166,11.168872,6.6116753],"to":[7.635184,11.461151,6.977024],"rotation":{"angle":22.5,"axis":"z","origin":[7.854393,11.168872,6.7943497]},"faces":{"east":{"uv":[9.75,14.25,9.875,14.375],"rotation":0,"texture":"#0","tintindex":0},"south":{"uv":[14.125,1.0,14.375,1.125],"rotation":0,"texture":"#0","tintindex":0},"north":{"uv":[1.0,14.125,1.25,14.25],"rotation":0,"texture":"#0","tintindex":0},"west":{"uv":[14.25,9.75,14.375,9.875],"rotation":0,"texture":"#0","tintindex":0},"up":{"uv":[1.5,14.25,1.25,14.125],"rotation":0,"texture":"#0","tintindex":0},"down":{"uv":[14.375,1.25,14.125,1.375],"rotation":0,"texture":"#0","tintindex":0}}},{"from":[5.5521646,11.774373,6.0636525],"to":[6.502071,12.267593,6.5751405],"rotation":{"angle":0.0,"axis":"y","origin":[4.273444,12.011849,8.255744]},"faces":{"east":{"uv":[9.875,14.25,10.0,14.375],"rotation":0,"texture":"#0","tintindex":0},"south":{"uv":[1.5,14.125,1.75,14.25],"rotation":0,"texture":"#0","tintindex":0},"north":{"uv":[14.125,1.375,14.375,1.5],"rotation":0,"texture":"#0","tintindex":0},"west":{"uv":[14.25,9.875,14.375,10.0],"rotation":0,"texture":"#0","tintindex":0},"up":{"uv":[2.0,14.25,1.75,14.125],"rotation":0,"texture":"#0","tintindex":0},"down":{"uv":[14.375,1.875,14.125,2.0],"rotation":0,"texture":"#0","tintindex":0}}},{"from":[3.6523519,11.71957,5.7713737],"to":[4.1638403,12.304129,7.5981164],"rotation":{"angle":-45.0,"axis":"y","origin":[4.273444,12.011849,8.255744]},"faces":{"east":{"uv":[13.75,3.25,14.125,3.375],"rotation":0,"texture":"#0","tintindex":0},"south":{"uv":[14.25,10.0,14.375,10.125],"rotation":0,"texture":"#0","tintindex":0},"north":{"uv":[10.0,14.25,10.125,14.375],"rotation":0,"texture":"#0","tintindex":0},"west":{"uv":[13.75,3.375,14.125,3.5],"rotation":0,"texture":"#0","tintindex":0},"up":{"uv":[13.875,5.875,13.75,5.5],"rotation":0,"texture":"#0","tintindex":0},"down":{"uv":[5.875,13.75,5.75,14.125],"rotation":0,"texture":"#0","tintindex":0}}},{"from":[4.3099794,11.683036,7.378907],"to":[4.8214674,12.340663,8.986442],"rotation":{"angle":0.0,"axis":"y","origin":[6.429001,12.304129,9.972882]},"faces":{"east":{"uv":[13.75,4.125,14.125,4.25],"rotation":0,"texture":"#0","tintindex":0},"south":{"uv":[14.25,10.125,14.375,10.25],"rotation":0,"texture":"#0","tintindex":0},"north":{"uv":[10.125,14.25,10.25,14.375],"rotation":0,"texture":"#0","tintindex":0},"west":{"uv":[13.75,4.375,14.125,4.5],"rotation":0,"texture":"#0","tintindex":0},"up":{"uv":[13.875,6.25,13.75,5.875],"rotation":0,"texture":"#0","tintindex":0},"down":{"uv":[6.25,13.75,6.125,14.125],"rotation":0,"texture":"#0","tintindex":0}}},{"from":[4.2369094,11.71957,10.301696],"to":[6.0636525,12.304129,10.813184],"rotation":{"angle":-45.0,"axis":"y","origin":[6.429001,12.304129,9.972882]},"faces":{"east":{"uv":[10.25,14.25,10.375,14.375],"rotation":0,"texture":"#0","tintindex":0},"south":{"uv":[13.75,4.875,14.125,5.0],"rotation":0,"texture":"#0","tintindex":0},"north":{"uv":[13.75,4.5,14.125,4.625],"rotation":0,"texture":"#0","tintindex":0},"west":{"uv":[14.25,10.25,14.375,10.375],"rotation":0,"texture":"#0","tintindex":0},"up":{"uv":[14.125,5.125,13.75,5.0],"rotation":0,"texture":"#0","tintindex":0},"down":{"uv":[14.125,6.5,13.75,6.625],"rotation":0,"texture":"#0","tintindex":0}}},{"from":[5.625234,12.011849,9.717138],"to":[8.182674,12.596407,10.228626],"rotation":{"angle":22.5,"axis":"z","origin":[6.429001,12.304129,9.972882]},"faces":{"east":{"uv":[10.375,14.25,10.5,14.375],"rotation":0,"texture":"#0","tintindex":0},"south":{"uv":[10.625,13.375,11.25,13.5],"rotation":0,"texture":"#0","tintindex":0},"north":{"uv":[13.375,10.5,14.0,10.625],"rotation":0,"texture":"#0","tintindex":0},"west":{"uv":[14.25,10.375,14.375,10.5],"rotation":0,"texture":"#0","tintindex":0},"up":{"uv":[14.0,10.75,13.375,10.625],"rotation":0,"texture":"#0","tintindex":0},"down":{"uv":[14.0,11.25,13.375,11.375],"rotation":0,"texture":"#0","tintindex":0}}},{"from":[6.684745,12.742547,5.880978],"to":[7.780791,13.14443,6.392466],"rotation":{"angle":22.5,"axis":"z","origin":[6.209792,13.180964,5.954048]},"faces":{"east":{"uv":[10.5,14.25,10.625,14.375],"rotation":0,"texture":"#0","tintindex":0},"south":{"uv":[14.125,2.0,14.375,2.125],"rotation":0,"texture":"#0","tintindex":0},"north":{"uv":[2.0,14.125,2.25,14.25],"rotation":0,"texture":"#0","tintindex":0},"west":{"uv":[10.625,14.25,10.75,14.375],"rotation":0,"texture":"#0","tintindex":0},"up":{"uv":[14.375,2.25,14.125,2.125],"rotation":0,"texture":"#0","tintindex":0},"down":{"uv":[2.5,14.125,2.25,14.25],"rotation":0,"texture":"#0","tintindex":0}}},{"from":[5.51563,12.9252205,5.8079085],"to":[6.8308845,13.436708,6.392466],"rotation":{"angle":0.0,"axis":"y","origin":[4.273444,13.180964,8.255744]},"faces":{"east":{"uv":[10.75,14.25,10.875,14.375],"rotation":0,"texture":"#0","tintindex":0},"south":{"uv":[14.125,2.625,14.375,2.75],"rotation":0,"texture":"#0","tintindex":0},"north":{"uv":[2.5,14.125,2.75,14.25],"rotation":0,"texture":"#0","tintindex":0},"west":{"uv":[14.25,10.75,14.375,10.875],"rotation":0,"texture":"#0","tintindex":0},"up":{"uv":[3.0,14.25,2.75,14.125],"rotation":0,"texture":"#0","tintindex":0},"down":{"uv":[14.375,2.75,14.125,2.875],"rotation":0,"texture":"#0","tintindex":0}}},{"from":[3.2504683,12.870419,5.7348385],"to":[3.8350258,13.509779,7.488512],"rotation":{"angle":-45.0,"axis":"y","origin":[4.273444,13.180964,8.255744]},"faces":{"east":{"uv":[13.75,6.625,14.125,6.75],"rotation":0,"texture":"#0","tintindex":0},"south":{"uv":[14.25,10.875,14.375,11.0],"rotation":0,"texture":"#0","tintindex":0},"north":{"uv":[10.875,14.25,11.0,14.375],"rotation":0,"texture":"#0","tintindex":0},"west":{"uv":[13.75,6.75,14.125,6.875],"rotation":0,"texture":"#0","tintindex":0},"up":{"uv":[7.125,14.125,7.0,13.75],"rotation":0,"texture":"#0","tintindex":0},"down":{"uv":[7.25,13.75,7.125,14.125],"rotation":0,"texture":"#0","tintindex":0}}},{"from":[4.0542355,12.833883,7.0500937],"to":[4.638793,13.546313,8.876837],"rotation":{"angle":0.0,"axis":"y","origin":[6.429001,13.473244,9.972882]},"faces":{"east":{"uv":[13.75,7.0,14.125,7.125],"rotation":0,"texture":"#0","tintindex":0},"south":{"uv":[14.25,11.0,14.375,11.125],"rotation":0,"texture":"#0","tintindex":0},"north":{"uv":[11.0,14.25,11.125,14.375],"rotation":0,"texture":"#0","tintindex":0},"west":{"uv":[13.75,7.125,14.125,7.25],"rotation":0,"texture":"#0","tintindex":0},"up":{"uv":[7.875,14.125,7.75,13.75],"rotation":0,"texture":"#0","tintindex":0},"down":{"uv":[8.0,13.75,7.875,14.125],"rotation":0,"texture":"#0","tintindex":0}}},{"from":[4.0542355,12.852152,10.2651615],"to":[6.0271177,13.509779,10.849719],"rotation":{"angle":-45.0,"axis":"y","origin":[6.429001,13.473244,9.972882]},"faces":{"east":{"uv":[11.125,14.25,11.25,14.375],"rotation":0,"texture":"#0","tintindex":0},"south":{"uv":[13.5,10.75,14.0,10.875],"rotation":0,"texture":"#0","tintindex":0},"north":{"uv":[10.5,13.5,11.0,13.625],"rotation":0,"texture":"#0","tintindex":0},"west":{"uv":[14.25,11.125,14.375,11.25],"rotation":0,"texture":"#0","tintindex":0},"up":{"uv":[11.875,13.625,11.375,13.5],"rotation":0,"texture":"#0","tintindex":0},"down":{"uv":[12.375,13.5,11.875,13.625],"rotation":0,"texture":"#0","tintindex":0}}},{"from":[5.5886993,13.14443,9.680603],"to":[8.219209,13.802057,10.2651615],"rotation":{"angle":22.5,"axis":"z","origin":[6.429001,13.473244,9.972882]},"faces":{"east":{"uv":[11.25,14.25,11.375,14.375],"rotation":0,"texture":"#0","tintindex":0},"south":{"uv":[13.375,11.5,14.0,11.625],"rotation":0,"texture":"#0","tintindex":0},"north":{"uv":[13.375,11.375,14.0,11.5],"rotation":0,"texture":"#0","tintindex":0},"west":{"uv":[11.375,14.25,11.5,14.375],"rotation":0,"texture":"#0","tintindex":0},"up":{"uv":[14.0,11.75,13.375,11.625],"rotation":0,"texture":"#0","tintindex":0},"down":{"uv":[14.0,11.75,13.375,11.875],"rotation":0,"texture":"#0","tintindex":0}}},{"from":[6.7218122,14.420474,6.1854353],"to":[7.5986485,14.858892,6.769993],"rotation":{"angle":22.5,"axis":"z","origin":[7.562114,14.603148,6.477714]},"faces":{"east":{"uv":[11.5,14.25,11.625,14.375],"rotation":0,"texture":"#0","tintindex":0},"south":{"uv":[14.125,3.0,14.375,3.125],"rotation":0,"texture":"#0","tintindex":0},"north":{"uv":[14.125,2.875,14.375,3.0],"rotation":0,"texture":"#0","tintindex":0},"west":{"uv":[11.625,14.25,11.75,14.375],"rotation":0,"texture":"#0","tintindex":0},"up":{"uv":[14.375,3.25,14.125,3.125],"rotation":0,"texture":"#0","tintindex":0},"down":{"uv":[3.5,14.125,3.25,14.25],"rotation":0,"texture":"#0","tintindex":0}}},{"from":[5.5521646,14.057802,6.1123657],"to":[6.8674192,14.642359,6.769993],"rotation":{"angle":0.0,"axis":"y","origin":[4.346514,14.3500805,8.742875]},"faces":{"east":{"uv":[11.75,14.25,11.875,14.375],"rotation":0,"texture":"#0","tintindex":0},"south":{"uv":[14.125,3.375,14.375,3.5],"rotation":0,"texture":"#0","tintindex":0},"north":{"uv":[14.125,3.25,14.375,3.375],"rotation":0,"texture":"#0","tintindex":0},"west":{"uv":[14.25,11.75,14.375,11.875],"rotation":0,"texture":"#0","tintindex":0},"up":{"uv":[14.375,4.25,14.125,4.125],"rotation":0,"texture":"#0","tintindex":0},"down":{"uv":[4.625,14.125,4.375,14.25],"rotation":0,"texture":"#0","tintindex":0}}},{"from":[3.2870035,14.021267,6.039296],"to":[3.9446306,14.715429,8.012178],"rotation":{"angle":-45.0,"axis":"y","origin":[4.346514,14.3500805,8.742875]},"faces":{"east":{"uv":[13.75,7.625,14.125,7.75],"rotation":0,"texture":"#0","tintindex":0},"south":{"uv":[14.25,11.875,14.375,12.0],"rotation":0,"texture":"#0","tintindex":0},"north":{"uv":[11.875,14.25,12.0,14.375],"rotation":0,"texture":"#0","tintindex":0},"west":{"uv":[8.75,13.75,9.125,13.875],"rotation":0,"texture":"#0","tintindex":0},"up":{"uv":[8.125,14.125,8.0,13.75],"rotation":0,"texture":"#0","tintindex":0},"down":{"uv":[8.25,13.75,8.125,14.125],"rotation":0,"texture":"#0","tintindex":0}}},{"from":[4.09077,13.984732,7.5006905],"to":[4.748398,14.751964,9.254364],"rotation":{"angle":0.0,"axis":"y","origin":[6.502071,14.642359,10.460014]},"faces":{"east":{"uv":[13.75,8.875,14.125,9.0],"rotation":0,"texture":"#0","tintindex":0},"south":{"uv":[14.25,12.0,14.375,12.125],"rotation":0,"texture":"#0","tintindex":0},"north":{"uv":[12.0,14.25,12.125,14.375],"rotation":0,"texture":"#0","tintindex":0},"west":{"uv":[13.75,9.0,14.125,9.125],"rotation":0,"texture":"#0","tintindex":0},"up":{"uv":[9.875,14.125,9.75,13.75],"rotation":0,"texture":"#0","tintindex":0},"down":{"uv":[10.0,13.75,9.875,14.125],"rotation":0,"texture":"#0","tintindex":0}}},{"from":[4.09077,14.670446,6.357833],"to":[4.748398,15.437677,9.825792],"rotation":{"angle":-22.5,"axis":"y","origin":[4.419584,15.054062,8.377527]},"faces":{"east":{"uv":[13.125,4.25,13.875,4.375],"rotation":0,"texture":"#0","tintindex":0},"south":{"uv":[14.25,12.125,14.375,12.25],"rotation":0,"texture":"#0","tintindex":0},"north":{"uv":[12.125,14.25,12.25,14.375],"rotation":0,"texture":"#0","tintindex":0},"west":{"uv":[13.125,5.25,13.875,5.375],"rotation":0,"texture":"#0","tintindex":0},"up":{"uv":[1.875,9.625,1.75,8.875],"rotation":0,"texture":"#0","tintindex":0},"down":{"uv":[3.875,10.875,3.75,11.625],"rotation":0,"texture":"#0","tintindex":0}}},{"from":[4.89077,14.670446,6.357833],"to":[6.6912546,15.437677,6.968649],"rotation":{"angle":0.0,"axis":"y","origin":[4.419584,15.054062,8.377527]},"faces":{"east":{"uv":[12.25,14.25,12.375,14.375],"rotation":0,"texture":"#0","tintindex":0},"south":{"uv":[10.375,13.75,10.75,13.875],"rotation":0,"texture":"#0","tintindex":0},"north":{"uv":[10.0,13.75,10.375,13.875],"rotation":0,"texture":"#0","tintindex":0},"west":{"uv":[14.25,12.25,14.375,12.375],"rotation":0,"texture":"#0","tintindex":0},"up":{"uv":[11.75,13.875,11.375,13.75],"rotation":0,"texture":"#0","tintindex":0},"down":{"uv":[12.75,13.75,12.375,13.875],"rotation":0,"texture":"#0","tintindex":0}}},{"from":[6.4907703,14.899017,6.357833],"to":[7.719826,15.66625,6.968649],"rotation":{"angle":-22.5,"axis":"z","origin":[6.076727,15.054062,6.663241]},"faces":{"east":{"uv":[12.375,14.25,12.5,14.375],"rotation":0,"texture":"#0","tintindex":0},"south":{"uv":[14.125,4.5,14.375,4.625],"rotation":0,"texture":"#0","tintindex":0},"north":{"uv":[14.125,4.375,14.375,4.5],"rotation":0,"texture":"#0","tintindex":0},"west":{"uv":[14.25,12.375,14.375,12.5],"rotation":0,"texture":"#0","tintindex":0},"up":{"uv":[4.875,14.25,4.625,14.125],"rotation":0,"texture":"#0","tintindex":0},"down":{"uv":[5.125,14.125,4.875,14.25],"rotation":0,"texture":"#0","tintindex":0}}},{"from":[9.308745,14.670446,6.357833],"to":[11.10923,15.437677,6.968649],"rotation":{"angle":0.0,"axis":"y","origin":[11.580416,15.054062,8.377527]},"faces":{"east":{"uv":[12.5,14.25,12.625,14.375],"rotation":0,"texture":"#0","tintindex":0},"south":{"uv":[13.125,13.75,13.5,13.875],"rotation":0,"texture":"#0","tintindex":0},"north":{"uv":[12.75,13.75,13.125,13.875],"rotation":0,"texture":"#0","tintindex":0},"west":{"uv":[14.25,12.5,14.375,12.625],"rotation":0,"texture":"#0","tintindex":0},"up":{"uv":[14.125,13.625,13.75,13.5],"rotation":0,"texture":"#0","tintindex":0},"down":{"uv":[14.125,13.625,13.75,13.75],"rotation":0,"texture":"#0","tintindex":0}}},{"from":[11.251602,14.670446,6.357833],"to":[11.90923,15.437677,9.825792],"rotation":{"angle":22.5,"axis":"y","origin":[11.580416,15.054062,8.377527]},"faces":{"east":{"uv":[13.125,7.5,13.875,7.625],"rotation":0,"texture":"#0","tintindex":0},"south":{"uv":[14.25,12.625,14.375,12.75],"rotation":0,"texture":"#0","tintindex":0},"north":{"uv":[12.625,14.25,12.75,14.375],"rotation":0,"texture":"#0","tintindex":0},"west":{"uv":[13.125,8.25,13.875,8.375],"rotation":0,"texture":"#0","tintindex":0},"up":{"uv":[8.875,13.75,8.75,13.0],"rotation":0,"texture":"#0","tintindex":0},"down":{"uv":[5.75,13.125,5.625,13.875],"rotation":0,"texture":"#0","tintindex":0}}},{"from":[8.280173,14.899017,6.357833],"to":[9.50923,15.66625,6.968649],"rotation":{"angle":22.5,"axis":"z","origin":[9.923273,15.054062,6.663241]},"faces":{"east":{"uv":[12.75,14.25,12.875,14.375],"rotation":0,"texture":"#0","tintindex":0},"south":{"uv":[14.125,5.0,14.375,5.125],"rotation":0,"texture":"#0","tintindex":0},"north":{"uv":[14.125,4.875,14.375,5.0],"rotation":0,"texture":"#0","tintindex":0},"west":{"uv":[14.25,12.75,14.375,12.875],"rotation":0,"texture":"#0","tintindex":0},"up":{"uv":[5.625,14.25,5.375,14.125],"rotation":0,"texture":"#0","tintindex":0},"down":{"uv":[6.375,14.125,6.125,14.25],"rotation":0,"texture":"#0","tintindex":0}}},{"from":[4.0177,13.984732,10.715757],"to":[5.3329554,14.715429,11.373385],"rotation":{"angle":-45.0,"axis":"y","origin":[6.502071,14.642359,10.460014]},"faces":{"east":{"uv":[13.0,14.25,13.125,14.375],"rotation":0,"texture":"#0","tintindex":0},"south":{"uv":[14.125,7.0,14.375,7.125],"rotation":0,"texture":"#0","tintindex":0},"north":{"uv":[7.0,14.125,7.25,14.25],"rotation":0,"texture":"#0","tintindex":0},"west":{"uv":[14.25,13.0,14.375,13.125],"rotation":0,"texture":"#0","tintindex":0},"up":{"uv":[14.375,7.25,14.125,7.125],"rotation":0,"texture":"#0","tintindex":0},"down":{"uv":[7.5,14.125,7.25,14.25],"rotation":0,"texture":"#0","tintindex":0}}},{"from":[5.0569143,14.439387,9.56288],"to":[8.00406,15.088896,10.220508],"rotation":{"angle":22.5,"axis":"z","origin":[6.502071,14.642359,10.460014]},"faces":{"east":{"uv":[13.125,14.25,13.25,14.375],"rotation":0,"texture":"#0","tintindex":0},"south":{"uv":[12.125,13.375,12.75,13.5],"rotation":0,"texture":"#0","tintindex":0},"north":{"uv":[13.375,11.875,14.0,12.0],"rotation":0,"texture":"#0","tintindex":0},"west":{"uv":[14.25,13.125,14.375,13.25],"rotation":0,"texture":"#0","tintindex":0},"up":{"uv":[14.0,12.75,13.375,12.625],"rotation":0,"texture":"#0","tintindex":0},"down":{"uv":[13.375,13.375,12.75,13.5],"rotation":0,"texture":"#0","tintindex":0}}},{"from":[7.9959407,14.439387,9.56288],"to":[10.943086,15.088896,10.220508],"rotation":{"angle":-22.5,"axis":"z","origin":[9.49793,14.642359,10.460014]},"faces":{"east":{"uv":[13.25,14.25,13.375,14.375],"rotation":0,"texture":"#0","tintindex":0},"south":{"uv":[13.375,12.875,14.0,13.0],"rotation":0,"texture":"#0","tintindex":0},"north":{"uv":[13.375,12.75,14.0,12.875],"rotation":0,"texture":"#0","tintindex":0},"west":{"uv":[13.375,14.25,13.5,14.375],"rotation":0,"texture":"#0","tintindex":0},"up":{"uv":[14.0,13.125,13.375,13.0],"rotation":0,"texture":"#0","tintindex":0},"down":{"uv":[14.0,13.125,13.375,13.25],"rotation":0,"texture":"#0","tintindex":0}}},{"from":[7.8538604,10.952338,9.753674],"to":[9.972882,11.463826,10.192091],"rotation":{"angle":-22.5,"axis":"z","origin":[9.20565,11.208082,9.972882]},"faces":{"east":{"uv":[13.5,14.25,13.625,14.375],"rotation":0,"texture":"#0","tintindex":0},"south":{"uv":[13.625,1.875,14.125,2.0],"rotation":0,"texture":"#0","tintindex":0},"north":{"uv":[13.5,12.25,14.0,12.375],"rotation":0,"texture":"#0","tintindex":0},"west":{"uv":[13.625,14.25,13.75,14.375],"rotation":0,"texture":"#0","tintindex":0},"up":{"uv":[14.125,2.125,13.625,2.0],"rotation":0,"texture":"#0","tintindex":0},"down":{"uv":[14.125,2.125,13.625,2.25],"rotation":0,"texture":"#0","tintindex":0}}},{"from":[9.534464,10.66006,10.338231],"to":[11.288137,11.171548,10.776649],"rotation":{"angle":45.0,"axis":"y","origin":[9.20565,11.208082,9.972882]},"faces":{"east":{"uv":[13.75,14.25,13.875,14.375],"rotation":0,"texture":"#0","tintindex":0},"south":{"uv":[13.875,0.375,14.25,0.5],"rotation":0,"texture":"#0","tintindex":0},"north":{"uv":[0.375,13.875,0.75,14.0],"rotation":0,"texture":"#0","tintindex":0},"west":{"uv":[13.875,14.25,14.0,14.375],"rotation":0,"texture":"#0","tintindex":0},"up":{"uv":[14.25,1.25,13.875,1.125],"rotation":0,"texture":"#0","tintindex":0},"down":{"uv":[14.25,1.5,13.875,1.625],"rotation":0,"texture":"#0","tintindex":0}}},{"from":[10.776649,10.678328,7.707721],"to":[11.215068,11.208082,9.0960455],"rotation":{"angle":0.0,"axis":"y","origin":[9.20565,11.208082,9.972882]},"faces":{"east":{"uv":[13.875,1.625,14.25,1.75],"rotation":0,"texture":"#0","tintindex":0},"south":{"uv":[14.0,14.25,14.125,14.375],"rotation":0,"texture":"#0","tintindex":0},"north":{"uv":[14.25,13.875,14.375,14.0],"rotation":0,"texture":"#0","tintindex":0},"west":{"uv":[13.875,1.75,14.25,1.875],"rotation":0,"texture":"#0","tintindex":0},"up":{"uv":[11.125,14.125,11.0,13.75],"rotation":0,"texture":"#0","tintindex":0},"down":{"uv":[11.25,13.75,11.125,14.125],"rotation":0,"texture":"#0","tintindex":0}}},{"from":[11.215068,10.714862,6.173257],"to":[11.653486,11.171548,7.780791],"rotation":{"angle":45.0,"axis":"y","origin":[11.361207,10.915804,8.255744]},"faces":{"east":{"uv":[3.375,13.875,3.75,14.0],"rotation":0,"texture":"#0","tintindex":0},"south":{"uv":[14.25,14.125,14.375,14.25],"rotation":0,"texture":"#0","tintindex":0},"north":{"uv":[14.125,14.25,14.25,14.375],"rotation":0,"texture":"#0","tintindex":0},"west":{"uv":[3.75,13.875,4.125,14.0],"rotation":0,"texture":"#0","tintindex":0},"up":{"uv":[13.625,14.125,13.5,13.75],"rotation":0,"texture":"#0","tintindex":0},"down":{"uv":[0.875,13.875,0.75,14.25],"rotation":0,"texture":"#0","tintindex":0}}},{"from":[9.022976,10.751397,6.5386057],"to":[9.972882,11.135013,6.977024],"rotation":{"angle":0.0,"axis":"y","origin":[11.361207,10.915804,9.059511]},"faces":{"east":{"uv":[14.25,14.25,14.375,14.375],"rotation":0,"texture":"#0","tintindex":0},"south":{"uv":[7.75,14.125,8.0,14.25],"rotation":0,"texture":"#0","tintindex":0},"north":{"uv":[14.125,7.625,14.375,7.75],"rotation":0,"texture":"#0","tintindex":0},"west":{"uv":[0.0,14.375,0.125,14.5],"rotation":0,"texture":"#0","tintindex":0},"up":{"uv":[8.25,14.25,8.0,14.125],"rotation":0,"texture":"#0","tintindex":0},"down":{"uv":[8.5,14.125,8.25,14.25],"rotation":0,"texture":"#0","tintindex":0}}},{"from":[8.364817,11.168872,6.6116753],"to":[9.168583,11.461151,6.977024],"rotation":{"angle":-22.5,"axis":"z","origin":[8.145607,11.168872,6.7943497]},"faces":{"east":{"uv":[0.125,14.375,0.25,14.5],"rotation":0,"texture":"#0","tintindex":0},"south":{"uv":[8.75,14.125,9.0,14.25],"rotation":0,"texture":"#0","tintindex":0},"north":{"uv":[8.5,14.125,8.75,14.25],"rotation":0,"texture":"#0","tintindex":0},"west":{"uv":[0.25,14.375,0.375,14.5],"rotation":0,"texture":"#0","tintindex":0},"up":{"uv":[14.375,9.0,14.125,8.875],"rotation":0,"texture":"#0","tintindex":0},"down":{"uv":[9.25,14.125,9.0,14.25],"rotation":0,"texture":"#0","tintindex":0}}},{"from":[7.201989,9.925127,7.0887938],"to":[7.9253798,10.188179,7.4176073],"rotation":{"angle":22.5,"axis":"z","origin":[8.122668,9.925127,7.2532005]},"faces":{"east":{"uv":[14.375,0.25,14.5,0.375],"rotation":0,"texture":"#0","tintindex":0},"south":{"uv":[9.25,14.125,9.5,14.25],"rotation":0,"texture":"#0","tintindex":0},"north":{"uv":[14.125,9.0,14.375,9.125],"rotation":0,"texture":"#0","tintindex":0},"west":{"uv":[0.375,14.375,0.5,14.5],"rotation":0,"texture":"#0","tintindex":0},"up":{"uv":[9.75,14.25,9.5,14.125],"rotation":0,"texture":"#0","tintindex":0},"down":{"uv":[10.0,14.125,9.75,14.25],"rotation":0,"texture":"#0","tintindex":0}}},{"from":[6.4781203,9.5494,7.0230308],"to":[7.333036,9.894654,7.4176073],"rotation":{"angle":0.0,"axis":"y","origin":[5.228628,9.697366,9.291845]},"faces":{"east":{"uv":[0.5,14.375,0.625,14.5],"rotation":0,"texture":"#0","tintindex":0},"south":{"uv":[10.25,14.125,10.5,14.25],"rotation":0,"texture":"#0","tintindex":0},"north":{"uv":[10.0,14.125,10.25,14.25],"rotation":0,"texture":"#0","tintindex":0},"west":{"uv":[14.375,0.5,14.5,0.625],"rotation":0,"texture":"#0","tintindex":0},"up":{"uv":[10.75,14.25,10.5,14.125],"rotation":0,"texture":"#0","tintindex":0},"down":{"uv":[14.375,10.5,14.125,10.625],"rotation":0,"texture":"#0","tintindex":0}}},{"from":[5.219291,9.516519,6.525074],"to":[5.6138678,9.927536,7.8872833],"rotation":{"angle":-45.0,"axis":"y","origin":[5.228628,9.697366,8.230169]},"faces":{"east":{"uv":[13.875,3.75,14.25,3.875],"rotation":0,"texture":"#0","tintindex":0},"south":{"uv":[14.375,0.625,14.5,0.75],"rotation":0,"texture":"#0","tintindex":0},"north":{"uv":[0.625,14.375,0.75,14.5],"rotation":0,"texture":"#0","tintindex":0},"west":{"uv":[13.875,3.875,14.25,4.0],"rotation":0,"texture":"#0","tintindex":0},"up":{"uv":[1.0,14.25,0.875,13.875],"rotation":0,"texture":"#0","tintindex":0},"down":{"uv":[3.125,13.875,3.0,14.25],"rotation":0,"texture":"#0","tintindex":0}}},{"from":[5.444725,9.483637,7.9906635],"to":[5.839301,9.960417,9.0710125],"rotation":{"angle":0.0,"axis":"y","origin":[7.168629,9.960417,9.775594]},"faces":{"east":{"uv":[14.125,10.625,14.375,10.75],"rotation":0,"texture":"#0","tintindex":0},"south":{"uv":[14.375,0.75,14.5,0.875],"rotation":0,"texture":"#0","tintindex":0},"north":{"uv":[0.75,14.375,0.875,14.5],"rotation":0,"texture":"#0","tintindex":0},"west":{"uv":[10.75,14.125,11.0,14.25],"rotation":0,"texture":"#0","tintindex":0},"up":{"uv":[0.75,14.375,0.625,14.125],"rotation":0,"texture":"#0","tintindex":0},"down":{"uv":[3.625,14.125,3.5,14.375],"rotation":0,"texture":"#0","tintindex":0}}},{"from":[5.4635334,9.467196,10.104408],"to":[6.872697,9.927536,10.498984],"rotation":{"angle":-45.0,"axis":"y","origin":[7.168629,9.960417,9.775594]},"faces":{"east":{"uv":[0.875,14.375,1.0,14.5],"rotation":0,"texture":"#0","tintindex":0},"south":{"uv":[13.875,4.25,14.25,4.375],"rotation":0,"texture":"#0","tintindex":0},"north":{"uv":[13.875,4.0,14.25,4.125],"rotation":0,"texture":"#0","tintindex":0},"west":{"uv":[14.375,0.875,14.5,1.0],"rotation":0,"texture":"#0","tintindex":0},"up":{"uv":[14.25,4.75,13.875,4.625],"rotation":0,"texture":"#0","tintindex":0},"down":{"uv":[14.25,4.75,13.875,4.875],"rotation":0,"texture":"#0","tintindex":0}}},{"from":[6.4781203,9.7302475,9.578306],"to":[7.8778114,10.190586,9.972882],"rotation":{"angle":22.5,"axis":"z","origin":[7.168629,9.960417,9.775594]},"faces":{"east":{"uv":[1.0,14.375,1.125,14.5],"rotation":0,"texture":"#0","tintindex":0},"south":{"uv":[13.875,5.5,14.25,5.625],"rotation":0,"texture":"#0","tintindex":0},"north":{"uv":[13.875,5.25,14.25,5.375],"rotation":0,"texture":"#0","tintindex":0},"west":{"uv":[14.375,1.0,14.5,1.125],"rotation":0,"texture":"#0","tintindex":0},"up":{"uv":[14.25,5.75,13.875,5.625],"rotation":0,"texture":"#0","tintindex":0},"down":{"uv":[14.25,5.75,13.875,5.875],"rotation":0,"texture":"#0","tintindex":0}}},{"from":[8.666965,9.5494,7.0230308],"to":[9.52188,9.894654,7.4176073],"rotation":{"angle":0.0,"axis":"y","origin":[10.771372,9.697366,9.291845]},"faces":{"east":{"uv":[1.125,14.375,1.25,14.5],"rotation":0,"texture":"#0","tintindex":0},"south":{"uv":[11.25,14.125,11.5,14.25],"rotation":0,"texture":"#0","tintindex":0},"north":{"uv":[11.0,14.125,11.25,14.25],"rotation":0,"texture":"#0","tintindex":0},"west":{"uv":[1.25,14.375,1.375,14.5],"rotation":0,"texture":"#0","tintindex":0},"up":{"uv":[14.375,11.375,14.125,11.25],"rotation":0,"texture":"#0","tintindex":0},"down":{"uv":[14.375,11.375,14.125,11.5],"rotation":0,"texture":"#0","tintindex":0}}},{"from":[8.07462,9.925127,7.0887938],"to":[8.798011,10.188179,7.4176073],"rotation":{"angle":-22.5,"axis":"z","origin":[7.877332,9.925127,7.2532005]},"faces":{"east":{"uv":[14.375,1.25,14.5,1.375],"rotation":0,"texture":"#0","tintindex":0},"south":{"uv":[14.125,11.625,14.375,11.75],"rotation":0,"texture":"#0","tintindex":0},"north":{"uv":[14.125,11.5,14.375,11.625],"rotation":0,"texture":"#0","tintindex":0},"west":{"uv":[1.375,14.375,1.5,14.5],"rotation":0,"texture":"#0","tintindex":0},"up":{"uv":[12.125,14.25,11.875,14.125],"rotation":0,"texture":"#0","tintindex":0},"down":{"uv":[12.375,14.125,12.125,14.25],"rotation":0,"texture":"#0","tintindex":0}}},{"from":[10.386132,9.516519,6.525074],"to":[10.780708,9.927536,7.8872833],"rotation":{"angle":45.0,"axis":"y","origin":[10.771372,9.697366,8.230169]},"faces":{"east":{"uv":[13.875,5.875,14.25,6.0],"rotation":0,"texture":"#0","tintindex":0},"south":{"uv":[1.5,14.375,1.625,14.5],"rotation":0,"texture":"#0","tintindex":0},"north":{"uv":[14.375,1.375,14.5,1.5],"rotation":0,"texture":"#0","tintindex":0},"west":{"uv":[13.875,6.0,14.25,6.125],"rotation":0,"texture":"#0","tintindex":0},"up":{"uv":[3.25,14.25,3.125,13.875],"rotation":0,"texture":"#0","tintindex":0},"down":{"uv":[4.25,13.875,4.125,14.25],"rotation":0,"texture":"#0","tintindex":0}}},{"from":[10.160699,9.483637,7.9906635],"to":[10.555275,9.960417,9.0710125],"rotation":{"angle":0.0,"axis":"y","origin":[8.831371,9.960417,9.775594]},"faces":{"east":{"uv":[12.375,14.125,12.625,14.25],"rotation":0,"texture":"#0","tintindex":0},"south":{"uv":[1.75,14.375,1.875,14.5],"rotation":0,"texture":"#0","tintindex":0},"north":{"uv":[1.625,14.375,1.75,14.5],"rotation":0,"texture":"#0","tintindex":0},"west":{"uv":[12.625,14.125,12.875,14.25],"rotation":0,"texture":"#0","tintindex":0},"up":{"uv":[5.875,14.375,5.75,14.125],"rotation":0,"texture":"#0","tintindex":0},"down":{"uv":[7.625,14.125,7.5,14.375],"rotation":0,"texture":"#0","tintindex":0}}},{"from":[9.127303,9.467196,10.104408],"to":[10.536467,9.927536,10.498984],"rotation":{"angle":45.0,"axis":"y","origin":[8.831371,9.960417,9.775594]},"faces":{"east":{"uv":[1.875,14.375,2.0,14.5],"rotation":0,"texture":"#0","tintindex":0},"south":{"uv":[6.25,13.875,6.625,14.0],"rotation":0,"texture":"#0","tintindex":0},"north":{"uv":[13.875,6.125,14.25,6.25],"rotation":0,"texture":"#0","tintindex":0},"west":{"uv":[14.375,1.875,14.5,2.0],"rotation":0,"texture":"#0","tintindex":0},"up":{"uv":[14.25,7.625,13.875,7.5],"rotation":0,"texture":"#0","tintindex":0},"down":{"uv":[14.25,8.25,13.875,8.375],"rotation":0,"texture":"#0","tintindex":0}}},{"from":[8.122189,9.7302475,9.578306],"to":[9.52188,10.190586,9.972882],"rotation":{"angle":-22.5,"axis":"z","origin":[8.831371,9.960417,9.775594]},"faces":{"east":{"uv":[2.0,14.375,2.125,14.5],"rotation":0,"texture":"#0","tintindex":0},"south":{"uv":[10.0,13.875,10.375,14.0],"rotation":0,"texture":"#0","tintindex":0},"north":{"uv":[8.75,13.875,9.125,14.0],"rotation":0,"texture":"#0","tintindex":0},"west":{"uv":[14.375,2.0,14.5,2.125],"rotation":0,"texture":"#0","tintindex":0},"up":{"uv":[10.75,14.0,10.375,13.875],"rotation":0,"texture":"#0","tintindex":0},"down":{"uv":[14.25,10.875,13.875,11.0],"rotation":0,"texture":"#0","tintindex":0}}},{"from":[8.44661,12.08857,6.136722],"to":[9.647579,12.453918,6.5751405],"rotation":{"angle":-22.5,"axis":"z","origin":[8.848494,12.125105,5.9905825]},"faces":{"east":{"uv":[2.125,14.375,2.25,14.5],"rotation":0,"texture":"#0","tintindex":0},"south":{"uv":[13.125,14.125,13.375,14.25],"rotation":0,"texture":"#0","tintindex":0},"north":{"uv":[12.875,14.125,13.125,14.25],"rotation":0,"texture":"#0","tintindex":0},"west":{"uv":[14.375,2.125,14.5,2.25],"rotation":0,"texture":"#0","tintindex":0},"up":{"uv":[14.375,13.375,14.125,13.25],"rotation":0,"texture":"#0","tintindex":0},"down":{"uv":[14.375,13.375,14.125,13.5],"rotation":0,"texture":"#0","tintindex":0}}},{"from":[6.3524203,12.08857,6.136722],"to":[7.5533895,12.453918,6.5751405],"rotation":{"angle":22.5,"axis":"z","origin":[7.151506,12.125105,5.9905825]},"faces":{"east":{"uv":[2.25,14.375,2.375,14.5],"rotation":0,"texture":"#0","tintindex":0},"south":{"uv":[14.125,13.5,14.375,13.625],"rotation":0,"texture":"#0","tintindex":0},"north":{"uv":[13.5,14.125,13.75,14.25],"rotation":0,"texture":"#0","tintindex":0},"west":{"uv":[14.375,2.25,14.5,2.375],"rotation":0,"texture":"#0","tintindex":0},"up":{"uv":[14.375,13.75,14.125,13.625],"rotation":0,"texture":"#0","tintindex":0},"down":{"uv":[14.0,14.125,13.75,14.25],"rotation":0,"texture":"#0","tintindex":0}}},{"from":[9.497929,11.774373,6.0636525],"to":[10.447836,12.267593,6.5751405],"rotation":{"angle":0.0,"axis":"y","origin":[11.726556,12.011849,8.255744]},"faces":{"east":{"uv":[2.375,14.375,2.5,14.5],"rotation":0,"texture":"#0","tintindex":0},"south":{"uv":[14.0,14.125,14.25,14.25],"rotation":0,"texture":"#0","tintindex":0},"north":{"uv":[14.125,13.75,14.375,13.875],"rotation":0,"texture":"#0","tintindex":0},"west":{"uv":[14.375,2.375,14.5,2.5],"rotation":0,"texture":"#0","tintindex":0},"up":{"uv":[14.375,14.125,14.125,14.0],"rotation":0,"texture":"#0","tintindex":0},"down":{"uv":[14.5,0.0,14.25,0.125],"rotation":0,"texture":"#0","tintindex":0}}},{"from":[11.83616,11.71957,5.7713737],"to":[12.347649,12.304129,7.5981164],"rotation":{"angle":45.0,"axis":"y","origin":[11.726556,12.011849,8.255744]},"faces":{"east":{"uv":[13.875,11.0,14.25,11.125],"rotation":0,"texture":"#0","tintindex":0},"south":{"uv":[14.375,2.5,14.5,2.625],"rotation":0,"texture":"#0","tintindex":0},"north":{"uv":[2.5,14.375,2.625,14.5],"rotation":0,"texture":"#0","tintindex":0},"west":{"uv":[11.25,13.875,11.625,14.0],"rotation":0,"texture":"#0","tintindex":0},"up":{"uv":[4.375,14.25,4.25,13.875],"rotation":0,"texture":"#0","tintindex":0},"down":{"uv":[5.25,13.875,5.125,14.25],"rotation":0,"texture":"#0","tintindex":0}}},{"from":[11.178533,11.683036,7.378907],"to":[11.690021,12.340663,8.986442],"rotation":{"angle":0.0,"axis":"y","origin":[9.570999,12.304129,9.972882]},"faces":{"east":{"uv":[13.875,12.0,14.25,12.125],"rotation":0,"texture":"#0","tintindex":0},"south":{"uv":[14.375,2.625,14.5,2.75],"rotation":0,"texture":"#0","tintindex":0},"north":{"uv":[2.625,14.375,2.75,14.5],"rotation":0,"texture":"#0","tintindex":0},"west":{"uv":[13.875,12.125,14.25,12.25],"rotation":0,"texture":"#0","tintindex":0},"up":{"uv":[5.375,14.25,5.25,13.875],"rotation":0,"texture":"#0","tintindex":0},"down":{"uv":[5.75,13.875,5.625,14.25],"rotation":0,"texture":"#0","tintindex":0}}},{"from":[9.936348,11.71957,10.301696],"to":[11.76309,12.304129,10.813184],"rotation":{"angle":45.0,"axis":"y","origin":[9.570999,12.304129,9.972882]},"faces":{"east":{"uv":[2.75,14.375,2.875,14.5],"rotation":0,"texture":"#0","tintindex":0},"south":{"uv":[12.75,13.875,13.125,14.0],"rotation":0,"texture":"#0","tintindex":0},"north":{"uv":[12.375,13.875,12.75,14.0],"rotation":0,"texture":"#0","tintindex":0},"west":{"uv":[14.375,2.75,14.5,2.875],"rotation":0,"texture":"#0","tintindex":0},"up":{"uv":[13.5,14.0,13.125,13.875],"rotation":0,"texture":"#0","tintindex":0},"down":{"uv":[14.0,13.875,13.625,14.0],"rotation":0,"texture":"#0","tintindex":0}}},{"from":[7.8173256,12.011849,9.717138],"to":[10.374765,12.596407,10.228626],"rotation":{"angle":-22.5,"axis":"z","origin":[9.570999,12.304129,9.972882]},"faces":{"east":{"uv":[2.875,14.375,3.0,14.5],"rotation":0,"texture":"#0","tintindex":0},"south":{"uv":[13.375,13.375,14.0,13.5],"rotation":0,"texture":"#0","tintindex":0},"north":{"uv":[13.375,13.25,14.0,13.375],"rotation":0,"texture":"#0","tintindex":0},"west":{"uv":[14.375,2.875,14.5,3.0],"rotation":0,"texture":"#0","tintindex":0},"up":{"uv":[14.125,0.125,13.5,0.0],"rotation":0,"texture":"#0","tintindex":0},"down":{"uv":[14.125,0.125,13.5,0.25],"rotation":0,"texture":"#0","tintindex":0}}},{"from":[8.219209,12.742547,5.880978],"to":[9.315255,13.14443,6.392466],"rotation":{"angle":-22.5,"axis":"z","origin":[9.790208,13.180964,5.954048]},"faces":{"east":{"uv":[3.0,14.375,3.125,14.5],"rotation":0,"texture":"#0","tintindex":0},"south":{"uv":[14.25,0.125,14.5,0.25],"rotation":0,"texture":"#0","tintindex":0},"north":{"uv":[0.125,14.25,0.375,14.375],"rotation":0,"texture":"#0","tintindex":0},"west":{"uv":[14.375,3.0,14.5,3.125],"rotation":0,"texture":"#0","tintindex":0},"up":{"uv":[0.625,14.375,0.375,14.25],"rotation":0,"texture":"#0","tintindex":0},"down":{"uv":[14.5,0.375,14.25,0.5],"rotation":0,"texture":"#0","tintindex":0}}},{"from":[9.169115,12.9252205,5.8079085],"to":[10.48437,13.436708,6.392466],"rotation":{"angle":0.0,"axis":"y","origin":[11.726556,13.180964,8.255744]},"faces":{"east":{"uv":[3.125,14.375,3.25,14.5],"rotation":0,"texture":"#0","tintindex":0},"south":{"uv":[1.0,14.25,1.25,14.375],"rotation":0,"texture":"#0","tintindex":0},"north":{"uv":[0.75,14.25,1.0,14.375],"rotation":0,"texture":"#0","tintindex":0},"west":{"uv":[14.375,3.125,14.5,3.25],"rotation":0,"texture":"#0","tintindex":0},"up":{"uv":[14.5,1.25,14.25,1.125],"rotation":0,"texture":"#0","tintindex":0},"down":{"uv":[1.5,14.25,1.25,14.375],"rotation":0,"texture":"#0","tintindex":0}}},{"from":[11.361207,12.833883,7.0500937],"to":[11.945765,13.546313,8.876837],"rotation":{"angle":0.0,"axis":"y","origin":[9.570999,13.473244,9.972882]},"faces":{"east":{"uv":[0.0,14.0,0.375,14.125],"rotation":0,"texture":"#0","tintindex":0},"south":{"uv":[14.375,3.25,14.5,3.375],"rotation":0,"texture":"#0","tintindex":0},"north":{"uv":[3.25,14.375,3.375,14.5],"rotation":0,"texture":"#0","tintindex":0},"west":{"uv":[0.375,14.0,0.75,14.125],"rotation":0,"texture":"#0","tintindex":0},"up":{"uv":[6.0,14.25,5.875,13.875],"rotation":0,"texture":"#0","tintindex":0},"down":{"uv":[6.125,13.875,6.0,14.25],"rotation":0,"texture":"#0","tintindex":0}}},{"from":[9.972882,12.852152,10.2651615],"to":[11.945765,13.509779,10.849719],"rotation":{"angle":45.0,"axis":"y","origin":[9.570999,13.473244,9.972882]},"faces":{"east":{"uv":[3.375,14.375,3.5,14.5],"rotation":0,"texture":"#0","tintindex":0},"south":{"uv":[13.625,2.625,14.125,2.75],"rotation":0,"texture":"#0","tintindex":0},"north":{"uv":[2.5,13.625,3.0,13.75],"rotation":0,"texture":"#0","tintindex":0},"west":{"uv":[14.375,3.375,14.5,3.5],"rotation":0,"texture":"#0","tintindex":0},"up":{"uv":[14.125,2.875,13.625,2.75],"rotation":0,"texture":"#0","tintindex":0},"down":{"uv":[14.125,2.875,13.625,3.0],"rotation":0,"texture":"#0","tintindex":0}}},{"from":[7.780791,13.14443,9.680603],"to":[10.411301,13.802057,10.2651615],"rotation":{"angle":-22.5,"axis":"z","origin":[9.570999,13.473244,9.972882]},"faces":{"east":{"uv":[3.5,14.375,3.625,14.5],"rotation":0,"texture":"#0","tintindex":0},"south":{"uv":[13.5,0.75,14.125,0.875],"rotation":0,"texture":"#0","tintindex":0},"north":{"uv":[13.5,0.25,14.125,0.375],"rotation":0,"texture":"#0","tintindex":0},"west":{"uv":[14.375,3.5,14.5,3.625],"rotation":0,"texture":"#0","tintindex":0},"up":{"uv":[14.125,1.0,13.5,0.875],"rotation":0,"texture":"#0","tintindex":0},"down":{"uv":[14.125,1.0,13.5,1.125],"rotation":0,"texture":"#0","tintindex":0}}},{"from":[8.401351,14.420474,6.1854353],"to":[9.278188,14.858892,6.769993],"rotation":{"angle":-22.5,"axis":"z","origin":[8.437886,14.603148,6.477714]},"faces":{"east":{"uv":[3.625,14.375,3.75,14.5],"rotation":0,"texture":"#0","tintindex":0},"south":{"uv":[14.25,1.5,14.5,1.625],"rotation":0,"texture":"#0","tintindex":0},"north":{"uv":[1.5,14.25,1.75,14.375],"rotation":0,"texture":"#0","tintindex":0},"west":{"uv":[14.375,3.625,14.5,3.75],"rotation":0,"texture":"#0","tintindex":0},"up":{"uv":[14.5,1.75,14.25,1.625],"rotation":0,"texture":"#0","tintindex":0},"down":{"uv":[2.0,14.25,1.75,14.375],"rotation":0,"texture":"#0","tintindex":0}}},{"from":[9.132581,14.057802,6.1123657],"to":[10.447836,14.642359,6.769993],"rotation":{"angle":0.0,"axis":"y","origin":[11.653486,14.3500805,8.742875]},"faces":{"east":{"uv":[3.75,14.375,3.875,14.5],"rotation":0,"texture":"#0","tintindex":0},"south":{"uv":[2.0,14.25,2.25,14.375],"rotation":0,"texture":"#0","tintindex":0},"north":{"uv":[14.25,1.75,14.5,1.875],"rotation":0,"texture":"#0","tintindex":0},"west":{"uv":[3.875,14.375,4.0,14.5],"rotation":0,"texture":"#0","tintindex":0},"up":{"uv":[2.5,14.375,2.25,14.25],"rotation":0,"texture":"#0","tintindex":0},"down":{"uv":[2.75,14.25,2.5,14.375],"rotation":0,"texture":"#0","tintindex":0}}},{"from":[12.055369,14.021267,6.039296],"to":[12.7129965,14.715429,8.012178],"rotation":{"angle":45.0,"axis":"y","origin":[11.653486,14.3500805,8.742875]},"faces":{"east":{"uv":[14.0,2.25,14.375,2.375],"rotation":0,"texture":"#0","tintindex":0},"south":{"uv":[4.125,14.375,4.25,14.5],"rotation":0,"texture":"#0","tintindex":0},"north":{"uv":[4.0,14.375,4.125,14.5],"rotation":0,"texture":"#0","tintindex":0},"west":{"uv":[14.0,2.375,14.375,2.5],"rotation":0,"texture":"#0","tintindex":0},"up":{"uv":[6.75,14.25,6.625,13.875],"rotation":0,"texture":"#0","tintindex":0},"down":{"uv":[7.0,13.875,6.875,14.25],"rotation":0,"texture":"#0","tintindex":0}}},{"from":[11.251602,13.984732,7.5006905],"to":[11.90923,14.751964,9.254364],"rotation":{"angle":0.0,"axis":"y","origin":[9.49793,14.642359,10.460014]},"faces":{"east":{"uv":[14.0,2.5,14.375,2.625],"rotation":0,"texture":"#0","tintindex":0},"south":{"uv":[4.25,14.375,4.375,14.5],"rotation":0,"texture":"#0","tintindex":0},"north":{"uv":[14.375,4.125,14.5,4.25],"rotation":0,"texture":"#0","tintindex":0},"west":{"uv":[3.25,14.0,3.625,14.125],"rotation":0,"texture":"#0","tintindex":0},"up":{"uv":[11.75,14.25,11.625,13.875],"rotation":0,"texture":"#0","tintindex":0},"down":{"uv":[3.75,14.0,3.625,14.375],"rotation":0,"texture":"#0","tintindex":0}}},{"from":[10.667045,13.984732,10.715757],"to":[11.9823,14.715429,11.373385],"rotation":{"angle":45.0,"axis":"y","origin":[9.49793,14.642359,10.460014]},"faces":{"east":{"uv":[4.375,14.375,4.5,14.5],"rotation":0,"texture":"#0","tintindex":0},"south":{"uv":[3.0,14.25,3.25,14.375],"rotation":0,"texture":"#0","tintindex":0},"north":{"uv":[2.75,14.25,3.0,14.375],"rotation":0,"texture":"#0","tintindex":0},"west":{"uv":[14.375,4.375,14.5,4.5],"rotation":0,"texture":"#0","tintindex":0},"up":{"uv":[3.5,14.375,3.25,14.25],"rotation":0,"texture":"#0","tintindex":0},"down":{"uv":[14.5,3.75,14.25,3.875],"rotation":0,"texture":"#0","tintindex":0}}},{"from":[12.164974,12.870419,5.7348385],"to":[12.749532,13.509779,7.488512],"rotation":{"angle":45.0,"axis":"y","origin":[11.726556,13.180964,8.255744]},"faces":{"east":{"uv":[14.0,3.5,14.375,3.625],"rotation":0,"texture":"#0","tintindex":0},"south":{"uv":[14.375,4.5,14.5,4.625],"rotation":0,"texture":"#0","tintindex":0},"north":{"uv":[4.5,14.375,4.625,14.5],"rotation":0,"texture":"#0","tintindex":0},"west":{"uv":[14.0,3.625,14.375,3.75],"rotation":0,"texture":"#0","tintindex":0},"up":{"uv":[3.875,14.375,3.75,14.0],"rotation":0,"texture":"#0","tintindex":0},"down":{"uv":[4.0,14.0,3.875,14.375],"rotation":0,"texture":"#0","tintindex":0}}},{"from":[8.114171,15.569601,9.370057],"to":[9.103657,16.406857,10.283428],"rotation":{"angle":0.0,"axis":"y","origin":[10.6640005,15.112915,9.8648]},"faces":{"east":{"uv":[4.0,14.25,4.25,14.375],"rotation":0,"texture":"#0","tintindex":0},"south":{"uv":[14.25,4.0,14.5,4.125],"rotation":0,"texture":"#0","tintindex":0},"north":{"uv":[14.25,3.875,14.5,4.0],"rotation":0,"texture":"#0","tintindex":0},"west":{"uv":[4.25,14.25,4.5,14.375],"rotation":0,"texture":"#0","tintindex":0},"up":{"uv":[3.25,13.875,3.0,13.625],"rotation":0,"texture":"#0","tintindex":0},"down":{"uv":[13.875,4.625,13.625,4.875],"rotation":0,"texture":"#0","tintindex":0}}},{"from":[8.723085,10.773257,10.4356575],"to":[13.747772,15.721828,10.4356575],"rotation":{"angle":-22.5,"axis":"z","origin":[10.6640005,15.112915,9.8648]},"faces":{"east":{"uv":[0.0,0.0,0.0,1.125],"rotation":0,"texture":"#0","tintindex":0},"south":{"uv":[5.375,2.0,6.5,3.125],"rotation":0,"texture":"#0","tintindex":0},"north":{"uv":[3.0,5.0,4.125,6.125],"rotation":0,"texture":"#0","tintindex":0},"west":{"uv":[0.0,0.0,0.0,1.125],"rotation":0,"texture":"#0","tintindex":0},"up":{"uv":[1.125,0.0,0.0,0.0],"rotation":0,"texture":"#0","tintindex":0},"down":{"uv":[1.125,0.0,0.0,0.0],"rotation":0,"texture":"#0","tintindex":0}}},{"from":[2.2522283,10.773257,10.4356575],"to":[7.276914,15.721828,10.4356575],"rotation":{"angle":22.5,"axis":"z","origin":[5.3359995,15.112915,9.8648]},"faces":{"east":{"uv":[0.0,0.0,0.0,1.125],"rotation":0,"texture":"#0","tintindex":0},"south":{"uv":[5.875,4.25,7.0,5.375],"rotation":0,"texture":"#0","tintindex":0},"north":{"uv":[5.375,3.125,6.5,4.25],"rotation":0,"texture":"#0","tintindex":0},"west":{"uv":[0.0,0.0,0.0,1.125],"rotation":0,"texture":"#0","tintindex":0},"up":{"uv":[1.125,0.0,0.0,0.0],"rotation":0,"texture":"#0","tintindex":0},"down":{"uv":[1.125,0.0,0.0,0.0],"rotation":0,"texture":"#0","tintindex":0}}},{"from":[6.8963428,15.569601,9.370057],"to":[7.8858285,16.406857,10.283428],"rotation":{"angle":0.0,"axis":"y","origin":[5.3359995,15.112915,9.8648]},"faces":{"east":{"uv":[4.5,14.25,4.75,14.375],"rotation":0,"texture":"#0","tintindex":0},"south":{"uv":[14.25,4.625,14.5,4.75],"rotation":0,"texture":"#0","tintindex":0},"north":{"uv":[14.25,4.25,14.5,4.375],"rotation":0,"texture":"#0","tintindex":0},"west":{"uv":[4.75,14.25,5.0,14.375],"rotation":0,"texture":"#0","tintindex":0},"up":{"uv":[5.375,13.875,5.125,13.625],"rotation":0,"texture":"#0","tintindex":0},"down":{"uv":[6.125,13.625,5.875,13.875],"rotation":0,"texture":"#0","tintindex":0}}},{"from":[2.2522283,14.960686,9.217829],"to":[7.276914,15.721828,10.359543],"rotation":{"angle":22.5,"axis":"z","origin":[5.3359995,15.112915,9.8648]},"faces":{"east":{"uv":[14.25,4.75,14.5,4.875],"rotation":0,"texture":"#0","tintindex":0},"south":{"uv":[12.5,5.375,13.625,5.5],"rotation":0,"texture":"#0","tintindex":0},"north":{"uv":[12.125,3.75,13.25,3.875],"rotation":0,"texture":"#0","tintindex":0},"west":{"uv":[5.0,14.25,5.25,14.375],"rotation":0,"texture":"#0","tintindex":0},"up":{"uv":[12.625,0.25,11.5,0.0],"rotation":0,"texture":"#0","tintindex":0},"down":{"uv":[12.625,0.25,11.5,0.5],"rotation":0,"texture":"#0","tintindex":0}}},{"from":[2.7093716,15.132114,9.274971],"to":[5.9054856,15.778971,10.302401],"rotation":{"angle":0.0,"axis":"y","origin":[5.3359995,15.112915,9.8648]},"faces":{"east":{"uv":[5.25,14.25,5.5,14.375],"rotation":0,"texture":"#0","tintindex":0},"south":{"uv":[13.125,11.0,13.875,11.125],"rotation":0,"texture":"#0","tintindex":0},"north":{"uv":[13.125,10.875,13.875,11.0],"rotation":0,"texture":"#0","tintindex":0},"west":{"uv":[14.25,5.25,14.5,5.375],"rotation":0,"texture":"#0","tintindex":0},"up":{"uv":[8.375,12.625,7.625,12.375],"rotation":0,"texture":"#0","tintindex":0},"down":{"uv":[12.875,12.375,12.125,12.625],"rotation":0,"texture":"#0","tintindex":0}}},{"from":[10.094515,15.132114,9.274971],"to":[13.290628,15.778971,10.302401],"rotation":{"angle":0.0,"axis":"y","origin":[10.6640005,15.112915,9.8648]},"faces":{"east":{"uv":[5.5,14.25,5.75,14.375],"rotation":0,"texture":"#0","tintindex":0},"south":{"uv":[13.125,12.125,13.875,12.25],"rotation":0,"texture":"#0","tintindex":0},"north":{"uv":[13.125,12.0,13.875,12.125],"rotation":0,"texture":"#0","tintindex":0},"west":{"uv":[14.25,5.5,14.5,5.625],"rotation":0,"texture":"#0","tintindex":0},"up":{"uv":[2.5,12.75,1.75,12.5],"rotation":0,"texture":"#0","tintindex":0},"down":{"uv":[13.25,4.625,12.5,4.875],"rotation":0,"texture":"#0","tintindex":0}}},{"from":[8.723085,14.960686,9.217829],"to":[13.747772,15.721828,10.359543],"rotation":{"angle":-22.5,"axis":"z","origin":[10.6640005,15.112915,9.8648]},"faces":{"east":{"uv":[14.25,5.625,14.5,5.75],"rotation":0,"texture":"#0","tintindex":0},"south":{"uv":[12.5,11.125,13.625,11.25],"rotation":0,"texture":"#0","tintindex":0},"north":{"uv":[12.5,8.375,13.625,8.5],"rotation":0,"texture":"#0","tintindex":0},"west":{"uv":[14.25,5.75,14.5,5.875],"rotation":0,"texture":"#0","tintindex":0},"up":{"uv":[12.625,1.0,11.5,0.75],"rotation":0,"texture":"#0","tintindex":0},"down":{"uv":[12.625,1.0,11.5,1.25],"rotation":0,"texture":"#0","tintindex":0}}},{"from":[7.2883315,6.1269255,9.339611],"to":[8.711669,6.964183,10.260594],"rotation":{"angle":0.0,"axis":"y","origin":[7.455783,11.469463,8.0]},"faces":{"east":{"uv":[14.25,5.875,14.5,6.0],"rotation":0,"texture":"#0","tintindex":0},"south":{"uv":[14.25,6.0,14.5,6.125],"rotation":0,"texture":"#0","tintindex":0},"north":{"uv":[5.875,14.25,6.125,14.375],"rotation":0,"texture":"#0","tintindex":0},"west":{"uv":[6.125,14.25,6.375,14.375],"rotation":0,"texture":"#0","tintindex":0},"up":{"uv":[6.5,13.875,6.25,13.625],"rotation":0,"texture":"#0","tintindex":0},"down":{"uv":[6.75,13.625,6.5,13.875],"rotation":0,"texture":"#0","tintindex":0}}},{"from":[7.12088,8.136343,9.088434],"to":[8.87912,8.9736,10.260594],"rotation":{"angle":0.0,"axis":"y","origin":[7.6232343,11.469463,8.0]},"faces":{"east":{"uv":[14.25,6.125,14.5,6.25],"rotation":0,"texture":"#0","tintindex":0},"south":{"uv":[14.0,5.125,14.375,5.25],"rotation":0,"texture":"#0","tintindex":0},"north":{"uv":[4.5,14.0,4.875,14.125],"rotation":0,"texture":"#0","tintindex":0},"west":{"uv":[6.375,14.25,6.625,14.375],"rotation":0,"texture":"#0","tintindex":0},"up":{"uv":[13.625,4.875,13.25,4.625],"rotation":0,"texture":"#0","tintindex":0},"down":{"uv":[13.75,3.0,13.375,3.25],"rotation":0,"texture":"#0","tintindex":0}}},{"from":[7.12088,10.648114,9.088434],"to":[8.87912,11.485372,10.260594],"rotation":{"angle":0.0,"axis":"y","origin":[7.6232343,11.469463,8.0]},"faces":{"east":{"uv":[6.625,14.25,6.875,14.375],"rotation":0,"texture":"#0","tintindex":0},"south":{"uv":[6.25,14.0,6.625,14.125],"rotation":0,"texture":"#0","tintindex":0},"north":{"uv":[14.0,5.375,14.375,5.5],"rotation":0,"texture":"#0","tintindex":0},"west":{"uv":[6.875,14.25,7.125,14.375],"rotation":0,"texture":"#0","tintindex":0},"up":{"uv":[13.75,3.5,13.375,3.25],"rotation":0,"texture":"#0","tintindex":0},"down":{"uv":[13.75,3.75,13.375,4.0],"rotation":0,"texture":"#0","tintindex":0}}},{"from":[7.12088,13.159886,9.088434],"to":[8.87912,13.997143,10.260594],"rotation":{"angle":0.0,"axis":"y","origin":[7.6232343,11.469463,8.0]},"faces":{"east":{"uv":[7.125,14.25,7.375,14.375],"rotation":0,"texture":"#0","tintindex":0},"south":{"uv":[14.0,6.375,14.375,6.5],"rotation":0,"texture":"#0","tintindex":0},"north":{"uv":[14.0,6.25,14.375,6.375],"rotation":0,"texture":"#0","tintindex":0},"west":{"uv":[14.25,7.5,14.5,7.625],"rotation":0,"texture":"#0","tintindex":0},"up":{"uv":[13.75,4.25,13.375,4.0],"rotation":0,"texture":"#0","tintindex":0},"down":{"uv":[13.75,4.875,13.375,5.125],"rotation":0,"texture":"#0","tintindex":0}}},{"from":[7.12088,17.848526,9.088434],"to":[8.87912,18.685783,10.34432],"rotation":{"angle":0.0,"axis":"y","origin":[7.6232343,11.469463,8.0]},"faces":{"east":{"uv":[7.625,14.25,7.875,14.375],"rotation":0,"texture":"#0","tintindex":0},"south":{"uv":[7.25,14.0,7.625,14.125],"rotation":0,"texture":"#0","tintindex":0},"north":{"uv":[14.0,6.875,14.375,7.0],"rotation":0,"texture":"#0","tintindex":0},"west":{"uv":[14.25,7.75,14.5,7.875],"rotation":0,"texture":"#0","tintindex":0},"up":{"uv":[13.75,5.75,13.375,5.5],"rotation":0,"texture":"#0","tintindex":0},"down":{"uv":[13.75,5.75,13.375,6.0],"rotation":0,"texture":"#0","tintindex":0}}},{"from":[7.12088,15.671658,9.088434],"to":[8.87912,16.508915,10.34432],"rotation":{"angle":0.0,"axis":"y","origin":[7.6232343,11.469463,8.0]},"faces":{"east":{"uv":[7.875,14.25,8.125,14.375],"rotation":0,"texture":"#0","tintindex":0},"south":{"uv":[14.0,7.375,14.375,7.5],"rotation":0,"texture":"#0","tintindex":0},"north":{"uv":[14.0,7.25,14.375,7.375],"rotation":0,"texture":"#0","tintindex":0},"west":{"uv":[14.25,7.875,14.5,8.0],"rotation":0,"texture":"#0","tintindex":0},"up":{"uv":[13.75,6.25,13.375,6.0],"rotation":0,"texture":"#0","tintindex":0},"down":{"uv":[13.75,7.0,13.375,7.25],"rotation":0,"texture":"#0","tintindex":0}}},{"from":[7.5906744,5.550149,9.43264],"to":[8.409326,8.12704,10.08384],"rotation":{"angle":0.0,"axis":"y","origin":[7.2464685,11.469463,8.0]},"faces":{"east":{"uv":[11.25,13.25,11.375,13.875],"rotation":0,"texture":"#0","tintindex":0},"south":{"uv":[5.0,13.375,5.125,14.0],"rotation":0,"texture":"#0","tintindex":0},"north":{"uv":[3.375,13.25,3.5,13.875],"rotation":0,"texture":"#0","tintindex":0},"west":{"uv":[6.75,13.375,6.875,14.0],"rotation":0,"texture":"#0","tintindex":0},"up":{"uv":[4.75,14.5,4.625,14.375],"rotation":0,"texture":"#0","tintindex":0},"down":{"uv":[4.875,14.375,4.75,14.5],"rotation":0,"texture":"#0","tintindex":0}}},{"from":[7.41392,7.466537,9.255886],"to":[8.58608,18.685783,10.093143],"rotation":{"angle":0.0,"axis":"y","origin":[7.41392,11.469463,8.0]},"faces":{"east":{"uv":[9.25,10.375,9.375,12.875],"rotation":0,"texture":"#0","tintindex":0},"south":{"uv":[1.5,8.875,1.75,11.375],"rotation":0,"texture":"#0","tintindex":0},"north":{"uv":[1.25,8.875,1.5,11.375],"rotation":0,"texture":"#0","tintindex":0},"west":{"uv":[0.875,10.5,1.0,13.0],"rotation":0,"texture":"#0","tintindex":0},"up":{"uv":[14.5,8.125,14.25,8.0],"rotation":0,"texture":"#0","tintindex":0},"down":{"uv":[8.375,14.25,8.125,14.375],"rotation":0,"texture":"#0","tintindex":0}}}],"textures":{"0":"modelengine:entity/nocsy_skeleton_brute_skin"},"display":{"head":{"translation":[0.0,-6.4,0.0],"scale":[4.0,4.0,4.0]}}}