{"elements":[{"from":[6.1130376,5.822795,3.4194112],"to":[9.886963,6.8153114,8.336193],"rotation":{"angle":0.0,"axis":"y","origin":[9.737975,2.6198826,4.849231]},"faces":{"east":{"uv":[11.375,4.75,12.5,5.0],"rotation":0,"texture":"#0","tintindex":0},"south":{"uv":[12.0,3.875,12.875,4.125],"rotation":0,"texture":"#0","tintindex":0},"north":{"uv":[12.0,3.25,12.875,3.5],"rotation":0,"texture":"#0","tintindex":0},"west":{"uv":[11.375,5.0,12.5,5.25],"rotation":0,"texture":"#0","tintindex":0},"up":{"uv":[1.5,8.25,0.625,7.125],"rotation":0,"texture":"#0","tintindex":0},"down":{"uv":[2.375,7.125,1.5,8.25],"rotation":0,"texture":"#0","tintindex":0}}},{"from":[6.5714283,5.4170804,3.985125],"to":[9.428572,5.988509,7.9851255],"rotation":{"angle":0.0,"axis":"y","origin":[9.630651,2.6198826,4.849231]},"faces":{"east":{"uv":[12.625,10.75,13.5,10.875],"rotation":0,"texture":"#0","tintindex":0},"south":{"uv":[13.375,7.375,14.0,7.5],"rotation":0,"texture":"#0","tintindex":0},"north":{"uv":[13.375,7.25,14.0,7.375],"rotation":0,"texture":"#0","tintindex":0},"west":{"uv":[12.625,12.25,13.5,12.375],"rotation":0,"texture":"#0","tintindex":0},"up":{"uv":[9.75,7.625,9.125,6.75],"rotation":0,"texture":"#0","tintindex":0},"down":{"uv":[10.0,3.75,9.375,4.625],"rotation":0,"texture":"#0","tintindex":0}}},{"from":[6.118752,5.828509,3.7108393],"to":[8.166963,6.809597,8.616193],"rotation":{"angle":45.0,"axis":"y","origin":[8.0,6.6047673,5.877802]},"faces":{"east":{"uv":[11.375,5.25,12.5,5.5],"rotation":0,"texture":"#0","tintindex":0},"south":{"uv":[12.125,12.625,12.625,12.875],"rotation":0,"texture":"#0","tintindex":0},"north":{"uv":[12.625,12.0,13.125,12.25],"rotation":0,"texture":"#0","tintindex":0},"west":{"uv":[11.375,8.0,12.5,8.25],"rotation":0,"texture":"#0","tintindex":0},"up":{"uv":[7.5,10.0,7.0,8.875],"rotation":0,"texture":"#0","tintindex":0},"down":{"uv":[9.625,1.625,9.125,2.75],"rotation":0,"texture":"#0","tintindex":0}}},{"from":[7.833038,5.828509,3.7108393],"to":[9.881248,6.809597,8.616193],"rotation":{"angle":-45.0,"axis":"y","origin":[8.0,6.6047673,5.877802]},"faces":{"east":{"uv":[11.375,8.25,12.5,8.5],"rotation":0,"texture":"#0","tintindex":0},"south":{"uv":[1.75,12.75,2.25,13.0],"rotation":0,"texture":"#0","tintindex":0},"north":{"uv":[12.625,12.625,13.125,12.875],"rotation":0,"texture":"#0","tintindex":0},"west":{"uv":[11.375,11.0,12.5,11.25],"rotation":0,"texture":"#0","tintindex":0},"up":{"uv":[8.875,10.375,8.375,9.25],"rotation":0,"texture":"#0","tintindex":0},"down":{"uv":[9.375,9.25,8.875,10.375],"rotation":0,"texture":"#0","tintindex":0}}},{"from":[6.1130376,6.394223,3.7051253],"to":[9.315534,7.3867397,4.621907],"rotation":{"angle":45.0,"axis":"y","origin":[8.0,7.176196,5.877802]},"faces":{"east":{"uv":[9.75,10.125,10.0,10.375],"rotation":0,"texture":"#0","tintindex":0},"south":{"uv":[12.125,2.0,12.875,2.25],"rotation":0,"texture":"#0","tintindex":0},"north":{"uv":[12.125,1.75,12.875,2.0],"rotation":0,"texture":"#0","tintindex":0},"west":{"uv":[8.5,13.375,8.75,13.625],"rotation":0,"texture":"#0","tintindex":0},"up":{"uv":[12.875,3.0,12.125,2.75],"rotation":0,"texture":"#0","tintindex":0},"down":{"uv":[12.875,3.5,12.125,3.75],"rotation":0,"texture":"#0","tintindex":0}}},{"from":[6.107323,6.388509,3.4136968],"to":[9.892676,7.392454,4.341907],"rotation":{"angle":0.0,"axis":"y","origin":[9.737975,3.1913114,4.849231]},"faces":{"east":{"uv":[9.5,13.375,9.75,13.625],"rotation":0,"texture":"#0","tintindex":0},"south":{"uv":[12.0,7.125,12.875,7.375],"rotation":0,"texture":"#0","tintindex":0},"north":{"uv":[12.0,4.125,12.875,4.375],"rotation":0,"texture":"#0","tintindex":0},"west":{"uv":[13.5,1.25,13.75,1.5],"rotation":0,"texture":"#0","tintindex":0},"up":{"uv":[12.875,7.625,12.0,7.375],"rotation":0,"texture":"#0","tintindex":0},"down":{"uv":[12.875,7.625,12.0,7.875],"rotation":0,"texture":"#0","tintindex":0}}},{"from":[6.6844664,6.394223,3.7051253],"to":[9.886963,7.3867397,4.621907],"rotation":{"angle":-45.0,"axis":"y","origin":[8.0,7.176196,5.877802]},"faces":{"east":{"uv":[1.75,13.5,2.0,13.75],"rotation":0,"texture":"#0","tintindex":0},"south":{"uv":[12.125,5.5,12.875,5.75],"rotation":0,"texture":"#0","tintindex":0},"north":{"uv":[12.125,4.375,12.875,4.625],"rotation":0,"texture":"#0","tintindex":0},"west":{"uv":[2.0,13.5,2.25,13.75],"rotation":0,"texture":"#0","tintindex":0},"up":{"uv":[12.875,6.0,12.125,5.75],"rotation":0,"texture":"#0","tintindex":0},"down":{"uv":[8.875,12.125,8.125,12.375],"rotation":0,"texture":"#0","tintindex":0}}},{"from":[4.964466,5.8170805,5.699411],"to":[11.035534,8.535312,8.3419075],"rotation":{"angle":0.0,"axis":"y","origin":[9.737975,2.6198826,4.849231]},"faces":{"east":{"uv":[10.0,3.75,10.625,4.375],"rotation":0,"texture":"#0","tintindex":0},"south":{"uv":[7.75,2.125,9.125,2.75],"rotation":0,"texture":"#0","tintindex":0},"north":{"uv":[7.75,1.5,9.125,2.125],"rotation":0,"texture":"#0","tintindex":0},"west":{"uv":[10.25,1.625,10.875,2.25],"rotation":0,"texture":"#0","tintindex":0},"up":{"uv":[3.75,8.5,2.375,7.875],"rotation":0,"texture":"#0","tintindex":0},"down":{"uv":[9.375,2.75,8.0,3.375],"rotation":0,"texture":"#0","tintindex":0}}}],"textures":{"0":"modelengine:entity/nocsy_skeleton_brute_skin"},"display":{"head":{"translation":[0.0,-6.4,0.0],"scale":[4.0,4.0,4.0]}}}