{"elements":[{"from":[7.1634154,2.279993,7.2048616],"to":[8.663439,8.993274,8.62877],"rotation":{"angle":0.0,"axis":"y","origin":[8.834867,7.3111477,8.156211]},"faces":{"east":{"uv":[0.625,10.5,0.875,12.0],"rotation":0,"texture":"#0","tintindex":0},"south":{"uv":[2.75,9.375,3.125,10.875],"rotation":0,"texture":"#0","tintindex":0},"north":{"uv":[2.375,9.375,2.75,10.875],"rotation":0,"texture":"#0","tintindex":0},"west":{"uv":[5.375,10.625,5.625,12.125],"rotation":0,"texture":"#0","tintindex":0},"up":{"uv":[10.625,3.75,10.25,3.5],"rotation":0,"texture":"#0","tintindex":0},"down":{"uv":[10.625,5.0,10.25,5.25],"rotation":0,"texture":"#0","tintindex":0}}}],"textures":{"0":"modelengine:entity/nocsy_skeleton_brute_skin"},"display":{"head":{"translation":[0.0,-6.4,0.0],"scale":[4.0,4.0,4.0]}}}