{"elements":[{"from":[7.700841,2.170682,8.134755],"to":[8.446578,7.997791,8.632949],"rotation":{"angle":0.0,"axis":"y","origin":[12.098739,12.8672085,8.611852]},"faces":{"east":{"uv":[0.0,12.625,0.125,13.875],"rotation":0,"texture":"#0","tintindex":0},"south":{"uv":[0.125,12.625,0.25,13.875],"rotation":0,"texture":"#0","tintindex":0},"north":{"uv":[5.75,12.5,5.875,13.75],"rotation":0,"texture":"#0","tintindex":0},"west":{"uv":[0.25,12.625,0.375,13.875],"rotation":0,"texture":"#0","tintindex":0},"up":{"uv":[4.625,11.625,4.5,11.5],"rotation":0,"texture":"#0","tintindex":0},"down":{"uv":[8.25,11.5,8.125,11.625],"rotation":0,"texture":"#0","tintindex":0}}},{"from":[7.695127,2.7363958,6.700469],"to":[8.452292,8.003505,7.552949],"rotation":{"angle":0.0,"axis":"y","origin":[12.098739,12.8672085,8.611852]},"faces":{"east":{"uv":[6.125,12.625,6.25,13.75],"rotation":0,"texture":"#0","tintindex":0},"south":{"uv":[9.75,12.625,9.875,13.75],"rotation":0,"texture":"#0","tintindex":0},"north":{"uv":[4.375,12.625,4.5,13.75],"rotation":0,"texture":"#0","tintindex":0},"west":{"uv":[9.875,12.625,10.0,13.75],"rotation":0,"texture":"#0","tintindex":0},"up":{"uv":[11.75,2.375,11.625,2.25],"rotation":0,"texture":"#0","tintindex":0},"down":{"uv":[12.125,9.375,12.0,9.5],"rotation":0,"texture":"#0","tintindex":0}}},{"from":[7.180841,6.907825,6.643326],"to":[9.252293,8.746363,8.638663],"rotation":{"angle":0.0,"axis":"y","origin":[12.098739,12.8672085,8.611852]},"faces":{"east":{"uv":[10.0,12.625,10.375,13.0],"rotation":0,"texture":"#0","tintindex":0},"south":{"uv":[4.5,12.125,5.0,12.5],"rotation":0,"texture":"#0","tintindex":0},"north":{"uv":[10.75,12.0,11.25,12.375],"rotation":0,"texture":"#0","tintindex":0},"west":{"uv":[12.625,10.0,13.0,10.375],"rotation":0,"texture":"#0","tintindex":0},"up":{"uv":[12.625,9.75,12.125,9.375],"rotation":0,"texture":"#0","tintindex":0},"down":{"uv":[12.625,9.75,12.125,10.125],"rotation":0,"texture":"#0","tintindex":0}}},{"from":[6.4436984,-2.4578896,4.591897],"to":[9.643699,-0.40074635,8.934754],"rotation":{"angle":0.0,"axis":"y","origin":[7.92731,0.6386361,8.611852]},"faces":{"east":{"uv":[10.625,5.5,11.5,5.875],"rotation":0,"texture":"#0","tintindex":0},"south":{"uv":[1.75,10.5,2.375,10.875],"rotation":0,"texture":"#0","tintindex":0},"north":{"uv":[9.625,2.375,10.25,2.75],"rotation":0,"texture":"#0","tintindex":0},"west":{"uv":[10.875,2.375,11.75,2.75],"rotation":0,"texture":"#0","tintindex":0},"up":{"uv":[4.75,10.25,4.125,9.375],"rotation":0,"texture":"#0","tintindex":0},"down":{"uv":[6.375,9.375,5.75,10.25],"rotation":0,"texture":"#0","tintindex":0}}},{"from":[6.3294125,-2.572176,4.4776115],"to":[9.757984,-1.9436035,9.049041],"rotation":{"angle":0.0,"axis":"y","origin":[7.92731,0.6386361,8.611852]},"faces":{"east":{"uv":[12.875,0.5,13.75,0.625],"rotation":0,"texture":"#0","tintindex":0},"south":{"uv":[13.375,7.875,14.0,8.0],"rotation":0,"texture":"#0","tintindex":0},"north":{"uv":[7.875,13.375,8.5,13.5],"rotation":0,"texture":"#0","tintindex":0},"west":{"uv":[12.875,0.625,13.75,0.75],"rotation":0,"texture":"#0","tintindex":0},"up":{"uv":[7.0,10.25,6.375,9.375],"rotation":0,"texture":"#0","tintindex":0},"down":{"uv":[10.0,9.25,9.375,10.125],"rotation":0,"texture":"#0","tintindex":0}}},{"from":[6.6151266,-0.572175,5.9061832],"to":[9.47227,-7.46727E-4,8.763326],"rotation":{"angle":-22.5,"axis":"x","origin":[8.043698,-1.4293184,6.763326]},"faces":{"east":{"uv":[13.375,8.125,14.0,8.25],"rotation":0,"texture":"#0","tintindex":0},"south":{"uv":[8.875,13.375,9.5,13.5],"rotation":0,"texture":"#0","tintindex":0},"north":{"uv":[13.375,8.0,14.0,8.125],"rotation":0,"texture":"#0","tintindex":0},"west":{"uv":[13.375,9.625,14.0,9.75],"rotation":0,"texture":"#0","tintindex":0},"up":{"uv":[10.875,8.625,10.25,8.0],"rotation":0,"texture":"#0","tintindex":0},"down":{"uv":[11.0,0.75,10.375,1.375],"rotation":0,"texture":"#0","tintindex":0}}},{"from":[6.6094127,-1.1493187,6.4718976],"to":[9.477984,2.862111,8.76904],"rotation":{"angle":0.0,"axis":"y","origin":[7.92731,0.6386361,8.611852]},"faces":{"east":{"uv":[1.75,9.625,2.25,10.5],"rotation":0,"texture":"#0","tintindex":0},"south":{"uv":[7.5,9.5,8.125,10.375],"rotation":0,"texture":"#0","tintindex":0},"north":{"uv":[4.75,9.5,5.375,10.375],"rotation":0,"texture":"#0","tintindex":0},"west":{"uv":[9.875,5.875,10.375,6.75],"rotation":0,"texture":"#0","tintindex":0},"up":{"uv":[11.5,3.5,10.875,3.0],"rotation":0,"texture":"#0","tintindex":0},"down":{"uv":[6.25,10.875,5.625,11.375],"rotation":0,"texture":"#0","tintindex":0}}}],"textures":{"0":"modelengine:entity/nocsy_skeleton_brute_skin"},"display":{"head":{"translation":[0.0,-6.4,0.0],"scale":[4.0,4.0,4.0]}}}