{"elements":[{"from":[8.055032,2.1679983,7.026742],"to":[9.555055,8.881279,8.45065],"rotation":{"angle":0.0,"axis":"y","origin":[8.340747,8.3420105,8.149519]},"faces":{"east":{"uv":[2.5,10.875,2.75,12.375],"rotation":0,"texture":"#0","tintindex":0},"south":{"uv":[3.5,9.375,3.875,10.875],"rotation":0,"texture":"#0","tintindex":0},"north":{"uv":[3.125,9.375,3.5,10.875],"rotation":0,"texture":"#0","tintindex":0},"west":{"uv":[2.75,10.875,3.0,12.375],"rotation":0,"texture":"#0","tintindex":0},"up":{"uv":[13.375,9.875,13.0,9.625],"rotation":0,"texture":"#0","tintindex":0},"down":{"uv":[13.375,9.875,13.0,10.125],"rotation":0,"texture":"#0","tintindex":0}}}],"textures":{"0":"modelengine:entity/nocsy_skeleton_brute_skin"},"display":{"head":{"translation":[0.0,-6.4,0.0],"scale":[4.0,4.0,4.0]}}}