{"elements":[{"from":[7.4296083,2.4224973,7.2275925],"to":[8.16582,8.008982,8.592778],"rotation":{"angle":0.0,"axis":"y","origin":[5.574999,13.5685215,8.0]},"faces":{"east":{"uv":[9.75,11.0,10.0,12.25],"rotation":0,"texture":"#0","tintindex":0},"south":{"uv":[4.0,12.625,4.125,13.875],"rotation":0,"texture":"#0","tintindex":0},"north":{"uv":[3.875,12.625,4.0,13.875],"rotation":0,"texture":"#0","tintindex":0},"west":{"uv":[10.0,11.0,10.25,12.25],"rotation":0,"texture":"#0","tintindex":0},"up":{"uv":[14.125,11.5,14.0,11.25],"rotation":0,"texture":"#0","tintindex":0},"down":{"uv":[11.625,14.0,11.5,14.25],"rotation":0,"texture":"#0","tintindex":0}}},{"from":[8.441037,2.4224973,7.2275925],"to":[9.042392,8.008982,8.592778],"rotation":{"angle":0.0,"axis":"y","origin":[5.574999,13.5685215,8.0]},"faces":{"east":{"uv":[10.25,11.0,10.5,12.25],"rotation":0,"texture":"#0","tintindex":0},"south":{"uv":[4.25,12.625,4.375,13.875],"rotation":0,"texture":"#0","tintindex":0},"north":{"uv":[4.125,12.625,4.25,13.875],"rotation":0,"texture":"#0","tintindex":0},"west":{"uv":[10.5,11.0,10.75,12.25],"rotation":0,"texture":"#0","tintindex":0},"up":{"uv":[14.125,11.75,14.0,11.5],"rotation":0,"texture":"#0","tintindex":0},"down":{"uv":[11.875,14.0,11.75,14.25],"rotation":0,"texture":"#0","tintindex":0}}},{"from":[7.2065754,6.669224,6.794764],"to":[9.335861,8.798511,8.834235],"rotation":{"angle":0.0,"axis":"y","origin":[7.82037,6.6976843,7.9101853]},"faces":{"east":{"uv":[11.625,5.5,12.125,6.0],"rotation":0,"texture":"#0","tintindex":0},"south":{"uv":[8.125,11.625,8.625,12.125],"rotation":0,"texture":"#0","tintindex":0},"north":{"uv":[4.5,11.625,5.0,12.125],"rotation":0,"texture":"#0","tintindex":0},"west":{"uv":[8.625,11.625,9.125,12.125],"rotation":0,"texture":"#0","tintindex":0},"up":{"uv":[12.125,10.0,11.625,9.5],"rotation":0,"texture":"#0","tintindex":0},"down":{"uv":[12.125,10.0,11.625,10.5],"rotation":0,"texture":"#0","tintindex":0}}},{"from":[7.829426,0.07689142,6.582682],"to":[9.354698,2.6023421,9.358177],"rotation":{"angle":0.0,"axis":"y","origin":[4.6538596,18.092602,8.032941]},"faces":{"east":{"uv":[11.0,9.875,11.625,10.375],"rotation":0,"texture":"#0","tintindex":0},"south":{"uv":[6.25,12.25,6.625,12.75],"rotation":0,"texture":"#0","tintindex":0},"north":{"uv":[12.25,6.0,12.625,6.5],"rotation":0,"texture":"#0","tintindex":0},"west":{"uv":[10.75,11.0,11.375,11.5],"rotation":0,"texture":"#0","tintindex":0},"up":{"uv":[1.75,12.375,1.375,11.75],"rotation":0,"texture":"#0","tintindex":0},"down":{"uv":[12.125,11.25,11.75,11.875],"rotation":0,"texture":"#0","tintindex":0}}},{"from":[7.1437116,2.5911775,6.9255395],"to":[9.1832695,3.4023418,9.129605],"rotation":{"angle":0.0,"axis":"y","origin":[4.6538596,18.092602,8.032941]},"faces":{"east":{"uv":[13.5,8.5,14.0,8.625],"rotation":0,"texture":"#0","tintindex":0},"south":{"uv":[13.5,8.625,14.0,8.75],"rotation":0,"texture":"#0","tintindex":0},"north":{"uv":[13.5,6.875,14.0,7.0],"rotation":0,"texture":"#0","tintindex":0},"west":{"uv":[13.5,8.75,14.0,8.875],"rotation":0,"texture":"#0","tintindex":0},"up":{"uv":[12.125,11.0,11.625,10.5],"rotation":0,"texture":"#0","tintindex":0},"down":{"uv":[0.5,11.75,0.0,12.25],"rotation":0,"texture":"#0","tintindex":0}}},{"from":[8.204493,-1.1733313,6.520171],"to":[9.47972,0.8520303,7.232798],"rotation":{"angle":0.0,"axis":"y","origin":[4.6538596,18.092602,8.032941]},"faces":{"east":{"uv":[8.25,13.5,8.375,14.0],"rotation":0,"texture":"#0","tintindex":0},"south":{"uv":[6.75,12.875,7.0,13.375],"rotation":0,"texture":"#0","tintindex":0},"north":{"uv":[12.875,6.0,13.125,6.5],"rotation":0,"texture":"#0","tintindex":0},"west":{"uv":[8.375,13.5,8.5,14.0],"rotation":0,"texture":"#0","tintindex":0},"up":{"uv":[14.25,12.0,14.0,11.875],"rotation":0,"texture":"#0","tintindex":0},"down":{"uv":[12.375,14.0,12.125,14.125],"rotation":0,"texture":"#0","tintindex":0}}},{"from":[8.540373,-2.0805712,6.657696],"to":[9.540552,-0.9016876,7.1577845],"rotation":{"angle":45.0,"axis":"z","origin":[8.389322,-1.7228746,7.960011]},"faces":{"east":{"uv":[12.25,13.625,12.375,14.0],"rotation":0,"texture":"#0","tintindex":0},"south":{"uv":[5.875,13.25,6.125,13.625],"rotation":0,"texture":"#0","tintindex":0},"north":{"uv":[5.125,13.25,5.375,13.625],"rotation":0,"texture":"#0","tintindex":0},"west":{"uv":[13.625,13.5,13.75,13.875],"rotation":0,"texture":"#0","tintindex":0},"up":{"uv":[14.25,12.375,14.0,12.25],"rotation":0,"texture":"#0","tintindex":0},"down":{"uv":[12.5,14.0,12.375,14.125],"rotation":0,"texture":"#0","tintindex":0}}},{"from":[7.3927855,-1.9105186,6.7202067],"to":[8.725084,-1.0280857,7.0952735],"rotation":{"angle":22.5,"axis":"z","origin":[8.389322,-1.7228746,7.960011]},"faces":{"east":{"uv":[1.0,13.75,1.125,14.125],"rotation":0,"texture":"#0","tintindex":0},"south":{"uv":[6.5,13.25,6.75,13.625],"rotation":0,"texture":"#0","tintindex":0},"north":{"uv":[6.25,13.25,6.5,13.625],"rotation":0,"texture":"#0","tintindex":0},"west":{"uv":[1.125,13.75,1.25,14.125],"rotation":0,"texture":"#0","tintindex":0},"up":{"uv":[14.25,12.5,14.0,12.375],"rotation":0,"texture":"#0","tintindex":0},"down":{"uv":[14.25,12.5,14.0,12.625],"rotation":0,"texture":"#0","tintindex":0}}},{"from":[8.540373,-2.0805712,8.689308],"to":[9.540552,-0.9016876,9.283164],"rotation":{"angle":45.0,"axis":"z","origin":[8.389322,-1.7228746,7.960011]},"faces":{"east":{"uv":[1.25,13.75,1.375,14.125],"rotation":0,"texture":"#0","tintindex":0},"south":{"uv":[13.25,8.5,13.5,8.875],"rotation":0,"texture":"#0","tintindex":0},"north":{"uv":[13.25,6.625,13.5,7.0],"rotation":0,"texture":"#0","tintindex":0},"west":{"uv":[1.375,13.75,1.5,14.125],"rotation":0,"texture":"#0","tintindex":0},"up":{"uv":[12.875,14.125,12.625,14.0],"rotation":0,"texture":"#0","tintindex":0},"down":{"uv":[14.0,12.625,13.875,12.75],"rotation":0,"texture":"#0","tintindex":0}}},{"from":[7.5903597,-1.8638115,7.814152],"to":[8.797636,-1.2314243,8.157963],"rotation":{"angle":22.5,"axis":"z","origin":[8.389322,-1.7228746,7.960011]},"faces":{"east":{"uv":[1.5,13.75,1.625,14.125],"rotation":0,"texture":"#0","tintindex":0},"south":{"uv":[13.25,9.25,13.5,9.625],"rotation":0,"texture":"#0","tintindex":0},"north":{"uv":[13.25,8.875,13.5,9.25],"rotation":0,"texture":"#0","tintindex":0},"west":{"uv":[1.625,13.75,1.75,14.125],"rotation":0,"texture":"#0","tintindex":0},"up":{"uv":[14.25,12.875,14.0,12.75],"rotation":0,"texture":"#0","tintindex":0},"down":{"uv":[13.125,14.0,12.875,14.125],"rotation":0,"texture":"#0","tintindex":0}}},{"from":[7.5903597,-1.8638115,8.81433],"to":[8.797636,-1.2314243,9.158141],"rotation":{"angle":22.5,"axis":"z","origin":[8.389322,-1.7228746,7.960011]},"faces":{"east":{"uv":[1.75,13.75,1.875,14.125],"rotation":0,"texture":"#0","tintindex":0},"south":{"uv":[1.0,13.375,1.25,13.75],"rotation":0,"texture":"#0","tintindex":0},"north":{"uv":[13.25,10.125,13.5,10.5],"rotation":0,"texture":"#0","tintindex":0},"west":{"uv":[1.875,13.75,2.0,14.125],"rotation":0,"texture":"#0","tintindex":0},"up":{"uv":[14.25,13.0,14.0,12.875],"rotation":0,"texture":"#0","tintindex":0},"down":{"uv":[14.25,13.0,14.0,13.125],"rotation":0,"texture":"#0","tintindex":0}}},{"from":[8.540373,-2.0805712,7.6891294],"to":[9.540552,-0.9016876,8.282986],"rotation":{"angle":45.0,"axis":"z","origin":[8.389322,-1.7228746,7.960011]},"faces":{"east":{"uv":[2.0,13.75,2.125,14.125],"rotation":0,"texture":"#0","tintindex":0},"south":{"uv":[1.5,13.375,1.75,13.75],"rotation":0,"texture":"#0","tintindex":0},"north":{"uv":[1.25,13.375,1.5,13.75],"rotation":0,"texture":"#0","tintindex":0},"west":{"uv":[2.125,13.75,2.25,14.125],"rotation":0,"texture":"#0","tintindex":0},"up":{"uv":[13.375,14.125,13.125,14.0],"rotation":0,"texture":"#0","tintindex":0},"down":{"uv":[14.125,13.125,14.0,13.25],"rotation":0,"texture":"#0","tintindex":0}}},{"from":[6.204136,0.07689142,6.4576597],"to":[7.1042967,2.1022525,7.7328873],"rotation":{"angle":-22.5,"axis":"z","origin":[6.9042606,1.089572,7.0952735]},"faces":{"east":{"uv":[8.875,12.875,9.125,13.375],"rotation":0,"texture":"#0","tintindex":0},"south":{"uv":[12.875,11.25,13.125,11.75],"rotation":0,"texture":"#0","tintindex":0},"north":{"uv":[12.875,7.125,13.125,7.625],"rotation":0,"texture":"#0","tintindex":0},"west":{"uv":[12.125,12.875,12.375,13.375],"rotation":0,"texture":"#0","tintindex":0},"up":{"uv":[9.125,13.75,8.875,13.5],"rotation":0,"texture":"#0","tintindex":0},"down":{"uv":[13.75,8.875,13.5,9.125],"rotation":0,"texture":"#0","tintindex":0}}},{"from":[5.9665937,-1.1608295,6.5951843],"to":[6.5917053,0.58948326,7.5953627],"rotation":{"angle":0.0,"axis":"y","origin":[6.9042606,1.089572,7.0952735]},"faces":{"east":{"uv":[13.375,1.875,13.625,2.25],"rotation":0,"texture":"#0","tintindex":0},"south":{"uv":[2.625,13.75,2.75,14.125],"rotation":0,"texture":"#0","tintindex":0},"north":{"uv":[2.5,13.75,2.625,14.125],"rotation":0,"texture":"#0","tintindex":0},"west":{"uv":[13.375,2.625,13.625,3.0],"rotation":0,"texture":"#0","tintindex":0},"up":{"uv":[14.125,13.5,14.0,13.25],"rotation":0,"texture":"#0","tintindex":0},"down":{"uv":[13.5,14.0,13.375,14.25],"rotation":0,"texture":"#0","tintindex":0}}},{"from":[5.716549,-1.6609173,6.7202067],"to":[6.091616,-1.0358067,7.4703407],"rotation":{"angle":22.5,"axis":"z","origin":[6.2791495,-0.28567314,7.0952735]},"faces":{"east":{"uv":[13.625,14.0,13.875,14.125],"rotation":0,"texture":"#0","tintindex":0},"south":{"uv":[9.0,14.25,9.125,14.375],"rotation":0,"texture":"#0","tintindex":0},"north":{"uv":[8.875,14.25,9.0,14.375],"rotation":0,"texture":"#0","tintindex":0},"west":{"uv":[13.875,14.0,14.125,14.125],"rotation":0,"texture":"#0","tintindex":0},"up":{"uv":[0.125,14.375,0.0,14.125],"rotation":0,"texture":"#0","tintindex":0},"down":{"uv":[14.25,0.0,14.125,0.25],"rotation":0,"texture":"#0","tintindex":0}}},{"from":[8.204493,-1.1733313,7.5828605],"to":[9.47972,0.8520303,8.357999],"rotation":{"angle":0.0,"axis":"y","origin":[4.6538596,18.092602,8.032941]},"faces":{"east":{"uv":[9.125,13.5,9.25,14.0],"rotation":0,"texture":"#0","tintindex":0},"south":{"uv":[12.625,12.875,12.875,13.375],"rotation":0,"texture":"#0","tintindex":0},"north":{"uv":[12.375,12.875,12.625,13.375],"rotation":0,"texture":"#0","tintindex":0},"west":{"uv":[13.5,9.125,13.625,9.625],"rotation":0,"texture":"#0","tintindex":0},"up":{"uv":[14.25,14.0,14.0,13.875],"rotation":0,"texture":"#0","tintindex":0},"down":{"uv":[0.375,14.125,0.125,14.25],"rotation":0,"texture":"#0","tintindex":0}}},{"from":[8.204493,-1.1733313,8.583038],"to":[9.47972,0.8520303,9.389433],"rotation":{"angle":0.0,"axis":"y","origin":[4.6538596,18.092602,8.032941]},"faces":{"east":{"uv":[9.25,13.5,9.375,14.0],"rotation":0,"texture":"#0","tintindex":0},"south":{"uv":[1.75,13.0,2.0,13.5],"rotation":0,"texture":"#0","tintindex":0},"north":{"uv":[12.875,12.875,13.125,13.375],"rotation":0,"texture":"#0","tintindex":0},"west":{"uv":[9.375,13.5,9.5,14.0],"rotation":0,"texture":"#0","tintindex":0},"up":{"uv":[14.375,0.375,14.125,0.25],"rotation":0,"texture":"#0","tintindex":0},"down":{"uv":[0.625,14.125,0.375,14.25],"rotation":0,"texture":"#0","tintindex":0}}},{"from":[6.6542163,1.4021282,6.657696],"to":[9.279684,2.527328,9.283164],"rotation":{"angle":0.0,"axis":"y","origin":[4.6538596,18.092602,8.032941]},"faces":{"east":{"uv":[12.625,1.0,13.25,1.25],"rotation":0,"texture":"#0","tintindex":0},"south":{"uv":[12.625,2.25,13.25,2.5],"rotation":0,"texture":"#0","tintindex":0},"north":{"uv":[12.625,0.75,13.25,1.0],"rotation":0,"texture":"#0","tintindex":0},"west":{"uv":[12.625,2.5,13.25,2.75],"rotation":0,"texture":"#0","tintindex":0},"up":{"uv":[11.0,10.5,10.375,9.875],"rotation":0,"texture":"#0","tintindex":0},"down":{"uv":[0.625,10.5,0.0,11.125],"rotation":0,"texture":"#0","tintindex":0}}}],"textures":{"0":"modelengine:entity/nocsy_skeleton_brute_skin"},"display":{"head":{"translation":[0.0,-6.4,0.0],"scale":[4.0,4.0,4.0]}}}