{"elements":[{"from":[7.714286,2.2857141,3.9428568],"to":[8.857143,5.714286,5.142857],"rotation":{"angle":0.0,"axis":"y","origin":[8.285714,4.0,2.6285715]},"faces":{"east":{"uv":[12.75,2.75,13.275,4.25],"rotation":0,"texture":"#1","tintindex":0},"south":{"uv":[12.75,1.25,13.25,2.75],"rotation":0,"texture":"#1","tintindex":0},"north":{"uv":[12.25,1.25,12.75,2.75],"rotation":0,"texture":"#1","tintindex":0},"west":{"uv":[12.25,2.75,12.775,4.25],"rotation":0,"texture":"#1","tintindex":0},"up":{"uv":[12.75,4.5,13.25,5.025],"rotation":0,"texture":"#1","tintindex":0},"down":{"uv":[12.25,4.5,12.75,5.025],"rotation":0,"texture":"#1","tintindex":0}}},{"from":[8.0,2.8571424,-1.7142859],"to":[8.571428,5.142857,4.0],"rotation":{"angle":0.0,"axis":"y","origin":[8.285714,4.0,2.6285715]},"faces":{"east":{"uv":[13.5,4.5,16.0,5.5],"rotation":0,"texture":"#1","tintindex":0},"south":{"uv":[15.75,6.25,16.0,7.25],"rotation":0,"texture":"#1","tintindex":0},"north":{"uv":[15.5,6.25,15.75,7.25],"rotation":0,"texture":"#1","tintindex":0},"west":{"uv":[13.5,3.25,16.0,4.25],"rotation":0,"texture":"#1","tintindex":0},"up":{"uv":[15.0,6.0,15.25,8.5],"rotation":0,"texture":"#1","tintindex":0},"down":{"uv":[14.5,6.0,14.75,8.5],"rotation":0,"texture":"#1","tintindex":0}}},{"from":[8.0,3.4285712,-2.9142866],"to":[8.571428,4.5714283,-1.7142859],"rotation":{"angle":0.0,"axis":"y","origin":[8.285714,4.0,2.6285715]},"faces":{"east":{"uv":[13.0,7.5,13.5,8.0],"rotation":0,"texture":"#1","tintindex":0},"south":{"uv":[12.75,7.0,13.0,7.5],"rotation":0,"texture":"#1","tintindex":0},"north":{"uv":[12.25,7.0,12.5,7.5],"rotation":0,"texture":"#1","tintindex":0},"west":{"uv":[13.0,7.0,13.5,7.5],"rotation":0,"texture":"#1","tintindex":0},"up":{"uv":[13.75,7.5,14.0,8.0],"rotation":0,"texture":"#1","tintindex":0},"down":{"uv":[14.0,7.5,14.25,8.0],"rotation":0,"texture":"#1","tintindex":0}}},{"from":[8.0,3.4285712,5.142857],"to":[8.571428,4.5714283,9.142858],"rotation":{"angle":0.0,"axis":"y","origin":[8.285714,4.0,2.6285715]},"faces":{"east":{"uv":[13.25,0.5,15.0,1.0],"rotation":0,"texture":"#1","tintindex":0},"south":{"uv":[12.75,0.0,13.0,0.5],"rotation":0,"texture":"#1","tintindex":0},"north":{"uv":[12.5,0.0,12.75,0.5],"rotation":0,"texture":"#1","tintindex":0},"west":{"uv":[13.25,0.0,15.0,0.5],"rotation":0,"texture":"#1","tintindex":0},"up":{"uv":[15.75,0.0,16.0,1.75],"rotation":0,"texture":"#1","tintindex":0},"down":{"uv":[15.25,0.0,15.5,1.75],"rotation":0,"texture":"#1","tintindex":0}}}],"textures":{"1":"modelengine:entity/guardcyan"},"display":{"head":{"translation":[0.0,-6.4,0.0],"scale":[4.0,4.0,4.0]}}}