{"credit": "72008 / 3231V6Y25DDGCW2P0EN9ASX", "texture_size": [32, 32], "textures": {"0": "oceanset:chest", "particle": "oceanset:chest"}, "elements": [{"from": [4, 8.27145, 4], "to": [12, 9.27145, 12], "rotation": {"angle": 45, "axis": "x", "origin": [8, 8.27145, 12]}, "faces": {"north": {"uv": [11, 10, 15, 10.5], "texture": "#0"}, "east": {"uv": [10.5, 11, 14.5, 11.5], "texture": "#0"}, "south": {"uv": [11, 10.5, 15, 11], "texture": "#0"}, "west": {"uv": [10.5, 11.5, 14.5, 12], "texture": "#0"}, "up": {"uv": [4, 12, 0, 8], "texture": "#0"}, "down": {"uv": [12, 0, 8, 4], "texture": "#0"}}}, {"from": [11, 9.27145, 4], "to": [12, 11.27145, 5], "rotation": {"angle": 45, "axis": "x", "origin": [8, 8.27145, 12]}, "faces": {"north": {"uv": [2, 12.5, 2.5, 13.5], "texture": "#0"}, "east": {"uv": [13, 0, 13.5, 1], "texture": "#0"}, "south": {"uv": [13, 1, 13.5, 2], "texture": "#0"}, "west": {"uv": [13, 2, 13.5, 3], "texture": "#0"}, "down": {"uv": [11, 7.5, 10.5, 8], "texture": "#0"}}}, {"from": [10.875, 15.0764, 8.27157], "to": [12.125, 16.3264, 9.52157], "rotation": {"angle": 0, "axis": "x", "origin": [8, 8.27145, 12]}, "faces": {"north": {"uv": [0.75, 12.5, 0, 13.25], "rotation": 180, "texture": "#0"}, "east": {"uv": [9, 12, 9.75, 12.75], "rotation": 270, "texture": "#0"}, "south": {"uv": [12.75, 12.75, 12, 12], "texture": "#0"}, "west": {"uv": [11, 12, 11.75, 12.75], "rotation": 90, "texture": "#0"}, "up": {"uv": [8, 12, 8.75, 12.75], "rotation": 180, "texture": "#0"}, "down": {"uv": [10, 12, 10.75, 12.75], "texture": "#0"}}}, {"from": [11, 15.2264, 9.05546], "to": [12, 16.2264, 11.05546], "rotation": {"angle": 0, "axis": "x", "origin": [8, 8.27145, 12]}, "faces": {"east": {"uv": [13, 3, 13.5, 4], "rotation": 270, "texture": "#0"}, "west": {"uv": [4, 13, 4.5, 14], "rotation": 90, "texture": "#0"}, "up": {"uv": [3, 13, 3.5, 14], "rotation": 180, "texture": "#0"}, "down": {"uv": [3.5, 13, 4, 14], "texture": "#0"}}}, {"from": [11, 12.22855, 5.70711], "to": [12, 13.22855, 10.29211], "rotation": {"angle": 45, "axis": "x", "origin": [8, 8.27145, 12]}, "faces": {"east": {"uv": [8, 7.5, 10.25, 8], "texture": "#0"}, "west": {"uv": [0, 12, 2.25, 12.5], "texture": "#0"}, "up": {"uv": [12.5, 2.25, 12, 0], "texture": "#0"}, "down": {"uv": [3, 12, 2.5, 14.25], "texture": "#0"}}}, {"from": [5, 9.27145, 4.5], "to": [11, 11.27145, 4.5], "rotation": {"angle": 45, "axis": "x", "origin": [8, 8.27145, 12]}, "faces": {"north": {"uv": [7.5, 11, 10.5, 12], "texture": "#0"}, "east": {"uv": [0, 0, 0, 1], "texture": "#0"}, "west": {"uv": [0, 0, 0, 1], "texture": "#0"}, "up": {"uv": [3, 0, 0, 0], "texture": "#0"}, "down": {"uv": [3, 0, 0, 0], "texture": "#0"}}}, {"from": [5, 15.69607, 8.81802], "to": [11, 15.69607, 10.81802], "rotation": {"angle": 0, "axis": "x", "origin": [8, 8.27145, 12]}, "faces": {"north": {"uv": [3, 0, 0, 0], "rotation": 180, "texture": "#0"}, "east": {"uv": [0, 0, 0, 1], "rotation": 270, "texture": "#0"}, "south": {"uv": [3, 0, 0, 0], "texture": "#0"}, "west": {"uv": [0, 0, 0, 1], "rotation": 90, "texture": "#0"}, "up": {"uv": [11, 7.5, 14, 8.5], "rotation": 180, "texture": "#0"}}}, {"from": [5, 12.68466, 5.91421], "to": [11, 12.68466, 10.08921], "rotation": {"angle": 45, "axis": "x", "origin": [8, 8.27145, 12]}, "faces": {"north": {"uv": [0, 0, 3, 0], "texture": "#0"}, "east": {"uv": [0, 0, 2, 0], "texture": "#0"}, "south": {"uv": [0, 0, 3, 0], "texture": "#0"}, "west": {"uv": [0, 0, 2, 0], "texture": "#0"}, "up": {"uv": [7, 10, 4, 8], "texture": "#0"}}}, {"from": [11.499, 9.27145, 5], "to": [11.499, 12.27145, 11], "rotation": {"angle": 45, "axis": "x", "origin": [8, 8.27145, 12]}, "faces": {"north": {"uv": [0, 0, 0, 1.5], "texture": "#0"}, "east": {"uv": [8, 4, 11, 5.5], "texture": "#0"}, "south": {"uv": [0, 0, 0, 1.5], "texture": "#0"}, "up": {"uv": [0, 3, 0, 0], "texture": "#0"}, "down": {"uv": [0, 0, 0, 3], "texture": "#0"}}}, {"from": [4, 9.27145, 4], "to": [5, 11.27145, 5], "rotation": {"angle": 45, "axis": "x", "origin": [8, 8.27145, 12]}, "faces": {"north": {"uv": [2.5, 12.5, 2, 13.5], "texture": "#0"}, "east": {"uv": [13.5, 2, 13, 3], "texture": "#0"}, "south": {"uv": [13.5, 1, 13, 2], "texture": "#0"}, "west": {"uv": [13.5, 0, 13, 1], "texture": "#0"}, "down": {"uv": [10.5, 7.5, 11, 8], "texture": "#0"}}}, {"from": [3.875, 15.0764, 8.27157], "to": [5.125, 16.3264, 9.52157], "rotation": {"angle": 0, "axis": "x", "origin": [8, 8.27145, 12]}, "faces": {"north": {"uv": [0, 12.5, 0.75, 13.25], "rotation": 180, "texture": "#0"}, "east": {"uv": [11.75, 12, 11, 12.75], "rotation": 270, "texture": "#0"}, "south": {"uv": [12, 12.75, 12.75, 12], "texture": "#0"}, "west": {"uv": [9.75, 12, 9, 12.75], "rotation": 90, "texture": "#0"}, "up": {"uv": [8.75, 12, 8, 12.75], "rotation": 180, "texture": "#0"}, "down": {"uv": [10.75, 12, 10, 12.75], "texture": "#0"}}}, {"from": [4, 15.2264, 9.05546], "to": [5, 16.2264, 11.05546], "rotation": {"angle": 0, "axis": "x", "origin": [8, 8.27145, 12]}, "faces": {"east": {"uv": [4.5, 13, 4, 14], "rotation": 270, "texture": "#0"}, "west": {"uv": [13.5, 3, 13, 4], "rotation": 90, "texture": "#0"}, "up": {"uv": [3.5, 13, 3, 14], "rotation": 180, "texture": "#0"}, "down": {"uv": [4, 13, 3.5, 14], "texture": "#0"}}}, {"from": [4, 12.22855, 5.70711], "to": [5, 13.22855, 10.29211], "rotation": {"angle": 45, "axis": "x", "origin": [8, 8.27145, 12]}, "faces": {"east": {"uv": [2.25, 12, 0, 12.5], "texture": "#0"}, "west": {"uv": [10.25, 7.5, 8, 8], "texture": "#0"}, "up": {"uv": [12, 2.25, 12.5, 0], "texture": "#0"}, "down": {"uv": [2.5, 12, 3, 14.25], "texture": "#0"}}}, {"from": [11, 9.27145, 11], "to": [12, 11.27145, 12], "rotation": {"angle": 45, "axis": "x", "origin": [8, 8.27145, 12]}, "faces": {"north": {"uv": [13.5, 1, 13, 2], "texture": "#0"}, "east": {"uv": [13.5, 0, 13, 1], "texture": "#0"}, "south": {"uv": [2.5, 12.5, 2, 13.5], "texture": "#0"}, "west": {"uv": [13.5, 2, 13, 3], "texture": "#0"}, "down": {"uv": [11, 8, 10.5, 7.5], "texture": "#0"}}}, {"from": [10.875, 10.19987, 13.1481], "to": [12.125, 11.44987, 14.3981], "rotation": {"angle": 0, "axis": "x", "origin": [8, 8.27145, 12]}, "faces": {"north": {"uv": [10.75, 12, 10, 12.75], "texture": "#0"}, "east": {"uv": [9.75, 12, 9, 12.75], "texture": "#0"}, "south": {"uv": [8.75, 12, 8, 12.75], "texture": "#0"}, "west": {"uv": [11.75, 12, 11, 12.75], "texture": "#0"}, "up": {"uv": [12.75, 12, 12, 12.75], "texture": "#0"}, "down": {"uv": [0.75, 13.25, 0, 12.5], "texture": "#0"}}}, {"from": [11, 10.98376, 13.2981], "to": [12, 12.98376, 14.2981], "rotation": {"angle": 0, "axis": "x", "origin": [8, 8.27145, 12]}, "faces": {"north": {"uv": [4, 13, 3.5, 14], "texture": "#0"}, "east": {"uv": [13.5, 3, 13, 4], "texture": "#0"}, "south": {"uv": [3.5, 13, 3, 14], "texture": "#0"}, "west": {"uv": [4.5, 13, 4, 14], "texture": "#0"}}}, {"from": [4, 9.27145, 11], "to": [5, 11.27145, 12], "rotation": {"angle": 45, "axis": "x", "origin": [8, 8.27145, 12]}, "faces": {"north": {"uv": [13, 1, 13.5, 2], "texture": "#0"}, "east": {"uv": [13, 2, 13.5, 3], "texture": "#0"}, "south": {"uv": [2, 12.5, 2.5, 13.5], "texture": "#0"}, "west": {"uv": [13, 0, 13.5, 1], "texture": "#0"}, "down": {"uv": [10.5, 8, 11, 7.5], "texture": "#0"}}}, {"from": [3.875, 10.19987, 13.1481], "to": [5.125, 11.44987, 14.3981], "rotation": {"angle": 0, "axis": "x", "origin": [8, 8.27145, 12]}, "faces": {"north": {"uv": [10, 12, 10.75, 12.75], "texture": "#0"}, "east": {"uv": [11, 12, 11.75, 12.75], "texture": "#0"}, "south": {"uv": [8, 12, 8.75, 12.75], "texture": "#0"}, "west": {"uv": [9, 12, 9.75, 12.75], "texture": "#0"}, "up": {"uv": [12, 12, 12.75, 12.75], "texture": "#0"}, "down": {"uv": [0, 13.25, 0.75, 12.5], "texture": "#0"}}}, {"from": [4, 10.98376, 13.2981], "to": [5, 12.98376, 14.2981], "rotation": {"angle": 0, "axis": "x", "origin": [8, 8.27145, 12]}, "faces": {"north": {"uv": [3.5, 13, 4, 14], "texture": "#0"}, "east": {"uv": [4, 13, 4.5, 14], "texture": "#0"}, "south": {"uv": [3, 13, 3.5, 14], "texture": "#0"}, "west": {"uv": [13, 3, 13.5, 4], "texture": "#0"}}}, {"from": [4.501, 9.27145, 5], "to": [4.501, 12.27145, 11], "rotation": {"angle": 45, "axis": "x", "origin": [8, 8.27145, 12]}, "faces": {"north": {"uv": [0, 0, 0, 1.5], "texture": "#0"}, "south": {"uv": [0, 0, 0, 1.5], "texture": "#0"}, "west": {"uv": [11, 4, 8, 5.5], "texture": "#0"}, "up": {"uv": [0, 3, 0, 0], "texture": "#0"}, "down": {"uv": [0, 0, 0, 3], "texture": "#0"}}}, {"from": [5, 9.27145, 11.5], "to": [11, 11.27145, 11.5], "rotation": {"angle": 45, "axis": "x", "origin": [8, 8.27145, 12]}, "faces": {"east": {"uv": [0, 0, 0, 1], "texture": "#0"}, "south": {"uv": [10.5, 11, 7.5, 12], "texture": "#0"}, "west": {"uv": [0, 0, 0, 1], "texture": "#0"}, "up": {"uv": [3, 0, 0, 0], "texture": "#0"}, "down": {"uv": [3, 0, 0, 0], "texture": "#0"}}}, {"from": [5, 10.74632, 13.76777], "to": [11, 12.74632, 13.76777], "rotation": {"angle": 0, "axis": "x", "origin": [8, 8.27145, 12]}, "faces": {"east": {"uv": [0, 0, 0, 1], "texture": "#0"}, "south": {"uv": [14, 7.5, 11, 8.5], "texture": "#0"}, "west": {"uv": [0, 0, 0, 1], "texture": "#0"}, "up": {"uv": [3, 0, 0, 0], "texture": "#0"}, "down": {"uv": [3, 0, 0, 0], "texture": "#0"}}}, {"from": [11, 2.27145, 3], "to": [13, 4.27145, 5], "rotation": {"angle": 0, "axis": "y", "origin": [13, 2.27145, 3]}, "faces": {"north": {"uv": [12, 2.5, 13, 3.5], "texture": "#0"}, "east": {"uv": [3, 12, 4, 13], "texture": "#0"}, "south": {"uv": [4, 12, 5, 13], "texture": "#0"}, "west": {"uv": [5, 12, 6, 13], "texture": "#0"}, "up": {"uv": [13, 6.5, 12, 5.5], "texture": "#0"}, "down": {"uv": [7, 12, 6, 13], "texture": "#0"}}}, {"from": [4, 3.27145, 4], "to": [12, 5.27145, 12], "rotation": {"angle": 0, "axis": "y", "origin": [12, 3.27145, 4]}, "faces": {"north": {"uv": [8, 5.5, 12, 6.5], "texture": "#0"}, "east": {"uv": [8, 6.5, 12, 7.5], "texture": "#0"}, "south": {"uv": [7, 8, 11, 9], "texture": "#0"}, "west": {"uv": [7, 9, 11, 10], "texture": "#0"}, "up": {"uv": [4, 4, 0, 0], "texture": "#0"}, "down": {"uv": [4, 4, 0, 8], "texture": "#0"}}}, {"from": [4.5, 5.27145, 4.5], "to": [11.5, 7.27145, 11.5], "rotation": {"angle": 0, "axis": "y", "origin": [12, 5.27145, 4]}, "faces": {"north": {"uv": [4, 10, 7.5, 11], "texture": "#0"}, "east": {"uv": [7.5, 10, 11, 11], "texture": "#0"}, "south": {"uv": [4, 11, 7.5, 12], "texture": "#0"}, "west": {"uv": [11, 4, 14.5, 5], "texture": "#0"}}}, {"from": [4, 7.27145, 4], "to": [12, 8.27145, 12], "rotation": {"angle": 0, "axis": "y", "origin": [12, 7.27145, 4]}, "faces": {"north": {"uv": [11, 5, 15, 5.5], "texture": "#0"}, "east": {"uv": [11, 8.5, 15, 9], "texture": "#0"}, "south": {"uv": [11, 9, 15, 9.5], "texture": "#0"}, "west": {"uv": [11, 9.5, 15, 10], "texture": "#0"}, "up": {"uv": [8, 4, 4, 0], "texture": "#0"}, "down": {"uv": [8, 4, 4, 8], "texture": "#0"}}}, {"from": [11, 5.27145, 4], "to": [12, 7.27145, 5], "rotation": {"angle": 0, "axis": "y", "origin": [13, 5.27145, 3]}, "faces": {"north": {"uv": [12.5, 0, 13, 1], "texture": "#0"}, "east": {"uv": [1, 12.5, 1.5, 13.5], "texture": "#0"}, "south": {"uv": [12.5, 1, 13, 2], "texture": "#0"}, "west": {"uv": [1.5, 12.5, 2, 13.5], "texture": "#0"}}}, {"from": [7, 6.27145, 3.5], "to": [9, 8.27145, 4.5], "rotation": {"angle": -45, "axis": "z", "origin": [8, 7.27145, 3.5]}, "faces": {"north": {"uv": [12, 6.5, 13, 7.5], "texture": "#0"}, "east": {"uv": [4.5, 13, 5, 14], "texture": "#0"}, "south": {"uv": [7, 12, 8, 13], "texture": "#0"}, "west": {"uv": [5, 13, 5.5, 14], "texture": "#0"}, "up": {"uv": [13, 4, 12, 3.5], "texture": "#0"}, "down": {"uv": [6.5, 13, 5.5, 13.5], "texture": "#0"}}}, {"from": [3, 2.27145, 3], "to": [5, 4.27145, 5], "rotation": {"angle": 0, "axis": "y", "origin": [3, 2.27145, 3]}, "faces": {"north": {"uv": [13, 2.5, 12, 3.5], "texture": "#0"}, "east": {"uv": [6, 12, 5, 13], "texture": "#0"}, "south": {"uv": [5, 12, 4, 13], "texture": "#0"}, "west": {"uv": [4, 12, 3, 13], "texture": "#0"}, "up": {"uv": [12, 6.5, 13, 5.5], "texture": "#0"}, "down": {"uv": [6, 12, 7, 13], "texture": "#0"}}}, {"from": [3, 2.27145, 11], "to": [5, 4.27145, 13], "rotation": {"angle": 0, "axis": "y", "origin": [3, 2.27145, 13]}, "faces": {"north": {"uv": [4, 12, 5, 13], "texture": "#0"}, "east": {"uv": [5, 12, 6, 13], "texture": "#0"}, "south": {"uv": [12, 2.5, 13, 3.5], "texture": "#0"}, "west": {"uv": [3, 12, 4, 13], "texture": "#0"}, "up": {"uv": [12, 5.5, 13, 6.5], "texture": "#0"}, "down": {"uv": [6, 13, 7, 12], "texture": "#0"}}}, {"from": [11, 2.27145, 11], "to": [13, 4.27145, 13], "rotation": {"angle": 0, "axis": "y", "origin": [13, 2.27145, 13]}, "faces": {"north": {"uv": [5, 12, 4, 13], "texture": "#0"}, "east": {"uv": [4, 12, 3, 13], "texture": "#0"}, "south": {"uv": [13, 2.5, 12, 3.5], "texture": "#0"}, "west": {"uv": [6, 12, 5, 13], "texture": "#0"}, "up": {"uv": [13, 5.5, 12, 6.5], "texture": "#0"}, "down": {"uv": [7, 13, 6, 12], "texture": "#0"}}}, {"from": [4, 5.27145, 4], "to": [5, 7.27145, 5], "rotation": {"angle": 0, "axis": "y", "origin": [3, 5.27145, 3]}, "faces": {"north": {"uv": [13, 0, 12.5, 1], "texture": "#0"}, "east": {"uv": [2, 12.5, 1.5, 13.5], "texture": "#0"}, "south": {"uv": [13, 1, 12.5, 2], "texture": "#0"}, "west": {"uv": [1.5, 12.5, 1, 13.5], "texture": "#0"}}}, {"from": [11, 5.27145, 11], "to": [12, 7.27145, 12], "rotation": {"angle": 0, "axis": "y", "origin": [13, 5.27145, 13]}, "faces": {"north": {"uv": [13, 1, 12.5, 2], "texture": "#0"}, "east": {"uv": [1.5, 12.5, 1, 13.5], "texture": "#0"}, "south": {"uv": [13, 0, 12.5, 1], "texture": "#0"}, "west": {"uv": [2, 12.5, 1.5, 13.5], "texture": "#0"}}}, {"from": [4, 5.27145, 11], "to": [5, 7.27145, 12], "rotation": {"angle": 0, "axis": "y", "origin": [3, 5.27145, 13]}, "faces": {"north": {"uv": [12.5, 1, 13, 2], "texture": "#0"}, "east": {"uv": [1.5, 12.5, 2, 13.5], "texture": "#0"}, "south": {"uv": [12.5, 0, 13, 1], "texture": "#0"}, "west": {"uv": [1, 12.5, 1.5, 13.5], "texture": "#0"}}}], "gui_light": "front", "display": {"thirdperson_righthand": {"rotation": [63.75, 0, 0], "translation": [-5.25, 3.5, 2.5]}, "thirdperson_lefthand": {"rotation": [63.75, 0, 0], "translation": [-5.25, 3.5, 2.5]}, "firstperson_righthand": {"rotation": [-20, 180, 0], "translation": [-1.75, 4, 0]}, "firstperson_lefthand": {"rotation": [-20, 180, 0], "translation": [-1.75, 4, 0]}, "ground": {"translation": [0, 7.5, 0]}, "gui": {"rotation": [0, 135, 0], "translation": [0, -1.5, 0], "scale": [1.18164, 1.18164, 1.18164]}, "head": {"rotation": [0, 180, 0], "translation": [0, -27.25, 0], "scale": [2.80859, 2.80859, 2.80859]}, "fixed": {"rotation": [-90, 0, 0], "translation": [0, 0, -16.75], "scale": [3.13281, 3.13281, 3.13281]}}, "groups": [{"name": "group", "origin": [8, 16.70711, 10.79289], "color": 0, "children": [0, 1, 2, 3, 4, 5, 6, 7, 8, 9, 10, 11, 12, 13, 14, 15, 16, 17, 18, 19, 20, 21]}, {"name": "group", "origin": [3, 3, 13], "color": 0, "children": [22, 23, 24, 25, 26, 27, 28, 29, 30, 31, 32, 33]}]}