{"credit": "MadebyPolygonMC", "textures": {"1": "oceanset:spear", "2": "oceanset:animation_spear", "particle": "oceanset:spear"}, "elements": [{"from": [7.6, -0.05, 7.6], "to": [8.4, 2.45, 8.4], "rotation": {"angle": 0, "axis": "y", "origin": [7.5, -2.55, 7.5]}, "faces": {"north": {"uv": [4, 8.66667, 4.66667, 10.33333], "texture": "#1"}, "east": {"uv": [8.66667, 4, 9.33333, 5.66667], "texture": "#1"}, "south": {"uv": [4.66667, 8.66667, 5.33333, 10.33333], "texture": "#1"}, "west": {"uv": [5.33333, 8.66667, 6, 10.33333], "texture": "#1"}}}, {"from": [7.475, -1.3, 7.25], "to": [8.525, 0.2, 8.75], "rotation": {"angle": -45, "axis": "x", "origin": [8, -0.55, 8]}, "faces": {"north": {"uv": [12, 1.33333, 12.66667, 2.33333], "texture": "#1"}, "east": {"uv": [6.66667, 9.33333, 7.66667, 10.33333], "texture": "#1"}, "south": {"uv": [2, 12, 2.66667, 13], "texture": "#1"}, "west": {"uv": [9.33333, 8, 10.33333, 9], "texture": "#1"}, "up": {"uv": [3.33333, 13, 2.66667, 12], "texture": "#1"}, "down": {"uv": [4.66667, 12, 4, 13], "texture": "#1"}}}, {"from": [7.275, -1, 7.55], "to": [8.725, -0.1, 8.45], "rotation": {"angle": -45, "axis": "x", "origin": [8, -0.55, 8]}, "faces": {"north": {"uv": [11.33333, 7.33333, 12.33333, 8], "texture": "#1"}, "east": {"uv": [8.66667, 6, 9.33333, 6.66667], "texture": "#1"}, "south": {"uv": [4.66667, 12, 5.66667, 12.66667], "texture": "#1"}, "west": {"uv": [8, 9.33333, 8.66667, 10], "texture": "#1"}, "up": {"uv": [13, 5.33333, 12, 4.66667], "texture": "#1"}, "down": {"uv": [13, 5.33333, 12, 6], "texture": "#1"}}}, {"from": [7.25, 18.95, 7.25], "to": [8.75, 20.2, 8.75], "rotation": {"angle": 0, "axis": "y", "origin": [7.5, 13.95, 7.5]}, "faces": {"north": {"uv": [9.33333, 9.33333, 10.33333, 10.33333], "texture": "#1"}, "east": {"uv": [0, 10, 1, 11], "texture": "#1"}, "south": {"uv": [10, 0, 11, 1], "texture": "#1"}, "west": {"uv": [1.33333, 10, 2.33333, 11], "texture": "#1"}, "up": {"uv": [11, 2.33333, 10, 1.33333], "texture": "#1"}, "down": {"uv": [11, 2.66667, 10, 3.66667], "texture": "#1"}}}, {"from": [7.4, 19.5, 7], "to": [8.6, 21.5, 9], "rotation": {"angle": -45, "axis": "x", "origin": [8, 20.5, 8]}, "faces": {"north": {"uv": [5.33333, 10.66667, 6, 12], "texture": "#1"}, "east": {"uv": [0, 7.33333, 1.33333, 8.66667], "texture": "#1"}, "south": {"uv": [10.66667, 9.33333, 11.33333, 10.66667], "texture": "#1"}, "west": {"uv": [1.33333, 7.33333, 2.66667, 8.66667], "texture": "#1"}, "up": {"uv": [11.33333, 12, 10.66667, 10.66667], "texture": "#1"}, "down": {"uv": [0.66667, 11.33333, 0, 12.66667], "texture": "#1"}}}, {"from": [7.15, 19.75, 7.25], "to": [8.85, 21.25, 8.75], "rotation": {"angle": -45, "axis": "x", "origin": [8, 20.5, 8]}, "faces": {"north": {"uv": [10, 4, 11, 5], "texture": "#1"}, "east": {"uv": [10, 5.33333, 11, 6.33333], "texture": "#1"}, "south": {"uv": [10, 6.66667, 11, 7.66667], "texture": "#1"}, "west": {"uv": [8, 10, 9, 11], "texture": "#1"}, "up": {"uv": [5, 11.66667, 4, 10.66667], "texture": "#1"}, "down": {"uv": [7.66667, 10.66667, 6.66667, 11.66667], "texture": "#1"}}}, {"from": [7.5, 21, 7], "to": [8.5, 23, 9], "rotation": {"angle": -45, "axis": "x", "origin": [8, 22, 8]}, "faces": {"north": {"uv": [11.33333, 0, 12, 1.33333], "texture": "#1"}, "east": {"uv": [7.33333, 4, 8.66667, 5.33333], "texture": "#1"}, "south": {"uv": [0.66667, 11.33333, 1.33333, 12.66667], "texture": "#1"}, "west": {"uv": [7.33333, 5.33333, 8.66667, 6.66667], "texture": "#1"}, "up": {"uv": [2, 12.66667, 1.33333, 11.33333], "texture": "#1"}, "down": {"uv": [12, 1.33333, 11.33333, 2.66667], "texture": "#1"}}}, {"from": [7.65, 27.5, 7], "to": [8.35, 29, 8.5], "rotation": {"angle": -45, "axis": "x", "origin": [8, 28.5, 8]}, "faces": {"north": {"uv": [12, 12, 12.33333, 13], "texture": "#1"}, "east": {"uv": [10.66667, 8, 11.66667, 9], "texture": "#1"}, "south": {"uv": [0, 12.66667, 0.33333, 13.66667], "texture": "#1"}, "west": {"uv": [9.33333, 10.66667, 10.33333, 11.66667], "texture": "#1"}, "up": {"uv": [13, 1, 12.66667, 0], "texture": "#1"}, "down": {"uv": [1, 12.66667, 0.66667, 13.66667], "texture": "#1"}}}, {"from": [7.5, 21.25, 4.75], "to": [8.5, 22.75, 7.25], "rotation": {"angle": 22.5, "axis": "x", "origin": [7.5, 21.25, 3.25]}, "faces": {"north": {"uv": [12, 6, 12.66667, 7], "texture": "#1"}, "east": {"uv": [7.33333, 6.66667, 9, 7.66667], "texture": "#1"}, "south": {"uv": [6.66667, 12, 7.33333, 13], "texture": "#1"}, "west": {"uv": [8, 0, 9.66667, 1], "texture": "#1"}, "up": {"uv": [9.33333, 9.66667, 8.66667, 8], "texture": "#1"}, "down": {"uv": [10, 4, 9.33333, 5.66667], "texture": "#1"}}}, {"from": [7.25, 21.25, 4.875], "to": [8.75, 22.25, 6.75], "rotation": {"angle": 22.5, "axis": "x", "origin": [8, 22, 4]}, "faces": {"north": {"uv": [12, 8, 13, 8.66667], "texture": "#1"}, "east": {"uv": [2, 11.33333, 3.33333, 12], "texture": "#1"}, "south": {"uv": [12, 8.66667, 13, 9.33333], "texture": "#1"}, "west": {"uv": [11.33333, 2.66667, 12.66667, 3.33333], "texture": "#1"}, "up": {"uv": [7, 9.33333, 6, 8], "texture": "#1"}, "down": {"uv": [8.33333, 8, 7.33333, 9.33333], "texture": "#1"}}}, {"from": [7.25, 21.25, 9.25], "to": [8.75, 22.25, 11.125], "rotation": {"angle": -22.5, "axis": "x", "origin": [8, 22, 12]}, "faces": {"north": {"uv": [9.33333, 12, 10.33333, 12.66667], "texture": "#1"}, "east": {"uv": [11.33333, 3.33333, 12.66667, 4], "texture": "#1"}, "south": {"uv": [12, 9.33333, 13, 10], "texture": "#1"}, "west": {"uv": [11.33333, 4, 12.66667, 4.66667], "texture": "#1"}, "up": {"uv": [1, 10, 0, 8.66667], "texture": "#1"}, "down": {"uv": [2.33333, 8.66667, 1.33333, 10], "texture": "#1"}}}, {"from": [7.5, 21.25, 8.75], "to": [8.5, 22.75, 11.25], "rotation": {"angle": -22.5, "axis": "x", "origin": [7.5, 21.25, 12.75]}, "faces": {"north": {"uv": [7.33333, 12, 8, 13], "texture": "#1"}, "east": {"uv": [8, 1.33333, 9.66667, 2.33333], "texture": "#1"}, "south": {"uv": [12, 10, 12.66667, 11], "texture": "#1"}, "west": {"uv": [8, 2.66667, 9.66667, 3.66667], "texture": "#1"}, "up": {"uv": [6.66667, 11, 6, 9.33333], "texture": "#1"}, "down": {"uv": [10, 6, 9.33333, 7.66667], "texture": "#1"}}}, {"from": [8, -3, 6.5], "to": [8, 0, 9.5], "rotation": {"angle": -45, "axis": "x", "origin": [8, -1.5, 8]}, "faces": {"north": {"uv": [0, 0, 0, 2], "texture": "#1"}, "east": {"uv": [6, 0, 8, 2], "texture": "#1"}, "south": {"uv": [0, 0, 0, 2], "texture": "#1"}, "west": {"uv": [6, 2, 8, 4], "texture": "#1"}, "up": {"uv": [0, 2, 0, 0], "texture": "#1"}, "down": {"uv": [0, 0, 0, 2], "texture": "#1"}}}, {"from": [7.5, 17, 7.5], "to": [8.5, 19, 8.5], "rotation": {"angle": 0, "axis": "y", "origin": [6.6, 10, 6.6]}, "faces": {"north": {"uv": [11.33333, 4.66667, 12, 6], "texture": "#1"}, "east": {"uv": [12, 4.66667, 11.33333, 6], "texture": "#1"}, "south": {"uv": [11.33333, 4.66667, 12, 6], "texture": "#1"}, "west": {"uv": [12, 4.66667, 11.33333, 6], "texture": "#1"}, "down": {"uv": [11.33333, 12, 10.66667, 12.66667], "texture": "#1"}}}, {"from": [7.5, 2.45, 7.5], "to": [8.5, 4.45, 8.5], "rotation": {"angle": 0, "axis": "y", "origin": [6.6, 10, 6.6]}, "faces": {"north": {"uv": [12, 9.33333, 11.33333, 10.66667], "texture": "#1"}, "east": {"uv": [11.33333, 9.33333, 12, 10.66667], "texture": "#1"}, "south": {"uv": [12, 9.33333, 11.33333, 10.66667], "texture": "#1"}, "west": {"uv": [11.33333, 9.33333, 12, 10.66667], "texture": "#1"}, "up": {"uv": [12, 12.66667, 11.33333, 12], "texture": "#1"}, "down": {"uv": [12.66667, 11.33333, 12, 12], "texture": "#1"}}}, {"from": [7.6, 4.4, 7.6], "to": [8.4, 17, 8.4], "rotation": {"angle": 0, "axis": "y", "origin": [6.6, 10, 6.6]}, "faces": {"north": {"uv": [4.66667, 0, 4, 8.33333], "texture": "#1"}, "east": {"uv": [4, 0, 4.66667, 8.33333], "texture": "#1"}, "south": {"uv": [4.66667, 0, 4, 8.33333], "texture": "#1"}, "west": {"uv": [4, 0, 4.66667, 8.33333], "texture": "#1"}}}, {"from": [8, 20.75, 5.75], "to": [8, 31.75, 10.25], "rotation": {"angle": 0, "axis": "y", "origin": [8, 20.75, 5.75]}, "faces": {"north": {"uv": [0, 0, 0, 7.33333], "texture": "#1"}, "east": {"uv": [0, 0, 3, 7.33333], "texture": "#1"}, "south": {"uv": [0, 0, 0, 7.33333], "texture": "#1"}, "west": {"uv": [3, 0, 0, 7.33333], "texture": "#1"}, "up": {"uv": [0, 3, 0, 0], "texture": "#1"}, "down": {"uv": [0, 0, 0, 3], "texture": "#1"}}}, {"from": [7.675, 22, 7.5], "to": [8.325, 28, 8.5], "rotation": {"angle": 0, "axis": "y", "origin": [8, 22, 5.5]}, "faces": {"north": {"uv": [2.66667, 7.33333, 3, 11.33333], "texture": "#1"}, "east": {"uv": [6, 4, 6.66667, 8], "texture": "#1"}, "south": {"uv": [3.33333, 8.66667, 3.66667, 12.66667], "texture": "#1"}, "west": {"uv": [6.66667, 4, 7.33333, 8], "texture": "#1"}, "up": {"uv": [1.66667, 13.33333, 1.33333, 12.66667], "texture": "#1"}, "down": {"uv": [13, 1.33333, 12.66667, 2], "texture": "#1"}}}, {"from": [7.6, 21.5, 5], "to": [7.6, 32, 11], "rotation": {"angle": 0, "axis": "y", "origin": [7.6, 21.5, 4]}, "faces": {"north": {"uv": [0, 0, 0, 10.5], "texture": "#2"}, "south": {"uv": [0, 0, 0, 10.5], "texture": "#2"}, "west": {"uv": [0, 0, 6, 10.5], "texture": "#2"}, "up": {"uv": [0, 6, 0, 0], "texture": "#2"}, "down": {"uv": [0, 0, 0, 6], "texture": "#2"}}}, {"from": [8.4, 21.5, 5], "to": [8.4, 32, 11], "rotation": {"angle": 0, "axis": "y", "origin": [8.4, 21.5, 4]}, "faces": {"north": {"uv": [0, 0, 0, 10.5], "texture": "#2"}, "east": {"uv": [6, 0, 0, 10.5], "texture": "#2"}, "south": {"uv": [0, 0, 0, 10.5], "texture": "#2"}, "up": {"uv": [0, 6, 0, 0], "texture": "#2"}, "down": {"uv": [0, 0, 0, 6], "texture": "#2"}}}], "gui_light": "front", "display": {"thirdperson_righthand": {"translation": [0, -4.75, 1]}, "thirdperson_lefthand": {"translation": [0, -4.75, 1]}, "firstperson_righthand": {"rotation": [-10, 0, 0], "translation": [-1.75, -4.5, 3.5]}, "firstperson_lefthand": {"rotation": [-10, 0, 0], "translation": [-1.75, -4.5, 3.5]}, "ground": {"translation": [0, 12.5, 0]}, "gui": {"rotation": [-90, 45, 90], "translation": [3, -3, -0.5], "scale": [0.6543, 0.6543, 0.6543]}, "head": {"scale": [1.5, 1.5, 1.5], "rotation": [0, 90, 0]}, "fixed": {"rotation": [90, -135, 90], "translation": [-3.25, -3.25, -0.5], "scale": [0.75195, 0.75195, 0.75195]}}}