{"elements":[{"from":[7.142857,6.857143,5.714286],"to":[8.857143,8.0,8.0],"rotation":{"angle":0.0,"axis":"y","origin":[8.0,4.928571,6.714286]},"faces":{"east":{"uv":[8.5,1.5,9.5,2.0],"rotation":0,"texture":"#0","tintindex":0},"south":{"uv":[6.5,11.0,7.25,11.5],"rotation":0,"texture":"#0","tintindex":0},"north":{"uv":[2.75,11.0,3.5,11.5],"rotation":0,"texture":"#0","tintindex":0},"west":{"uv":[5.5,10.75,6.5,11.25],"rotation":0,"texture":"#0","tintindex":0},"up":{"uv":[5.5,11.5,4.75,10.5],"rotation":0,"texture":"#0","tintindex":0},"down":{"uv":[11.25,5.0,10.5,6.0],"rotation":0,"texture":"#0","tintindex":0}}},{"from":[6.857143,4.0,5.428571],"to":[9.142858,6.857143,8.285714],"rotation":{"angle":0.0,"axis":"y","origin":[8.0,4.928571,6.714286]},"faces":{"east":{"uv":[7.75,7.25,9.0,8.5],"rotation":0,"texture":"#0","tintindex":0},"south":{"uv":[9.5,1.25,10.5,2.5],"rotation":0,"texture":"#0","tintindex":0},"north":{"uv":[9.5,0.0,10.5,1.25],"rotation":0,"texture":"#0","tintindex":0},"west":{"uv":[5.25,8.0,6.5,9.25],"rotation":0,"texture":"#0","tintindex":0},"up":{"uv":[6.75,10.75,5.75,9.5],"rotation":0,"texture":"#0","tintindex":0},"down":{"uv":[10.5,8.25,9.5,9.5],"rotation":0,"texture":"#0","tintindex":0}}},{"from":[6.857143,2.8571424,5.428571],"to":[8.0,4.0,8.285714],"rotation":{"angle":0.0,"axis":"y","origin":[8.0,4.928571,6.714286]},"faces":{"east":{"uv":[10.5,6.0,11.75,6.5],"rotation":0,"texture":"#0","tintindex":0},"south":{"uv":[1.0,8.5,1.5,9.0],"rotation":0,"texture":"#0","tintindex":0},"north":{"uv":[1.5,7.25,2.0,7.75],"rotation":0,"texture":"#0","tintindex":0},"west":{"uv":[10.5,10.0,11.75,10.5],"rotation":0,"texture":"#0","tintindex":0},"up":{"uv":[8.75,6.0,8.25,4.75],"rotation":0,"texture":"#0","tintindex":0},"down":{"uv":[11.0,10.5,10.5,11.75],"rotation":0,"texture":"#0","tintindex":0}}},{"from":[8.0,2.8571424,5.428571],"to":[9.142858,4.0,7.142857],"rotation":{"angle":0.0,"axis":"y","origin":[8.0,4.928571,6.714286]},"faces":{"east":{"uv":[8.5,11.0,9.25,11.5],"rotation":0,"texture":"#0","tintindex":0},"south":{"uv":[11.25,7.75,11.75,8.25],"rotation":0,"texture":"#0","tintindex":0},"north":{"uv":[7.5,11.25,8.0,11.75],"rotation":0,"texture":"#0","tintindex":0},"west":{"uv":[11.0,10.5,11.75,11.0],"rotation":0,"texture":"#0","tintindex":0},"up":{"uv":[6.75,3.5,6.25,2.75],"rotation":0,"texture":"#0","tintindex":0},"down":{"uv":[7.75,6.0,7.25,6.75],"rotation":0,"texture":"#0","tintindex":0}}},{"from":[7.714286,2.2857141,3.9428568],"to":[8.857143,5.714286,5.142857],"rotation":{"angle":0.0,"axis":"y","origin":[8.285714,4.0,2.6285715]},"faces":{"east":{"uv":[12.75,2.75,13.275,4.25],"rotation":0,"texture":"#0","tintindex":0},"south":{"uv":[12.75,1.25,13.25,2.75],"rotation":0,"texture":"#0","tintindex":0},"north":{"uv":[12.25,1.25,12.75,2.75],"rotation":0,"texture":"#0","tintindex":0},"west":{"uv":[12.25,2.75,12.775,4.25],"rotation":0,"texture":"#0","tintindex":0},"up":{"uv":[12.75,4.5,13.25,5.025],"rotation":0,"texture":"#0","tintindex":0},"down":{"uv":[12.25,4.5,12.75,5.025],"rotation":0,"texture":"#0","tintindex":0}}},{"from":[8.0,2.8571424,-1.7142859],"to":[8.571428,5.142857,4.0],"rotation":{"angle":0.0,"axis":"y","origin":[8.285714,4.0,2.6285715]},"faces":{"east":{"uv":[13.5,4.5,16.0,5.5],"rotation":0,"texture":"#0","tintindex":0},"south":{"uv":[15.75,6.25,16.0,7.25],"rotation":0,"texture":"#0","tintindex":0},"north":{"uv":[15.5,6.25,15.75,7.25],"rotation":0,"texture":"#0","tintindex":0},"west":{"uv":[13.5,3.25,16.0,4.25],"rotation":0,"texture":"#0","tintindex":0},"up":{"uv":[15.0,6.0,15.25,8.5],"rotation":0,"texture":"#0","tintindex":0},"down":{"uv":[14.5,6.0,14.75,8.5],"rotation":0,"texture":"#0","tintindex":0}}},{"from":[8.0,3.4285712,-2.9142866],"to":[8.571428,4.5714283,-1.7142859],"rotation":{"angle":0.0,"axis":"y","origin":[8.285714,4.0,2.6285715]},"faces":{"east":{"uv":[13.0,7.5,13.5,8.0],"rotation":0,"texture":"#0","tintindex":0},"south":{"uv":[12.75,7.0,13.0,7.5],"rotation":0,"texture":"#0","tintindex":0},"north":{"uv":[12.25,7.0,12.5,7.5],"rotation":0,"texture":"#0","tintindex":0},"west":{"uv":[13.0,7.0,13.5,7.5],"rotation":0,"texture":"#0","tintindex":0},"up":{"uv":[13.75,7.5,14.0,8.0],"rotation":0,"texture":"#0","tintindex":0},"down":{"uv":[14.0,7.5,14.25,8.0],"rotation":0,"texture":"#0","tintindex":0}}},{"from":[8.0,3.4285712,5.142857],"to":[8.571428,4.5714283,9.142858],"rotation":{"angle":0.0,"axis":"y","origin":[8.285714,4.0,2.6285715]},"faces":{"east":{"uv":[13.25,0.5,15.0,1.0],"rotation":0,"texture":"#0","tintindex":0},"south":{"uv":[12.75,0.0,13.0,0.5],"rotation":0,"texture":"#0","tintindex":0},"north":{"uv":[12.5,0.0,12.75,0.5],"rotation":0,"texture":"#0","tintindex":0},"west":{"uv":[13.25,0.0,15.0,0.5],"rotation":0,"texture":"#0","tintindex":0},"up":{"uv":[15.75,0.0,16.0,1.75],"rotation":0,"texture":"#0","tintindex":0},"down":{"uv":[15.25,0.0,15.5,1.75],"rotation":0,"texture":"#0","tintindex":0}}}],"textures":{"0":"modelengine:entity/guard"},"display":{"head":{"translation":[0.0,-6.4,0.0],"scale":[4.0,4.0,4.0]}}}