{"elements":[{"from":[8.79401,13.883574,8.034286],"to":[10.508296,16.169289,8.034286],"rotation":{"angle":22.5,"axis":"z","origin":[16.16544,6.3407154,5.5771427]},"faces":{"east":{"uv":[0.0,0.0,0.0,0.5],"rotation":0,"texture":"#0","tintindex":0},"south":{"uv":[0.625,4.375,1.0,4.875],"rotation":0,"texture":"#0","tintindex":0},"north":{"uv":[0.25,4.375,0.625,4.875],"rotation":0,"texture":"#0","tintindex":0},"west":{"uv":[0.0,0.0,0.0,0.5],"rotation":0,"texture":"#0","tintindex":0},"up":{"uv":[0.375,0.0,0.0,0.0],"rotation":0,"texture":"#0","tintindex":0},"down":{"uv":[0.375,0.0,0.0,0.0],"rotation":0,"texture":"#0","tintindex":0}}},{"from":[9.651154,13.883574,7.12],"to":[9.651154,16.169289,8.834286],"rotation":{"angle":22.5,"axis":"z","origin":[16.16544,6.3407154,5.5771427]},"faces":{"east":{"uv":[4.375,1.625,4.75,2.125],"rotation":0,"texture":"#0","tintindex":0},"south":{"uv":[0.0,0.0,0.0,0.5],"rotation":0,"texture":"#0","tintindex":0},"north":{"uv":[0.0,0.0,0.0,0.5],"rotation":0,"texture":"#0","tintindex":0},"west":{"uv":[4.375,2.875,4.75,3.375],"rotation":0,"texture":"#0","tintindex":0},"up":{"uv":[0.0,0.375,0.0,0.0],"rotation":0,"texture":"#0","tintindex":0},"down":{"uv":[0.0,0.0,0.0,0.375],"rotation":0,"texture":"#0","tintindex":0}}},{"from":[9.479725,7.540715,7.805714],"to":[9.822582,14.512144,8.148571],"rotation":{"angle":22.5,"axis":"z","origin":[16.16544,6.3407154,5.5771427]},"faces":{"east":{"uv":[4.375,6.25,4.4375,7.75],"rotation":0,"texture":"#0","tintindex":0},"south":{"uv":[4.5,6.25,4.5625,7.75],"rotation":0,"texture":"#0","tintindex":0},"north":{"uv":[4.25,6.25,4.3125,7.75],"rotation":0,"texture":"#0","tintindex":0},"west":{"uv":[4.625,6.25,4.6875,7.75],"rotation":0,"texture":"#0","tintindex":0},"up":{"uv":[3.6875,8.8125,3.625,8.75],"rotation":0,"texture":"#0","tintindex":0},"down":{"uv":[8.8125,3.625,8.75,3.6875],"rotation":0,"texture":"#0","tintindex":0}}},{"from":[8.508296,5.8264294,8.034286],"to":[10.79401,8.683573,8.034286],"rotation":{"angle":22.5,"axis":"z","origin":[16.16544,6.3407154,5.5771427]},"faces":{"east":{"uv":[0.0,0.0,0.0,0.625],"rotation":0,"texture":"#0","tintindex":0},"south":{"uv":[1.75,3.5,2.25,4.125],"rotation":0,"texture":"#0","tintindex":0},"north":{"uv":[1.25,3.5,1.75,4.125],"rotation":0,"texture":"#0","tintindex":0},"west":{"uv":[0.0,0.0,0.0,0.625],"rotation":0,"texture":"#0","tintindex":0},"up":{"uv":[0.5,0.0,0.0,0.0],"rotation":0,"texture":"#0","tintindex":0},"down":{"uv":[0.5,0.0,0.0,0.0],"rotation":0,"texture":"#0","tintindex":0}}},{"from":[9.651154,5.8264294,6.8342857],"to":[9.651154,8.683573,9.12],"rotation":{"angle":22.5,"axis":"z","origin":[16.16544,6.3407154,5.5771427]},"faces":{"east":{"uv":[2.25,3.5,2.75,4.125],"rotation":0,"texture":"#0","tintindex":0},"south":{"uv":[0.0,0.0,0.0,0.625],"rotation":0,"texture":"#0","tintindex":0},"north":{"uv":[0.0,0.0,0.0,0.625],"rotation":0,"texture":"#0","tintindex":0},"west":{"uv":[2.75,3.5,3.25,4.125],"rotation":0,"texture":"#0","tintindex":0},"up":{"uv":[0.0,0.5,0.0,0.0],"rotation":0,"texture":"#0","tintindex":0},"down":{"uv":[0.0,0.0,0.0,0.5],"rotation":0,"texture":"#0","tintindex":0}}}],"textures":{"0":"modelengine:entity/nocsy_skeleton_archer_end"},"display":{"head":{"translation":[0.0,-6.4,0.0],"scale":[4.0,4.0,4.0]}}}