{"elements":[{"from":[6.666971,6.0288,9.184915],"to":[8.0987425,6.3744,9.481143],"rotation":{"angle":22.5,"axis":"z","origin":[7.1853714,6.2016,9.333029]},"faces":{"east":{"uv":[3.25,8.375,3.375,8.5],"rotation":0,"texture":"#0","tintindex":0},"south":{"uv":[7.0,4.625,7.375,4.75],"rotation":0,"texture":"#0","tintindex":0},"north":{"uv":[7.0,4.5,7.375,4.625],"rotation":0,"texture":"#0","tintindex":0},"west":{"uv":[3.375,8.375,3.5,8.5],"rotation":0,"texture":"#0","tintindex":0},"up":{"uv":[7.375,4.875,7.0,4.75],"rotation":0,"texture":"#0","tintindex":0},"down":{"uv":[5.25,7.0,4.875,7.125],"rotation":0,"texture":"#0","tintindex":0}}},{"from":[5.7782855,5.831314,9.5798855],"to":[6.9632,6.176914,9.876114],"rotation":{"angle":-45.0,"axis":"y","origin":[7.1853714,6.2016,9.333029]},"faces":{"east":{"uv":[8.375,3.375,8.5,3.5],"rotation":0,"texture":"#0","tintindex":0},"south":{"uv":[7.375,1.0,7.6875,1.125],"rotation":0,"texture":"#0","tintindex":0},"north":{"uv":[7.375,0.875,7.6875,1.0],"rotation":0,"texture":"#0","tintindex":0},"west":{"uv":[3.5,8.375,3.625,8.5],"rotation":0,"texture":"#0","tintindex":0},"up":{"uv":[7.6875,1.25,7.375,1.125],"rotation":0,"texture":"#0","tintindex":0},"down":{"uv":[7.6875,1.25,7.375,1.375],"rotation":0,"texture":"#0","tintindex":0}}},{"from":[5.8276567,5.843657,7.802514],"to":[6.1238856,6.2016,8.740571],"rotation":{"angle":0.0,"axis":"y","origin":[7.1853714,6.2016,9.333029]},"faces":{"east":{"uv":[7.875,2.375,8.125,2.5],"rotation":0,"texture":"#0","tintindex":0},"south":{"uv":[3.625,8.375,3.75,8.5],"rotation":0,"texture":"#0","tintindex":0},"north":{"uv":[8.375,3.5,8.5,3.625],"rotation":0,"texture":"#0","tintindex":0},"west":{"uv":[7.875,3.875,8.125,4.0],"rotation":0,"texture":"#0","tintindex":0},"up":{"uv":[4.75,8.125,4.625,7.875],"rotation":0,"texture":"#0","tintindex":0},"down":{"uv":[4.875,7.875,4.75,8.125],"rotation":0,"texture":"#0","tintindex":0}}},{"from":[5.5314283,5.868343,6.765714],"to":[5.8276567,6.176914,7.851886],"rotation":{"angle":-45.0,"axis":"y","origin":[5.7289143,6.004114,8.1728]},"faces":{"east":{"uv":[7.875,4.0,8.125,4.125],"rotation":0,"texture":"#0","tintindex":0},"south":{"uv":[3.875,8.375,4.0,8.5],"rotation":0,"texture":"#0","tintindex":0},"north":{"uv":[3.75,8.375,3.875,8.5],"rotation":0,"texture":"#0","tintindex":0},"west":{"uv":[4.875,7.875,5.125,8.0],"rotation":0,"texture":"#0","tintindex":0},"up":{"uv":[8.0,5.125,7.875,4.875],"rotation":0,"texture":"#0","tintindex":0},"down":{"uv":[5.375,7.875,5.25,8.125],"rotation":0,"texture":"#0","tintindex":0}}},{"from":[6.666971,5.8930283,7.0125713],"to":[7.3087997,6.1522284,7.3087997],"rotation":{"angle":0.0,"axis":"y","origin":[5.7289143,6.004114,8.715886]},"faces":{"east":{"uv":[4.0,8.375,4.125,8.5],"rotation":0,"texture":"#0","tintindex":0},"south":{"uv":[4.875,8.125,5.0625,8.25],"rotation":0,"texture":"#0","tintindex":0},"north":{"uv":[8.125,4.75,8.3125,4.875],"rotation":0,"texture":"#0","tintindex":0},"west":{"uv":[4.125,8.375,4.25,8.5],"rotation":0,"texture":"#0","tintindex":0},"up":{"uv":[8.3125,5.0,8.125,4.875],"rotation":0,"texture":"#0","tintindex":0},"down":{"uv":[8.3125,5.125,8.125,5.25],"rotation":0,"texture":"#0","tintindex":0}}},{"from":[7.210417,6.1751065,7.061943],"to":[7.7535024,6.372592,7.3087997],"rotation":{"angle":22.5,"axis":"z","origin":[7.9016166,6.175106,7.1853714]},"faces":{"east":{"uv":[2.625,8.75,2.6875,8.8125],"rotation":0,"texture":"#0","tintindex":0},"south":{"uv":[8.5,6.625,8.6875,6.6875],"rotation":0,"texture":"#0","tintindex":0},"north":{"uv":[6.5,8.5,6.6875,8.5625],"rotation":0,"texture":"#0","tintindex":0},"west":{"uv":[8.75,2.625,8.8125,2.6875],"rotation":0,"texture":"#0","tintindex":0},"up":{"uv":[6.9375,8.5625,6.75,8.5],"rotation":0,"texture":"#0","tintindex":0},"down":{"uv":[8.6875,6.75,8.5,6.8125],"rotation":0,"texture":"#0","tintindex":0}}},{"from":[6.8095503,6.796524,6.7410283],"to":[7.698236,7.043381,7.037257],"rotation":{"angle":22.5,"axis":"z","origin":[7.4266934,6.8212094,6.642286]},"faces":{"east":{"uv":[2.75,8.75,2.8125,8.8125],"rotation":0,"texture":"#0","tintindex":0},"south":{"uv":[8.375,4.375,8.625,4.4375],"rotation":0,"texture":"#0","tintindex":0},"north":{"uv":[4.25,8.375,4.5,8.4375],"rotation":0,"texture":"#0","tintindex":0},"west":{"uv":[8.75,2.75,8.8125,2.8125],"rotation":0,"texture":"#0","tintindex":0},"up":{"uv":[4.75,8.4375,4.5,8.375],"rotation":0,"texture":"#0","tintindex":0},"down":{"uv":[8.625,4.5,8.375,4.5625],"rotation":0,"texture":"#0","tintindex":0}}},{"from":[6.346057,6.5842285,6.691657],"to":[6.9878855,6.9174857,7.037257],"rotation":{"angle":0.0,"axis":"y","origin":[5.4820566,6.7446856,8.1728]},"faces":{"east":{"uv":[4.75,8.375,4.875,8.5],"rotation":0,"texture":"#0","tintindex":0},"south":{"uv":[8.125,5.25,8.3125,5.375],"rotation":0,"texture":"#0","tintindex":0},"north":{"uv":[5.25,8.125,5.4375,8.25],"rotation":0,"texture":"#0","tintindex":0},"west":{"uv":[8.375,4.75,8.5,4.875],"rotation":0,"texture":"#0","tintindex":0},"up":{"uv":[5.6875,8.25,5.5,8.125],"rotation":0,"texture":"#0","tintindex":0},"down":{"uv":[8.3125,5.5,8.125,5.625],"rotation":0,"texture":"#0","tintindex":0}}},{"from":[5.0624,6.5471997,6.494171],"to":[5.408,6.942171,7.728457],"rotation":{"angle":-45.0,"axis":"y","origin":[5.4820566,6.7446856,8.1728]},"faces":{"east":{"uv":[7.375,1.5,7.6875,1.625],"rotation":0,"texture":"#0","tintindex":0},"south":{"uv":[8.375,4.875,8.5,5.0],"rotation":0,"texture":"#0","tintindex":0},"north":{"uv":[4.875,8.375,5.0,8.5],"rotation":0,"texture":"#0","tintindex":0},"west":{"uv":[7.375,1.625,7.6875,1.75],"rotation":0,"texture":"#0","tintindex":0},"up":{"uv":[3.625,7.5625,3.5,7.25],"rotation":0,"texture":"#0","tintindex":0},"down":{"uv":[3.75,7.25,3.625,7.5625],"rotation":0,"texture":"#0","tintindex":0}}},{"from":[5.5067425,6.5225143,7.580343],"to":[5.8523426,6.966857,8.666514],"rotation":{"angle":0.0,"axis":"y","origin":[6.938514,6.942171,9.333029]},"faces":{"east":{"uv":[7.875,5.5,8.125,5.625],"rotation":0,"texture":"#0","tintindex":0},"south":{"uv":[8.375,5.0,8.5,5.125],"rotation":0,"texture":"#0","tintindex":0},"north":{"uv":[5.0,8.375,5.125,8.5],"rotation":0,"texture":"#0","tintindex":0},"west":{"uv":[7.875,5.625,8.125,5.75],"rotation":0,"texture":"#0","tintindex":0},"up":{"uv":[5.5,8.125,5.375,7.875],"rotation":0,"texture":"#0","tintindex":0},"down":{"uv":[6.0,7.875,5.875,8.125],"rotation":0,"texture":"#0","tintindex":0}}},{"from":[5.457371,6.5471997,9.5552],"to":[6.691657,6.942171,9.9008],"rotation":{"angle":-45.0,"axis":"y","origin":[6.938514,6.942171,9.333029]},"faces":{"east":{"uv":[8.375,5.125,8.5,5.25],"rotation":0,"texture":"#0","tintindex":0},"south":{"uv":[7.375,1.875,7.6875,2.0],"rotation":0,"texture":"#0","tintindex":0},"north":{"uv":[7.375,1.75,7.6875,1.875],"rotation":0,"texture":"#0","tintindex":0},"west":{"uv":[8.375,5.25,8.5,5.375],"rotation":0,"texture":"#0","tintindex":0},"up":{"uv":[7.6875,2.375,7.375,2.25],"rotation":0,"texture":"#0","tintindex":0},"down":{"uv":[7.6875,2.5,7.375,2.625],"rotation":0,"texture":"#0","tintindex":0}}},{"from":[6.3954287,6.7446856,9.160229],"to":[8.123428,7.139657,9.505829],"rotation":{"angle":22.5,"axis":"z","origin":[6.938514,6.942171,9.333029]},"faces":{"east":{"uv":[5.375,8.375,5.5,8.5],"rotation":0,"texture":"#0","tintindex":0},"south":{"uv":[7.125,0.5,7.5,0.625],"rotation":0,"texture":"#0","tintindex":0},"north":{"uv":[7.0,4.875,7.375,5.0],"rotation":0,"texture":"#0","tintindex":0},"west":{"uv":[5.5,8.375,5.625,8.5],"rotation":0,"texture":"#0","tintindex":0},"up":{"uv":[7.5,0.75,7.125,0.625],"rotation":0,"texture":"#0","tintindex":0},"down":{"uv":[7.5,2.375,7.125,2.5],"rotation":0,"texture":"#0","tintindex":0}}},{"from":[7.1113143,7.2384,6.5682287],"to":[7.851886,7.509943,6.9138284],"rotation":{"angle":22.5,"axis":"z","origin":[6.7904,7.5346284,6.6176]},"faces":{"east":{"uv":[2.875,8.75,2.9375,8.8125],"rotation":0,"texture":"#0","tintindex":0},"south":{"uv":[7.0,8.5,7.1875,8.5625],"rotation":0,"texture":"#0","tintindex":0},"north":{"uv":[8.5,6.875,8.6875,6.9375],"rotation":0,"texture":"#0","tintindex":0},"west":{"uv":[8.75,2.875,8.8125,2.9375],"rotation":0,"texture":"#0","tintindex":0},"up":{"uv":[8.6875,7.0625,8.5,7.0],"rotation":0,"texture":"#0","tintindex":0},"down":{"uv":[8.6875,7.125,8.5,7.1875],"rotation":0,"texture":"#0","tintindex":0}}},{"from":[6.321371,7.3618283,6.518857],"to":[7.2100573,7.7074285,6.9138284],"rotation":{"angle":0.0,"axis":"y","origin":[5.4820566,7.5346284,8.1728]},"faces":{"east":{"uv":[7.875,8.625,8.0,8.6875],"rotation":0,"texture":"#0","tintindex":0},"south":{"uv":[8.5,7.25,8.6875,7.3125],"rotation":0,"texture":"#0","tintindex":0},"north":{"uv":[7.25,8.5,7.4375,8.5625],"rotation":0,"texture":"#0","tintindex":0},"west":{"uv":[8.625,7.875,8.75,7.9375],"rotation":0,"texture":"#0","tintindex":0},"up":{"uv":[8.3125,5.75,8.125,5.625],"rotation":0,"texture":"#0","tintindex":0},"down":{"uv":[8.3125,6.0,8.125,6.125],"rotation":0,"texture":"#0","tintindex":0}}},{"from":[4.7908573,7.3248,6.4694858],"to":[5.185828,7.7568,7.6544],"rotation":{"angle":-45.0,"axis":"y","origin":[5.4820566,7.5346284,8.1728]},"faces":{"east":{"uv":[6.0,7.875,6.25,8.0],"rotation":0,"texture":"#0","tintindex":0},"south":{"uv":[5.625,8.375,5.75,8.5],"rotation":0,"texture":"#0","tintindex":0},"north":{"uv":[8.375,5.5,8.5,5.625],"rotation":0,"texture":"#0","tintindex":0},"west":{"uv":[7.875,6.0,8.125,6.125],"rotation":0,"texture":"#0","tintindex":0},"up":{"uv":[6.375,8.125,6.25,7.875],"rotation":0,"texture":"#0","tintindex":0},"down":{"uv":[6.5,7.875,6.375,8.125],"rotation":0,"texture":"#0","tintindex":0}}},{"from":[5.333943,7.300114,7.3581715],"to":[5.7289143,7.7814856,8.592457],"rotation":{"angle":0.0,"axis":"y","origin":[6.938514,7.7321143,9.333029]},"faces":{"east":{"uv":[7.375,2.875,7.6875,3.0],"rotation":0,"texture":"#0","tintindex":0},"south":{"uv":[8.375,5.75,8.5,5.875],"rotation":0,"texture":"#0","tintindex":0},"north":{"uv":[8.375,5.625,8.5,5.75],"rotation":0,"texture":"#0","tintindex":0},"west":{"uv":[7.375,3.0,7.6875,3.125],"rotation":0,"texture":"#0","tintindex":0},"up":{"uv":[6.5,7.5625,6.375,7.25],"rotation":0,"texture":"#0","tintindex":0},"down":{"uv":[0.875,7.375,0.75,7.6875],"rotation":0,"texture":"#0","tintindex":0}}},{"from":[5.333943,7.312457,9.530515],"to":[6.666971,7.7568,9.925486],"rotation":{"angle":-45.0,"axis":"y","origin":[6.938514,7.7321143,9.333029]},"faces":{"east":{"uv":[8.375,5.875,8.5,6.0],"rotation":0,"texture":"#0","tintindex":0},"south":{"uv":[7.375,3.125,7.6875,3.25],"rotation":0,"texture":"#0","tintindex":0},"north":{"uv":[3.125,7.375,3.4375,7.5],"rotation":0,"texture":"#0","tintindex":0},"west":{"uv":[6.0,8.375,6.125,8.5],"rotation":0,"texture":"#0","tintindex":0},"up":{"uv":[7.6875,3.375,7.375,3.25],"rotation":0,"texture":"#0","tintindex":0},"down":{"uv":[7.6875,3.375,7.375,3.5],"rotation":0,"texture":"#0","tintindex":0}}},{"from":[6.370743,7.509943,9.135543],"to":[8.148114,7.9542856,9.530515],"rotation":{"angle":22.5,"axis":"z","origin":[6.938514,7.7321143,9.333029]},"faces":{"east":{"uv":[8.375,6.0,8.5,6.125],"rotation":0,"texture":"#0","tintindex":0},"south":{"uv":[7.125,3.75,7.5,3.875],"rotation":0,"texture":"#0","tintindex":0},"north":{"uv":[7.125,3.625,7.5,3.75],"rotation":0,"texture":"#0","tintindex":0},"west":{"uv":[6.125,8.375,6.25,8.5],"rotation":0,"texture":"#0","tintindex":0},"up":{"uv":[7.5,4.25,7.125,4.125],"rotation":0,"texture":"#0","tintindex":0},"down":{"uv":[7.5,4.25,7.125,4.375],"rotation":0,"texture":"#0","tintindex":0}}},{"from":[7.1363597,8.372135,6.773943],"to":[7.728817,8.668364,7.1689143],"rotation":{"angle":22.5,"axis":"z","origin":[7.704131,8.4955635,6.9714284]},"faces":{"east":{"uv":[3.0,8.75,3.0625,8.8125],"rotation":0,"texture":"#0","tintindex":0},"south":{"uv":[8.125,8.625,8.25,8.6875],"rotation":0,"texture":"#0","tintindex":0},"north":{"uv":[8.0,8.625,8.125,8.6875],"rotation":0,"texture":"#0","tintindex":0},"west":{"uv":[8.75,3.0,8.8125,3.0625],"rotation":0,"texture":"#0","tintindex":0},"up":{"uv":[8.375,8.6875,8.25,8.625],"rotation":0,"texture":"#0","tintindex":0},"down":{"uv":[8.5,8.625,8.375,8.6875],"rotation":0,"texture":"#0","tintindex":0}}},{"from":[6.346057,8.127086,6.724571],"to":[7.2347426,8.522058,7.1689143],"rotation":{"angle":0.0,"axis":"y","origin":[5.5314283,8.324572,8.501943]},"faces":{"east":{"uv":[8.5,8.625,8.625,8.6875],"rotation":0,"texture":"#0","tintindex":0},"south":{"uv":[7.5,8.5,7.6875,8.5625],"rotation":0,"texture":"#0","tintindex":0},"north":{"uv":[8.5,7.375,8.6875,7.4375],"rotation":0,"texture":"#0","tintindex":0},"west":{"uv":[8.625,8.625,8.75,8.6875],"rotation":0,"texture":"#0","tintindex":0},"up":{"uv":[6.4375,8.25,6.25,8.125],"rotation":0,"texture":"#0","tintindex":0},"down":{"uv":[8.3125,6.375,8.125,6.5],"rotation":0,"texture":"#0","tintindex":0}}},{"from":[4.8155427,8.1024,6.6752],"to":[5.259886,8.571428,8.008228],"rotation":{"angle":-45.0,"axis":"y","origin":[5.5314283,8.324572,8.501943]},"faces":{"east":{"uv":[3.75,7.375,4.0625,7.5],"rotation":0,"texture":"#0","tintindex":0},"south":{"uv":[8.375,6.25,8.5,6.375],"rotation":0,"texture":"#0","tintindex":0},"north":{"uv":[6.25,8.375,6.375,8.5],"rotation":0,"texture":"#0","tintindex":0},"west":{"uv":[7.375,4.5,7.6875,4.625],"rotation":0,"texture":"#0","tintindex":0},"up":{"uv":[1.25,7.6875,1.125,7.375],"rotation":0,"texture":"#0","tintindex":0},"down":{"uv":[1.375,7.375,1.25,7.6875],"rotation":0,"texture":"#0","tintindex":0}}},{"from":[5.3586283,8.077714,7.6626287],"to":[5.8029714,8.596114,8.847543],"rotation":{"angle":0.0,"axis":"y","origin":[6.9878855,8.522058,9.662171]},"faces":{"east":{"uv":[7.875,6.375,8.125,6.5],"rotation":0,"texture":"#0","tintindex":0},"south":{"uv":[8.375,6.375,8.5,6.5],"rotation":0,"texture":"#0","tintindex":0},"north":{"uv":[6.375,8.375,6.5,8.5],"rotation":0,"texture":"#0","tintindex":0},"west":{"uv":[7.875,6.5,8.125,6.625],"rotation":0,"texture":"#0","tintindex":0},"up":{"uv":[6.75,8.125,6.625,7.875],"rotation":0,"texture":"#0","tintindex":0},"down":{"uv":[6.875,7.875,6.75,8.125],"rotation":0,"texture":"#0","tintindex":0}}},{"from":[5.309257,8.077714,9.834971],"to":[6.1979427,8.571428,10.279314],"rotation":{"angle":-45.0,"axis":"y","origin":[6.9878855,8.522058,9.662171]},"faces":{"east":{"uv":[8.375,6.5,8.5,6.625],"rotation":0,"texture":"#0","tintindex":0},"south":{"uv":[6.625,8.125,6.8125,8.25],"rotation":0,"texture":"#0","tintindex":0},"north":{"uv":[8.125,6.5,8.3125,6.625],"rotation":0,"texture":"#0","tintindex":0},"west":{"uv":[8.375,6.625,8.5,6.75],"rotation":0,"texture":"#0","tintindex":0},"up":{"uv":[7.0625,8.25,6.875,8.125],"rotation":0,"texture":"#0","tintindex":0},"down":{"uv":[8.3125,6.875,8.125,7.0],"rotation":0,"texture":"#0","tintindex":0}}},{"from":[6.0114284,8.384914,9.056],"to":[8.002743,8.823771,9.500343],"rotation":{"angle":22.5,"axis":"z","origin":[6.9878855,8.522058,9.662171]},"faces":{"east":{"uv":[6.75,8.375,6.875,8.5],"rotation":0,"texture":"#0","tintindex":0},"south":{"uv":[6.75,3.0,7.1875,3.125],"rotation":0,"texture":"#0","tintindex":0},"north":{"uv":[6.625,3.75,7.0625,3.875],"rotation":0,"texture":"#0","tintindex":0},"west":{"uv":[8.375,6.75,8.5,6.875],"rotation":0,"texture":"#0","tintindex":0},"up":{"uv":[7.3125,0.875,6.875,0.75],"rotation":0,"texture":"#0","tintindex":0},"down":{"uv":[7.3125,0.875,6.875,1.0],"rotation":0,"texture":"#0","tintindex":0}}},{"from":[7.997257,8.384914,9.056],"to":[9.988571,8.823771,9.500343],"rotation":{"angle":-22.5,"axis":"z","origin":[9.012115,8.522058,9.662171]},"faces":{"east":{"uv":[6.875,8.375,7.0,8.5],"rotation":0,"texture":"#0","tintindex":0},"south":{"uv":[6.875,1.875,7.3125,2.0],"rotation":0,"texture":"#0","tintindex":0},"north":{"uv":[1.875,6.875,2.3125,7.0],"rotation":0,"texture":"#0","tintindex":0},"west":{"uv":[8.375,6.875,8.5,7.0],"rotation":0,"texture":"#0","tintindex":0},"up":{"uv":[2.8125,7.0,2.375,6.875],"rotation":0,"texture":"#0","tintindex":0},"down":{"uv":[7.3125,2.5,6.875,2.625],"rotation":0,"texture":"#0","tintindex":0}}},{"from":[7.901257,6.0288,9.184915],"to":[9.333029,6.3744,9.481143],"rotation":{"angle":-22.5,"axis":"z","origin":[8.814629,6.2016,9.333029]},"faces":{"east":{"uv":[7.0,8.375,7.125,8.5],"rotation":0,"texture":"#0","tintindex":0},"south":{"uv":[4.75,7.125,5.125,7.25],"rotation":0,"texture":"#0","tintindex":0},"north":{"uv":[7.125,4.375,7.5,4.5],"rotation":0,"texture":"#0","tintindex":0},"west":{"uv":[8.375,7.0,8.5,7.125],"rotation":0,"texture":"#0","tintindex":0},"up":{"uv":[7.5,5.125,7.125,5.0],"rotation":0,"texture":"#0","tintindex":0},"down":{"uv":[7.5,5.125,7.125,5.25],"rotation":0,"texture":"#0","tintindex":0}}},{"from":[9.0368,5.831314,9.5798855],"to":[10.221714,6.176914,9.876114],"rotation":{"angle":45.0,"axis":"y","origin":[8.814629,6.2016,9.333029]},"faces":{"east":{"uv":[7.125,8.375,7.25,8.5],"rotation":0,"texture":"#0","tintindex":0},"south":{"uv":[4.75,7.375,5.0625,7.5],"rotation":0,"texture":"#0","tintindex":0},"north":{"uv":[7.375,4.625,7.6875,4.75],"rotation":0,"texture":"#0","tintindex":0},"west":{"uv":[8.375,7.125,8.5,7.25],"rotation":0,"texture":"#0","tintindex":0},"up":{"uv":[7.6875,4.875,7.375,4.75],"rotation":0,"texture":"#0","tintindex":0},"down":{"uv":[7.6875,4.875,7.375,5.0],"rotation":0,"texture":"#0","tintindex":0}}},{"from":[9.876114,5.843657,7.802514],"to":[10.172343,6.2016,8.740571],"rotation":{"angle":0.0,"axis":"y","origin":[8.814629,6.2016,9.333029]},"faces":{"east":{"uv":[6.875,7.875,7.125,8.0],"rotation":0,"texture":"#0","tintindex":0},"south":{"uv":[8.375,7.25,8.5,7.375],"rotation":0,"texture":"#0","tintindex":0},"north":{"uv":[7.25,8.375,7.375,8.5],"rotation":0,"texture":"#0","tintindex":0},"west":{"uv":[7.125,7.875,7.375,8.0],"rotation":0,"texture":"#0","tintindex":0},"up":{"uv":[8.0,7.375,7.875,7.125],"rotation":0,"texture":"#0","tintindex":0},"down":{"uv":[7.5,7.875,7.375,8.125],"rotation":0,"texture":"#0","tintindex":0}}},{"from":[10.172343,5.868343,6.765714],"to":[10.468572,6.176914,7.851886],"rotation":{"angle":45.0,"axis":"y","origin":[10.271086,6.004114,8.1728]},"faces":{"east":{"uv":[7.875,7.375,8.125,7.5],"rotation":0,"texture":"#0","tintindex":0},"south":{"uv":[7.5,8.375,7.625,8.5],"rotation":0,"texture":"#0","tintindex":0},"north":{"uv":[8.375,7.375,8.5,7.5],"rotation":0,"texture":"#0","tintindex":0},"west":{"uv":[7.5,7.875,7.75,8.0],"rotation":0,"texture":"#0","tintindex":0},"up":{"uv":[7.875,8.125,7.75,7.875],"rotation":0,"texture":"#0","tintindex":0},"down":{"uv":[8.0,7.75,7.875,8.0],"rotation":0,"texture":"#0","tintindex":0}}},{"from":[8.6912,5.8930283,7.0125713],"to":[9.333029,6.1522284,7.3087997],"rotation":{"angle":0.0,"axis":"y","origin":[10.271086,6.004114,8.715886]},"faces":{"east":{"uv":[8.375,7.5,8.5,7.625],"rotation":0,"texture":"#0","tintindex":0},"south":{"uv":[8.125,7.125,8.3125,7.25],"rotation":0,"texture":"#0","tintindex":0},"north":{"uv":[8.125,7.0,8.3125,7.125],"rotation":0,"texture":"#0","tintindex":0},"west":{"uv":[7.625,8.375,7.75,8.5],"rotation":0,"texture":"#0","tintindex":0},"up":{"uv":[8.3125,7.375,8.125,7.25],"rotation":0,"texture":"#0","tintindex":0},"down":{"uv":[8.3125,7.375,8.125,7.5],"rotation":0,"texture":"#0","tintindex":0}}},{"from":[8.246497,6.1751065,7.061943],"to":[8.789583,6.372592,7.3087997],"rotation":{"angle":-22.5,"axis":"z","origin":[8.098383,6.175106,7.1853714]},"faces":{"east":{"uv":[3.125,8.75,3.1875,8.8125],"rotation":0,"texture":"#0","tintindex":0},"south":{"uv":[7.75,8.5,7.9375,8.5625],"rotation":0,"texture":"#0","tintindex":0},"north":{"uv":[8.5,7.5,8.6875,7.5625],"rotation":0,"texture":"#0","tintindex":0},"west":{"uv":[8.75,3.125,8.8125,3.1875],"rotation":0,"texture":"#0","tintindex":0},"up":{"uv":[8.1875,8.5625,8.0,8.5],"rotation":0,"texture":"#0","tintindex":0},"down":{"uv":[8.6875,8.0,8.5,8.0625],"rotation":0,"texture":"#0","tintindex":0}}},{"from":[8.301764,6.796524,6.7410283],"to":[9.19045,7.043381,7.037257],"rotation":{"angle":-22.5,"axis":"z","origin":[8.573307,6.8212094,6.642286]},"faces":{"east":{"uv":[3.25,8.75,3.3125,8.8125],"rotation":0,"texture":"#0","tintindex":0},"south":{"uv":[8.375,7.75,8.625,7.8125],"rotation":0,"texture":"#0","tintindex":0},"north":{"uv":[8.375,7.625,8.625,7.6875],"rotation":0,"texture":"#0","tintindex":0},"west":{"uv":[8.75,3.25,8.8125,3.3125],"rotation":0,"texture":"#0","tintindex":0},"up":{"uv":[8.125,8.4375,7.875,8.375],"rotation":0,"texture":"#0","tintindex":0},"down":{"uv":[8.625,7.875,8.375,7.9375],"rotation":0,"texture":"#0","tintindex":0}}},{"from":[9.012115,6.5842285,6.691657],"to":[9.653943,6.9174857,7.037257],"rotation":{"angle":0.0,"axis":"y","origin":[10.517943,6.7446856,8.1728]},"faces":{"east":{"uv":[8.375,8.0,8.5,8.125],"rotation":0,"texture":"#0","tintindex":0},"south":{"uv":[8.0,8.125,8.1875,8.25],"rotation":0,"texture":"#0","tintindex":0},"north":{"uv":[8.125,7.875,8.3125,8.0],"rotation":0,"texture":"#0","tintindex":0},"west":{"uv":[8.125,8.375,8.25,8.5],"rotation":0,"texture":"#0","tintindex":0},"up":{"uv":[8.3125,8.125,8.125,8.0],"rotation":0,"texture":"#0","tintindex":0},"down":{"uv":[8.4375,0.0,8.25,0.125],"rotation":0,"texture":"#0","tintindex":0}}},{"from":[10.592,6.5471997,6.494171],"to":[10.9376,6.942171,7.728457],"rotation":{"angle":45.0,"axis":"y","origin":[10.517943,6.7446856,8.1728]},"faces":{"east":{"uv":[7.375,6.375,7.6875,6.5],"rotation":0,"texture":"#0","tintindex":0},"south":{"uv":[8.375,8.375,8.5,8.5],"rotation":0,"texture":"#0","tintindex":0},"north":{"uv":[8.375,8.25,8.5,8.375],"rotation":0,"texture":"#0","tintindex":0},"west":{"uv":[6.5,7.375,6.8125,7.5],"rotation":0,"texture":"#0","tintindex":0},"up":{"uv":[2.875,7.6875,2.75,7.375],"rotation":0,"texture":"#0","tintindex":0},"down":{"uv":[4.25,7.375,4.125,7.6875],"rotation":0,"texture":"#0","tintindex":0}}},{"from":[10.147657,6.5225143,7.580343],"to":[10.4932575,6.966857,8.666514],"rotation":{"angle":0.0,"axis":"y","origin":[9.061485,6.942171,9.333029]},"faces":{"east":{"uv":[0.0,8.0,0.25,8.125],"rotation":0,"texture":"#0","tintindex":0},"south":{"uv":[0.125,8.5,0.25,8.625],"rotation":0,"texture":"#0","tintindex":0},"north":{"uv":[8.5,0.0,8.625,0.125],"rotation":0,"texture":"#0","tintindex":0},"west":{"uv":[8.0,0.25,8.25,0.375],"rotation":0,"texture":"#0","tintindex":0},"up":{"uv":[8.125,0.625,8.0,0.375],"rotation":0,"texture":"#0","tintindex":0},"down":{"uv":[8.125,0.625,8.0,0.875],"rotation":0,"texture":"#0","tintindex":0}}},{"from":[9.308343,6.5471997,9.5552],"to":[10.542629,6.942171,9.9008],"rotation":{"angle":45.0,"axis":"y","origin":[9.061485,6.942171,9.333029]},"faces":{"east":{"uv":[8.5,0.125,8.625,0.25],"rotation":0,"texture":"#0","tintindex":0},"south":{"uv":[7.375,6.625,7.6875,6.75],"rotation":0,"texture":"#0","tintindex":0},"north":{"uv":[7.375,6.5,7.6875,6.625],"rotation":0,"texture":"#0","tintindex":0},"west":{"uv":[0.25,8.5,0.375,8.625],"rotation":0,"texture":"#0","tintindex":0},"up":{"uv":[7.6875,6.875,7.375,6.75],"rotation":0,"texture":"#0","tintindex":0},"down":{"uv":[7.1875,7.375,6.875,7.5],"rotation":0,"texture":"#0","tintindex":0}}},{"from":[7.876571,6.7446856,9.160229],"to":[9.604571,7.139657,9.505829],"rotation":{"angle":-22.5,"axis":"z","origin":[9.061485,6.942171,9.333029]},"faces":{"east":{"uv":[8.5,0.25,8.625,0.375],"rotation":0,"texture":"#0","tintindex":0},"south":{"uv":[7.125,5.375,7.5,5.5],"rotation":0,"texture":"#0","tintindex":0},"north":{"uv":[7.125,5.25,7.5,5.375],"rotation":0,"texture":"#0","tintindex":0},"west":{"uv":[0.375,8.5,0.5,8.625],"rotation":0,"texture":"#0","tintindex":0},"up":{"uv":[7.5,5.625,7.125,5.5],"rotation":0,"texture":"#0","tintindex":0},"down":{"uv":[7.5,5.625,7.125,5.75],"rotation":0,"texture":"#0","tintindex":0}}},{"from":[8.148114,7.2384,6.5682287],"to":[8.888686,7.509943,6.9138284],"rotation":{"angle":-22.5,"axis":"z","origin":[9.2096,7.5346284,6.6176]},"faces":{"east":{"uv":[3.375,8.75,3.4375,8.8125],"rotation":0,"texture":"#0","tintindex":0},"south":{"uv":[8.25,8.5,8.4375,8.5625],"rotation":0,"texture":"#0","tintindex":0},"north":{"uv":[8.5,8.125,8.6875,8.1875],"rotation":0,"texture":"#0","tintindex":0},"west":{"uv":[8.75,3.375,8.8125,3.4375],"rotation":0,"texture":"#0","tintindex":0},"up":{"uv":[8.6875,8.3125,8.5,8.25],"rotation":0,"texture":"#0","tintindex":0},"down":{"uv":[8.6875,8.375,8.5,8.4375],"rotation":0,"texture":"#0","tintindex":0}}},{"from":[8.789943,7.3618283,6.518857],"to":[9.678629,7.7074285,6.9138284],"rotation":{"angle":0.0,"axis":"y","origin":[10.517943,7.5346284,8.1728]},"faces":{"east":{"uv":[0.0,8.75,0.125,8.8125],"rotation":0,"texture":"#0","tintindex":0},"south":{"uv":[0.0,8.625,0.1875,8.6875],"rotation":0,"texture":"#0","tintindex":0},"north":{"uv":[8.5,8.5,8.6875,8.5625],"rotation":0,"texture":"#0","tintindex":0},"west":{"uv":[0.125,8.75,0.25,8.8125],"rotation":0,"texture":"#0","tintindex":0},"up":{"uv":[8.4375,0.25,8.25,0.125],"rotation":0,"texture":"#0","tintindex":0},"down":{"uv":[8.4375,0.25,8.25,0.375],"rotation":0,"texture":"#0","tintindex":0}}},{"from":[10.271086,7.300114,7.3581715],"to":[10.666058,7.7814856,8.592457],"rotation":{"angle":0.0,"axis":"y","origin":[9.061485,7.7321143,9.333029]},"faces":{"east":{"uv":[7.375,6.875,7.6875,7.0],"rotation":0,"texture":"#0","tintindex":0},"south":{"uv":[0.5,8.5,0.625,8.625],"rotation":0,"texture":"#0","tintindex":0},"north":{"uv":[8.5,0.375,8.625,0.5],"rotation":0,"texture":"#0","tintindex":0},"west":{"uv":[7.375,7.0,7.6875,7.125],"rotation":0,"texture":"#0","tintindex":0},"up":{"uv":[6.25,7.6875,6.125,7.375],"rotation":0,"texture":"#0","tintindex":0},"down":{"uv":[6.375,7.375,6.25,7.6875],"rotation":0,"texture":"#0","tintindex":0}}},{"from":[9.333029,7.312457,9.530515],"to":[10.666058,7.7568,9.925486],"rotation":{"angle":45.0,"axis":"y","origin":[9.061485,7.7321143,9.333029]},"faces":{"east":{"uv":[8.5,0.5,8.625,0.625],"rotation":0,"texture":"#0","tintindex":0},"south":{"uv":[0.0,7.5,0.3125,7.625],"rotation":0,"texture":"#0","tintindex":0},"north":{"uv":[7.25,7.375,7.5625,7.5],"rotation":0,"texture":"#0","tintindex":0},"west":{"uv":[0.625,8.5,0.75,8.625],"rotation":0,"texture":"#0","tintindex":0},"up":{"uv":[0.6875,7.625,0.375,7.5],"rotation":0,"texture":"#0","tintindex":0},"down":{"uv":[7.8125,0.5,7.5,0.625],"rotation":0,"texture":"#0","tintindex":0}}},{"from":[7.851886,7.509943,9.135543],"to":[9.629257,7.9542856,9.530515],"rotation":{"angle":-22.5,"axis":"z","origin":[9.061485,7.7321143,9.333029]},"faces":{"east":{"uv":[8.5,0.625,8.625,0.75],"rotation":0,"texture":"#0","tintindex":0},"south":{"uv":[7.125,5.875,7.5,6.0],"rotation":0,"texture":"#0","tintindex":0},"north":{"uv":[7.125,5.75,7.5,5.875],"rotation":0,"texture":"#0","tintindex":0},"west":{"uv":[0.75,8.5,0.875,8.625],"rotation":0,"texture":"#0","tintindex":0},"up":{"uv":[7.5,6.25,7.125,6.125],"rotation":0,"texture":"#0","tintindex":0},"down":{"uv":[7.5,6.25,7.125,6.375],"rotation":0,"texture":"#0","tintindex":0}}},{"from":[8.271183,8.372135,6.773943],"to":[8.863641,8.668364,7.1689143],"rotation":{"angle":-22.5,"axis":"z","origin":[8.295869,8.4955635,6.9714284]},"faces":{"east":{"uv":[3.5,8.75,3.5625,8.8125],"rotation":0,"texture":"#0","tintindex":0},"south":{"uv":[8.75,0.25,8.875,0.3125],"rotation":0,"texture":"#0","tintindex":0},"north":{"uv":[0.25,8.75,0.375,8.8125],"rotation":0,"texture":"#0","tintindex":0},"west":{"uv":[8.75,3.5,8.8125,3.5625],"rotation":0,"texture":"#0","tintindex":0},"up":{"uv":[0.5,8.8125,0.375,8.75],"rotation":0,"texture":"#0","tintindex":0},"down":{"uv":[8.875,0.375,8.75,0.4375],"rotation":0,"texture":"#0","tintindex":0}}},{"from":[8.765257,8.127086,6.724571],"to":[9.653943,8.522058,7.1689143],"rotation":{"angle":0.0,"axis":"y","origin":[10.468572,8.324572,8.501943]},"faces":{"east":{"uv":[0.5,8.75,0.625,8.8125],"rotation":0,"texture":"#0","tintindex":0},"south":{"uv":[8.625,0.125,8.8125,0.1875],"rotation":0,"texture":"#0","tintindex":0},"north":{"uv":[8.625,0.0,8.8125,0.0625],"rotation":0,"texture":"#0","tintindex":0},"west":{"uv":[8.75,0.5,8.875,0.5625],"rotation":0,"texture":"#0","tintindex":0},"up":{"uv":[8.4375,0.5,8.25,0.375],"rotation":0,"texture":"#0","tintindex":0},"down":{"uv":[8.4375,0.5,8.25,0.625],"rotation":0,"texture":"#0","tintindex":0}}},{"from":[10.740114,8.1024,6.6752],"to":[11.184458,8.571428,8.008228],"rotation":{"angle":45.0,"axis":"y","origin":[10.468572,8.324572,8.501943]},"faces":{"east":{"uv":[7.5,0.625,7.8125,0.75],"rotation":0,"texture":"#0","tintindex":0},"south":{"uv":[8.5,0.875,8.625,1.0],"rotation":0,"texture":"#0","tintindex":0},"north":{"uv":[8.5,0.75,8.625,0.875],"rotation":0,"texture":"#0","tintindex":0},"west":{"uv":[7.5,2.375,7.8125,2.5],"rotation":0,"texture":"#0","tintindex":0},"up":{"uv":[3.25,7.8125,3.125,7.5],"rotation":0,"texture":"#0","tintindex":0},"down":{"uv":[3.375,7.5,3.25,7.8125],"rotation":0,"texture":"#0","tintindex":0}}},{"from":[10.197029,8.077714,7.6626287],"to":[10.641372,8.596114,8.847543],"rotation":{"angle":0.0,"axis":"y","origin":[9.012115,8.522058,9.662171]},"faces":{"east":{"uv":[0.75,8.0,1.0,8.125],"rotation":0,"texture":"#0","tintindex":0},"south":{"uv":[1.125,8.5,1.25,8.625],"rotation":0,"texture":"#0","tintindex":0},"north":{"uv":[8.5,1.0,8.625,1.125],"rotation":0,"texture":"#0","tintindex":0},"west":{"uv":[8.0,0.875,8.25,1.0],"rotation":0,"texture":"#0","tintindex":0},"up":{"uv":[1.125,8.25,1.0,8.0],"rotation":0,"texture":"#0","tintindex":0},"down":{"uv":[8.125,1.0,8.0,1.25],"rotation":0,"texture":"#0","tintindex":0}}},{"from":[9.802057,8.077714,9.834971],"to":[10.6907425,8.571428,10.279314],"rotation":{"angle":45.0,"axis":"y","origin":[9.012115,8.522058,9.662171]},"faces":{"east":{"uv":[8.5,1.125,8.625,1.25],"rotation":0,"texture":"#0","tintindex":0},"south":{"uv":[8.25,0.75,8.4375,0.875],"rotation":0,"texture":"#0","tintindex":0},"north":{"uv":[8.25,0.625,8.4375,0.75],"rotation":0,"texture":"#0","tintindex":0},"west":{"uv":[1.25,8.5,1.375,8.625],"rotation":0,"texture":"#0","tintindex":0},"up":{"uv":[8.4375,1.0,8.25,0.875],"rotation":0,"texture":"#0","tintindex":0},"down":{"uv":[8.4375,1.0,8.25,1.125],"rotation":0,"texture":"#0","tintindex":0}}},{"from":[10.814172,7.3248,6.4694858],"to":[11.209143,7.7568,7.6544],"rotation":{"angle":45.0,"axis":"y","origin":[10.517943,7.5346284,8.1728]},"faces":{"east":{"uv":[1.125,8.0,1.375,8.125],"rotation":0,"texture":"#0","tintindex":0},"south":{"uv":[1.375,8.5,1.5,8.625],"rotation":0,"texture":"#0","tintindex":0},"north":{"uv":[8.5,1.25,8.625,1.375],"rotation":0,"texture":"#0","tintindex":0},"west":{"uv":[8.0,1.25,8.25,1.375],"rotation":0,"texture":"#0","tintindex":0},"up":{"uv":[1.5,8.25,1.375,8.0],"rotation":0,"texture":"#0","tintindex":0},"down":{"uv":[8.125,1.375,8.0,1.625],"rotation":0,"texture":"#0","tintindex":0}}},{"from":[8.488571,6.68,9.645715],"to":[11.111429,9.251429,9.645715],"rotation":{"angle":-22.5,"axis":"z","origin":[9.8,8.84,9.26]},"faces":{"east":{"uv":[0.0,0.0,0.0,0.5625],"rotation":0,"texture":"#0","tintindex":0},"south":{"uv":[3.125,0.0,3.6875,0.5625],"rotation":0,"texture":"#0","tintindex":0},"north":{"uv":[2.5,2.875,3.0625,3.4375],"rotation":0,"texture":"#0","tintindex":0},"west":{"uv":[0.0,0.0,0.0,0.5625],"rotation":0,"texture":"#0","tintindex":0},"up":{"uv":[0.5625,0.0,0.0,0.0],"rotation":0,"texture":"#0","tintindex":0},"down":{"uv":[0.5625,0.0,0.0,0.0],"rotation":0,"texture":"#0","tintindex":0}}},{"from":[8.077143,9.148571,8.9257145],"to":[8.745714,9.714286,9.542857],"rotation":{"angle":0.0,"axis":"y","origin":[9.8,8.84,9.26]},"faces":{"east":{"uv":[1.5,8.5,1.625,8.625],"rotation":0,"texture":"#0","tintindex":0},"south":{"uv":[8.5,1.5,8.625,1.625],"rotation":0,"texture":"#0","tintindex":0},"north":{"uv":[8.5,1.375,8.625,1.5],"rotation":0,"texture":"#0","tintindex":0},"west":{"uv":[1.625,8.5,1.75,8.625],"rotation":0,"texture":"#0","tintindex":0},"up":{"uv":[8.625,1.75,8.5,1.625],"rotation":0,"texture":"#0","tintindex":0},"down":{"uv":[1.875,8.5,1.75,8.625],"rotation":0,"texture":"#0","tintindex":0}}},{"from":[8.488571,8.737143,8.822857],"to":[11.111429,9.251429,9.594286],"rotation":{"angle":-22.5,"axis":"z","origin":[9.8,8.84,9.26]},"faces":{"east":{"uv":[8.25,1.125,8.4375,1.25],"rotation":0,"texture":"#0","tintindex":0},"south":{"uv":[6.5,0.625,7.0625,0.75],"rotation":0,"texture":"#0","tintindex":0},"north":{"uv":[6.375,1.375,6.9375,1.5],"rotation":0,"texture":"#0","tintindex":0},"west":{"uv":[8.25,1.25,8.4375,1.375],"rotation":0,"texture":"#0","tintindex":0},"up":{"uv":[6.3125,5.0625,5.75,4.875],"rotation":0,"texture":"#0","tintindex":0},"down":{"uv":[6.4375,2.0,5.875,2.1875],"rotation":0,"texture":"#0","tintindex":0}}},{"from":[4.8885713,6.68,9.645715],"to":[7.5114284,9.251429,9.645715],"rotation":{"angle":22.5,"axis":"z","origin":[6.2,8.84,9.26]},"faces":{"east":{"uv":[0.0,0.0,0.0,0.5625],"rotation":0,"texture":"#0","tintindex":0},"south":{"uv":[3.125,2.875,3.6875,3.4375],"rotation":0,"texture":"#0","tintindex":0},"north":{"uv":[3.125,0.625,3.6875,1.1875],"rotation":0,"texture":"#0","tintindex":0},"west":{"uv":[0.0,0.0,0.0,0.5625],"rotation":0,"texture":"#0","tintindex":0},"up":{"uv":[0.5625,0.0,0.0,0.0],"rotation":0,"texture":"#0","tintindex":0},"down":{"uv":[0.5625,0.0,0.0,0.0],"rotation":0,"texture":"#0","tintindex":0}}},{"from":[7.254286,9.148571,8.9257145],"to":[7.9228573,9.714286,9.542857],"rotation":{"angle":0.0,"axis":"y","origin":[6.2,8.84,9.26]},"faces":{"east":{"uv":[1.875,8.5,2.0,8.625],"rotation":0,"texture":"#0","tintindex":0},"south":{"uv":[8.5,1.875,8.625,2.0],"rotation":0,"texture":"#0","tintindex":0},"north":{"uv":[8.5,1.75,8.625,1.875],"rotation":0,"texture":"#0","tintindex":0},"west":{"uv":[2.0,8.5,2.125,8.625],"rotation":0,"texture":"#0","tintindex":0},"up":{"uv":[8.625,2.125,8.5,2.0],"rotation":0,"texture":"#0","tintindex":0},"down":{"uv":[2.25,8.5,2.125,8.625],"rotation":0,"texture":"#0","tintindex":0}}},{"from":[4.8885713,8.737143,8.822857],"to":[7.5114284,9.251429,9.594286],"rotation":{"angle":22.5,"axis":"z","origin":[6.2,8.84,9.26]},"faces":{"east":{"uv":[8.25,1.375,8.4375,1.5],"rotation":0,"texture":"#0","tintindex":0},"south":{"uv":[6.5,3.625,7.0625,3.75],"rotation":0,"texture":"#0","tintindex":0},"north":{"uv":[6.5,2.375,7.0625,2.5],"rotation":0,"texture":"#0","tintindex":0},"west":{"uv":[8.25,1.5,8.4375,1.625],"rotation":0,"texture":"#0","tintindex":0},"up":{"uv":[6.4375,2.4375,5.875,2.25],"rotation":0,"texture":"#0","tintindex":0},"down":{"uv":[6.4375,2.75,5.875,2.9375],"rotation":0,"texture":"#0","tintindex":0}}},{"from":[7.562857,3.08,8.822857],"to":[8.437143,3.5942855,9.388572],"rotation":{"angle":0.0,"axis":"y","origin":[7.6657143,6.782857,8.0]},"faces":{"east":{"uv":[8.5,2.125,8.625,2.25],"rotation":0,"texture":"#0","tintindex":0},"south":{"uv":[8.25,1.75,8.4375,1.875],"rotation":0,"texture":"#0","tintindex":0},"north":{"uv":[8.25,1.625,8.4375,1.75],"rotation":0,"texture":"#0","tintindex":0},"west":{"uv":[2.25,8.5,2.375,8.625],"rotation":0,"texture":"#0","tintindex":0},"up":{"uv":[8.4375,2.0,8.25,1.875],"rotation":0,"texture":"#0","tintindex":0},"down":{"uv":[8.4375,2.0,8.25,2.125],"rotation":0,"texture":"#0","tintindex":0}}},{"from":[7.46,4.3142858,8.668571],"to":[8.54,4.8285713,9.388572],"rotation":{"angle":0.0,"axis":"y","origin":[7.7685714,6.782857,8.0]},"faces":{"east":{"uv":[8.25,2.125,8.4375,2.25],"rotation":0,"texture":"#0","tintindex":0},"south":{"uv":[8.0,1.625,8.25,1.75],"rotation":0,"texture":"#0","tintindex":0},"north":{"uv":[1.5,8.0,1.75,8.125],"rotation":0,"texture":"#0","tintindex":0},"west":{"uv":[8.25,2.25,8.4375,2.375],"rotation":0,"texture":"#0","tintindex":0},"up":{"uv":[0.25,7.3125,0.0,7.125],"rotation":0,"texture":"#0","tintindex":0},"down":{"uv":[1.375,7.125,1.125,7.3125],"rotation":0,"texture":"#0","tintindex":0}}},{"from":[7.46,5.8571424,8.668571],"to":[8.54,6.3714285,9.388572],"rotation":{"angle":0.0,"axis":"y","origin":[7.7685714,6.782857,8.0]},"faces":{"east":{"uv":[2.5,8.25,2.6875,8.375],"rotation":0,"texture":"#0","tintindex":0},"south":{"uv":[8.0,1.75,8.25,1.875],"rotation":0,"texture":"#0","tintindex":0},"north":{"uv":[1.75,8.0,2.0,8.125],"rotation":0,"texture":"#0","tintindex":0},"west":{"uv":[8.25,2.5,8.4375,2.625],"rotation":0,"texture":"#0","tintindex":0},"up":{"uv":[4.0,7.3125,3.75,7.125],"rotation":0,"texture":"#0","tintindex":0},"down":{"uv":[6.375,7.125,6.125,7.3125],"rotation":0,"texture":"#0","tintindex":0}}},{"from":[7.46,7.4,8.668571],"to":[8.54,7.9142857,9.388572],"rotation":{"angle":0.0,"axis":"y","origin":[7.7685714,6.782857,8.0]},"faces":{"east":{"uv":[8.25,3.125,8.4375,3.25],"rotation":0,"texture":"#0","tintindex":0},"south":{"uv":[2.0,8.0,2.25,8.125],"rotation":0,"texture":"#0","tintindex":0},"north":{"uv":[8.0,1.875,8.25,2.0],"rotation":0,"texture":"#0","tintindex":0},"west":{"uv":[8.25,3.25,8.4375,3.375],"rotation":0,"texture":"#0","tintindex":0},"up":{"uv":[7.375,6.5625,7.125,6.375],"rotation":0,"texture":"#0","tintindex":0},"down":{"uv":[6.75,7.125,6.5,7.3125],"rotation":0,"texture":"#0","tintindex":0}}},{"from":[7.46,10.280001,8.668571],"to":[8.54,10.794286,9.440001],"rotation":{"angle":0.0,"axis":"y","origin":[7.7685714,6.782857,8.0]},"faces":{"east":{"uv":[8.25,3.625,8.4375,3.75],"rotation":0,"texture":"#0","tintindex":0},"south":{"uv":[8.0,2.25,8.25,2.375],"rotation":0,"texture":"#0","tintindex":0},"north":{"uv":[2.25,8.0,2.5,8.125],"rotation":0,"texture":"#0","tintindex":0},"west":{"uv":[8.25,3.75,8.4375,3.875],"rotation":0,"texture":"#0","tintindex":0},"up":{"uv":[7.375,6.8125,7.125,6.625],"rotation":0,"texture":"#0","tintindex":0},"down":{"uv":[7.0,7.125,6.75,7.3125],"rotation":0,"texture":"#0","tintindex":0}}},{"from":[7.46,8.942857,8.668571],"to":[8.54,9.457143,9.440001],"rotation":{"angle":0.0,"axis":"y","origin":[7.7685714,6.782857,8.0]},"faces":{"east":{"uv":[8.25,3.875,8.4375,4.0],"rotation":0,"texture":"#0","tintindex":0},"south":{"uv":[8.0,2.5,8.25,2.625],"rotation":0,"texture":"#0","tintindex":0},"north":{"uv":[2.5,8.0,2.75,8.125],"rotation":0,"texture":"#0","tintindex":0},"west":{"uv":[8.25,4.0,8.4375,4.125],"rotation":0,"texture":"#0","tintindex":0},"up":{"uv":[7.375,7.0625,7.125,6.875],"rotation":0,"texture":"#0","tintindex":0},"down":{"uv":[7.25,7.125,7.0,7.3125],"rotation":0,"texture":"#0","tintindex":0}}},{"from":[7.7485714,2.7257142,8.88],"to":[8.251429,4.3085713,9.28],"rotation":{"angle":0.0,"axis":"y","origin":[7.5371428,6.782857,8.0]},"faces":{"east":{"uv":[5.875,8.125,5.9375,8.5],"rotation":0,"texture":"#0","tintindex":0},"south":{"uv":[0.875,7.25,1.0,7.625],"rotation":0,"texture":"#0","tintindex":0},"north":{"uv":[5.125,7.125,5.25,7.5],"rotation":0,"texture":"#0","tintindex":0},"west":{"uv":[7.375,8.125,7.4375,8.5],"rotation":0,"texture":"#0","tintindex":0},"up":{"uv":[0.75,8.8125,0.625,8.75],"rotation":0,"texture":"#0","tintindex":0},"down":{"uv":[8.875,0.625,8.75,0.6875],"rotation":0,"texture":"#0","tintindex":0}}},{"from":[7.64,3.9028568,8.771429],"to":[8.36,10.794286,9.285714],"rotation":{"angle":0.0,"axis":"y","origin":[7.64,6.782857,8.0]},"faces":{"east":{"uv":[0.0,4.375,0.125,5.875],"rotation":0,"texture":"#0","tintindex":0},"south":{"uv":[3.5,3.5,3.6875,5.0],"rotation":0,"texture":"#0","tintindex":0},"north":{"uv":[3.25,3.5,3.4375,5.0],"rotation":0,"texture":"#0","tintindex":0},"west":{"uv":[0.125,4.375,0.25,5.875],"rotation":0,"texture":"#0","tintindex":0},"up":{"uv":[8.4375,4.25,8.25,4.125],"rotation":0,"texture":"#0","tintindex":0},"down":{"uv":[8.4375,4.25,8.25,4.375],"rotation":0,"texture":"#0","tintindex":0}}},{"from":[6.202857,2.9657145,9.931429],"to":[7.9114285,4.0514283,11.302857],"rotation":{"angle":22.5,"axis":"z","origin":[6.2,8.84,9.26]},"faces":{"east":{"uv":[5.625,0.375,6.0,0.6875],"rotation":0,"texture":"#0","tintindex":0},"south":{"uv":[1.0,5.125,1.4375,5.4375],"rotation":0,"texture":"#0","tintindex":0},"north":{"uv":[3.25,5.0,3.6875,5.3125],"rotation":0,"texture":"#0","tintindex":0},"west":{"uv":[5.625,3.5,6.0,3.8125],"rotation":0,"texture":"#0","tintindex":0},"up":{"uv":[5.1875,1.625,4.75,1.25],"rotation":0,"texture":"#0","tintindex":0},"down":{"uv":[5.1875,1.625,4.75,2.0],"rotation":0,"texture":"#0","tintindex":0}}},{"from":[6.0885715,3.708571,9.8171425],"to":[8.025714,9.022858,11.417143],"rotation":{"angle":22.5,"axis":"z","origin":[6.2,8.84,9.26]},"faces":{"east":{"uv":[0.0,2.25,0.375,3.4375],"rotation":0,"texture":"#0","tintindex":0},"south":{"uv":[0.5,1.0,0.9375,2.1875],"rotation":0,"texture":"#0","tintindex":0},"north":{"uv":[0.0,1.0,0.4375,2.1875],"rotation":0,"texture":"#0","tintindex":0},"west":{"uv":[0.375,2.25,0.75,3.4375],"rotation":0,"texture":"#0","tintindex":0},"up":{"uv":[5.1875,3.25,4.75,2.875],"rotation":0,"texture":"#0","tintindex":0},"down":{"uv":[5.1875,4.0,4.75,4.375],"rotation":0,"texture":"#0","tintindex":0}}},{"from":[5.9742856,7.7085714,9.702857],"to":[8.14,9.251429,11.531428],"rotation":{"angle":22.5,"axis":"z","origin":[6.2,8.84,9.26]},"faces":{"east":{"uv":[5.625,5.5,6.0,5.8125],"rotation":0,"texture":"#0","tintindex":0},"south":{"uv":[5.25,1.25,5.6875,1.5625],"rotation":0,"texture":"#0","tintindex":0},"north":{"uv":[5.0,5.125,5.4375,5.4375],"rotation":0,"texture":"#0","tintindex":0},"west":{"uv":[0.25,5.75,0.625,6.0625],"rotation":0,"texture":"#0","tintindex":0},"up":{"uv":[5.1875,4.75,4.75,4.375],"rotation":0,"texture":"#0","tintindex":0},"down":{"uv":[5.1875,4.75,4.75,5.125],"rotation":0,"texture":"#0","tintindex":0}}},{"from":[6.2599998,3.5371428,8.617143],"to":[7.74,9.28,8.617143],"rotation":{"angle":22.5,"axis":"z","origin":[6.2,8.84,9.26]},"faces":{"east":{"uv":[0.0,0.0,0.0,1.25],"rotation":0,"texture":"#0","tintindex":0},"south":{"uv":[2.125,2.25,2.4375,3.5],"rotation":0,"texture":"#0","tintindex":0},"north":{"uv":[1.75,2.25,2.0625,3.5],"rotation":0,"texture":"#0","tintindex":0},"west":{"uv":[0.0,0.0,0.0,1.25],"rotation":0,"texture":"#0","tintindex":0},"up":{"uv":[0.3125,0.0,0.0,0.0],"rotation":0,"texture":"#0","tintindex":0},"down":{"uv":[0.3125,0.0,0.0,0.0],"rotation":0,"texture":"#0","tintindex":0}}},{"from":[6.2599998,9.294286,8.602858],"to":[7.74,9.294286,11.474286],"rotation":{"angle":22.5,"axis":"z","origin":[6.2,8.84,9.26]},"faces":{"east":{"uv":[0.0,0.0,0.625,0.0],"rotation":0,"texture":"#0","tintindex":0},"south":{"uv":[0.0,0.0,0.3125,0.0],"rotation":0,"texture":"#0","tintindex":0},"north":{"uv":[0.0,0.0,0.3125,0.0],"rotation":0,"texture":"#0","tintindex":0},"west":{"uv":[0.0,0.0,0.625,0.0],"rotation":0,"texture":"#0","tintindex":0},"up":{"uv":[4.0625,4.625,3.75,4.0],"rotation":0,"texture":"#0","tintindex":0},"down":{"uv":[1.5625,4.125,1.25,4.75],"rotation":0,"texture":"#0","tintindex":0}}},{"from":[6.2599998,3.5942855,8.617143],"to":[7.74,3.5942855,10.331429],"rotation":{"angle":22.5,"axis":"z","origin":[6.2,8.84,9.26]},"faces":{"east":{"uv":[0.0,0.0,0.375,0.0],"rotation":0,"texture":"#0","tintindex":0},"south":{"uv":[0.0,0.0,0.3125,0.0],"rotation":0,"texture":"#0","tintindex":0},"north":{"uv":[0.0,0.0,0.3125,0.0],"rotation":0,"texture":"#0","tintindex":0},"west":{"uv":[0.0,0.0,0.375,0.0],"rotation":0,"texture":"#0","tintindex":0},"up":{"uv":[0.9375,6.125,0.625,5.75],"rotation":0,"texture":"#0","tintindex":0},"down":{"uv":[1.3125,5.75,1.0,6.125],"rotation":0,"texture":"#0","tintindex":0}}},{"from":[4.9603486,6.2728605,9.931429],"to":[5.3032055,13.244289,10.274286],"rotation":{"angle":22.5,"axis":"z","origin":[11.817492,13.758575,8.388572]},"faces":{"east":{"uv":[5.25,6.25,5.3125,7.75],"rotation":0,"texture":"#0","tintindex":0},"south":{"uv":[5.375,6.25,5.4375,7.75],"rotation":0,"texture":"#0","tintindex":0},"north":{"uv":[6.25,5.125,6.3125,6.625],"rotation":0,"texture":"#0","tintindex":0},"west":{"uv":[5.5,6.25,5.5625,7.75],"rotation":0,"texture":"#0","tintindex":0},"up":{"uv":[3.8125,8.8125,3.75,8.75],"rotation":0,"texture":"#0","tintindex":0},"down":{"uv":[8.8125,3.75,8.75,3.8125],"rotation":0,"texture":"#0","tintindex":0}}},{"from":[5.1317773,12.615718,9.245714],"to":[5.1317773,14.901432,10.96],"rotation":{"angle":22.5,"axis":"z","origin":[11.817492,13.758575,8.388572]},"faces":{"east":{"uv":[4.375,4.0,4.75,4.5],"rotation":0,"texture":"#0","tintindex":0},"south":{"uv":[0.0,0.0,0.0,0.5],"rotation":0,"texture":"#0","tintindex":0},"north":{"uv":[0.0,0.0,0.0,0.5],"rotation":0,"texture":"#0","tintindex":0},"west":{"uv":[4.5,2.125,4.875,2.625],"rotation":0,"texture":"#0","tintindex":0},"up":{"uv":[0.0,0.375,0.0,0.0],"rotation":0,"texture":"#0","tintindex":0},"down":{"uv":[0.0,0.0,0.0,0.375],"rotation":0,"texture":"#0","tintindex":0}}},{"from":[4.2746344,12.615718,10.16],"to":[5.98892,14.901432,10.16],"rotation":{"angle":22.5,"axis":"z","origin":[11.817492,13.758575,8.388572]},"faces":{"east":{"uv":[0.0,0.0,0.0,0.5],"rotation":0,"texture":"#0","tintindex":0},"south":{"uv":[4.625,0.0,5.0,0.5],"rotation":0,"texture":"#0","tintindex":0},"north":{"uv":[4.375,4.5,4.75,5.0],"rotation":0,"texture":"#0","tintindex":0},"west":{"uv":[0.0,0.0,0.0,0.5],"rotation":0,"texture":"#0","tintindex":0},"up":{"uv":[0.375,0.0,0.0,0.0],"rotation":0,"texture":"#0","tintindex":0},"down":{"uv":[0.375,0.0,0.0,0.0],"rotation":0,"texture":"#0","tintindex":0}}},{"from":[5.0174913,6.2728605,10.845715],"to":[5.3603487,13.244289,11.188572],"rotation":{"angle":22.5,"axis":"z","origin":[11.817492,13.758575,8.388572]},"faces":{"east":{"uv":[5.75,6.25,5.8125,7.75],"rotation":0,"texture":"#0","tintindex":0},"south":{"uv":[5.875,6.25,5.9375,7.75],"rotation":0,"texture":"#0","tintindex":0},"north":{"uv":[5.625,6.25,5.6875,7.75],"rotation":0,"texture":"#0","tintindex":0},"west":{"uv":[6.0,6.25,6.0625,7.75],"rotation":0,"texture":"#0","tintindex":0},"up":{"uv":[3.9375,8.8125,3.875,8.75],"rotation":0,"texture":"#0","tintindex":0},"down":{"uv":[8.8125,3.875,8.75,3.9375],"rotation":0,"texture":"#0","tintindex":0}}},{"from":[5.18892,12.615718,10.16],"to":[5.18892,14.901432,11.874286],"rotation":{"angle":22.5,"axis":"z","origin":[11.817492,13.758575,8.388572]},"faces":{"east":{"uv":[4.625,0.5,5.0,1.0],"rotation":0,"texture":"#0","tintindex":0},"south":{"uv":[0.0,0.0,0.0,0.5],"rotation":0,"texture":"#0","tintindex":0},"north":{"uv":[0.0,0.0,0.0,0.5],"rotation":0,"texture":"#0","tintindex":0},"west":{"uv":[1.875,4.625,2.25,5.125],"rotation":0,"texture":"#0","tintindex":0},"up":{"uv":[0.0,0.375,0.0,0.0],"rotation":0,"texture":"#0","tintindex":0},"down":{"uv":[0.0,0.0,0.0,0.375],"rotation":0,"texture":"#0","tintindex":0}}},{"from":[4.331777,12.615718,11.0742855],"to":[6.046063,14.901432,11.0742855],"rotation":{"angle":22.5,"axis":"z","origin":[11.817492,13.758575,8.388572]},"faces":{"east":{"uv":[0.0,0.0,0.0,0.5],"rotation":0,"texture":"#0","tintindex":0},"south":{"uv":[2.625,4.625,3.0,5.125],"rotation":0,"texture":"#0","tintindex":0},"north":{"uv":[2.25,4.625,2.625,5.125],"rotation":0,"texture":"#0","tintindex":0},"west":{"uv":[0.0,0.0,0.0,0.5],"rotation":0,"texture":"#0","tintindex":0},"up":{"uv":[0.375,0.0,0.0,0.0],"rotation":0,"texture":"#0","tintindex":0},"down":{"uv":[0.375,0.0,0.0,0.0],"rotation":0,"texture":"#0","tintindex":0}}}],"textures":{"0":"modelengine:entity/nocsy_skeleton_archer_end"},"display":{"head":{"translation":[0.0,-6.4,0.0],"scale":[4.0,4.0,4.0]}}}