{"elements":[{"from":[7.672819,5.0539837,7.554282],"to":[8.238534,8.139698,8.325711],"rotation":{"angle":0.0,"axis":"y","origin":[9.344248,8.242556,7.991425]},"faces":{"east":{"uv":[2.625,5.125,2.8125,5.8125],"rotation":0,"texture":"#0","tintindex":0},"south":{"uv":[6.375,0.0,6.5,0.6875],"rotation":0,"texture":"#0","tintindex":0},"north":{"uv":[6.125,6.25,6.25,6.9375],"rotation":0,"texture":"#0","tintindex":0},"west":{"uv":[5.25,2.75,5.4375,3.4375],"rotation":0,"texture":"#0","tintindex":0},"up":{"uv":[8.125,7.3125,8.0,7.125],"rotation":0,"texture":"#0","tintindex":0},"down":{"uv":[7.375,8.0,7.25,8.1875],"rotation":0,"texture":"#0","tintindex":0}}},{"from":[7.1436596,4.7463455,7.6874],"to":[7.9768023,5.5794888,8.469114],"rotation":{"angle":-45.0,"axis":"z","origin":[8.16139,4.873984,7.9399967]},"faces":{"east":{"uv":[2.375,7.625,2.5625,7.8125],"rotation":0,"texture":"#0","tintindex":0},"south":{"uv":[7.625,2.625,7.8125,2.8125],"rotation":0,"texture":"#0","tintindex":0},"north":{"uv":[2.125,7.625,2.3125,7.8125],"rotation":0,"texture":"#0","tintindex":0},"west":{"uv":[2.875,7.625,3.0625,7.8125],"rotation":0,"texture":"#0","tintindex":0},"up":{"uv":[3.5625,7.8125,3.375,7.625],"rotation":0,"texture":"#0","tintindex":0},"down":{"uv":[7.8125,3.875,7.625,4.0625],"rotation":0,"texture":"#0","tintindex":0}}}],"textures":{"0":"modelengine:entity/nocsy_skeleton_archer_end"},"display":{"head":{"translation":[0.0,-6.4,0.0],"scale":[4.0,4.0,4.0]}}}