{"elements":[{"from":[7.712,4.8062854,7.5577145],"to":[8.288,8.005143,8.339429],"rotation":{"angle":0.0,"axis":"y","origin":[9.388572,11.188572,8.0]},"faces":{"east":{"uv":[5.25,4.0,5.4375,4.6875],"rotation":0,"texture":"#0","tintindex":0},"south":{"uv":[3.75,6.375,3.875,7.0625],"rotation":0,"texture":"#0","tintindex":0},"north":{"uv":[6.375,3.0,6.5,3.6875],"rotation":0,"texture":"#0","tintindex":0},"west":{"uv":[1.875,5.375,2.0625,6.0625],"rotation":0,"texture":"#0","tintindex":0},"up":{"uv":[7.625,8.1875,7.5,8.0],"rotation":0,"texture":"#0","tintindex":0},"down":{"uv":[7.75,8.0,7.625,8.1875],"rotation":0,"texture":"#0","tintindex":0}}},{"from":[7.157857,7.199379,7.6959743],"to":[7.9909997,8.032521,8.477689],"rotation":{"angle":-45.0,"axis":"z","origin":[8.102858,7.254286,7.948571]},"faces":{"east":{"uv":[7.75,0.25,7.9375,0.4375],"rotation":0,"texture":"#0","tintindex":0},"south":{"uv":[7.75,0.75,7.9375,0.9375],"rotation":0,"texture":"#0","tintindex":0},"north":{"uv":[7.625,7.125,7.8125,7.3125],"rotation":0,"texture":"#0","tintindex":0},"west":{"uv":[7.75,1.0,7.9375,1.1875],"rotation":0,"texture":"#0","tintindex":0},"up":{"uv":[1.3125,7.9375,1.125,7.75],"rotation":0,"texture":"#0","tintindex":0},"down":{"uv":[7.9375,1.25,7.75,1.4375],"rotation":0,"texture":"#0","tintindex":0}}},{"from":[7.4860344,4.445234,7.281006],"to":[8.213851,5.6503086,8.605394],"rotation":{"angle":0.0,"axis":"y","origin":[9.729143,13.041829,7.9730287]},"faces":{"east":{"uv":[3.375,1.875,3.6875,2.125],"rotation":0,"texture":"#0","tintindex":0},"south":{"uv":[2.0,7.0,2.1875,7.25],"rotation":0,"texture":"#0","tintindex":0},"north":{"uv":[1.75,7.0,1.9375,7.25],"rotation":0,"texture":"#0","tintindex":0},"west":{"uv":[6.5,3.125,6.8125,3.375],"rotation":0,"texture":"#0","tintindex":0},"up":{"uv":[6.9375,1.8125,6.75,1.5],"rotation":0,"texture":"#0","tintindex":0},"down":{"uv":[6.9375,2.0,6.75,2.3125],"rotation":0,"texture":"#0","tintindex":0}}},{"from":[7.50358,5.6386514,7.476791],"to":[8.517112,6.272297,8.458323],"rotation":{"angle":-45.0,"axis":"y","origin":[7.9928,5.962057,7.9717712]},"faces":{"east":{"uv":[8.0,7.625,8.1875,7.75],"rotation":0,"texture":"#0","tintindex":0},"south":{"uv":[2.125,7.875,2.375,8.0],"rotation":0,"texture":"#0","tintindex":0},"north":{"uv":[7.875,2.0,8.125,2.125],"rotation":0,"texture":"#0","tintindex":0},"west":{"uv":[8.0,7.75,8.1875,7.875],"rotation":0,"texture":"#0","tintindex":0},"up":{"uv":[7.25,2.1875,7.0,2.0],"rotation":0,"texture":"#0","tintindex":0},"down":{"uv":[2.5,7.0,2.25,7.1875],"rotation":0,"texture":"#0","tintindex":0}}},{"from":[7.4263773,3.8486624,7.2511773],"to":[8.03488,4.8151083,7.591223],"rotation":{"angle":0.0,"axis":"y","origin":[9.729143,13.041829,7.9730287]},"faces":{"east":{"uv":[8.5,3.0,8.5625,3.1875],"rotation":0,"texture":"#0","tintindex":0},"south":{"uv":[8.0,7.875,8.125,8.0625],"rotation":0,"texture":"#0","tintindex":0},"north":{"uv":[7.875,8.0,8.0,8.1875],"rotation":0,"texture":"#0","tintindex":0},"west":{"uv":[3.125,8.5,3.1875,8.6875],"rotation":0,"texture":"#0","tintindex":0},"up":{"uv":[2.125,8.6875,2.0,8.625],"rotation":0,"texture":"#0","tintindex":0},"down":{"uv":[8.75,2.0,8.625,2.0625],"rotation":0,"texture":"#0","tintindex":0}}},{"from":[7.6709714,3.138743,7.3168],"to":[8.148229,3.9739428,7.5554285],"rotation":{"angle":22.5,"axis":"z","origin":[7.7306285,3.3773713,7.4361143]},"faces":{"east":{"uv":[3.25,8.5,3.3125,8.6875],"rotation":0,"texture":"#0","tintindex":0},"south":{"uv":[8.125,0.0,8.25,0.1875],"rotation":0,"texture":"#0","tintindex":0},"north":{"uv":[0.0,8.125,0.125,8.3125],"rotation":0,"texture":"#0","tintindex":0},"west":{"uv":[8.5,3.25,8.5625,3.4375],"rotation":0,"texture":"#0","tintindex":0},"up":{"uv":[2.25,8.6875,2.125,8.625],"rotation":0,"texture":"#0","tintindex":0},"down":{"uv":[8.75,2.125,8.625,2.1875],"rotation":0,"texture":"#0","tintindex":0}}},{"from":[7.7008,2.6763997,7.3466287],"to":[8.1184,3.4519424,7.5256],"rotation":{"angle":45.0,"axis":"z","origin":[7.7306285,3.3773713,7.4361143]},"faces":{"east":{"uv":[3.375,8.5,3.4375,8.6875],"rotation":0,"texture":"#0","tintindex":0},"south":{"uv":[0.25,8.125,0.375,8.3125],"rotation":0,"texture":"#0","tintindex":0},"north":{"uv":[0.125,8.125,0.25,8.3125],"rotation":0,"texture":"#0","tintindex":0},"west":{"uv":[3.5,8.5,3.5625,8.6875],"rotation":0,"texture":"#0","tintindex":0},"up":{"uv":[2.375,8.6875,2.25,8.625],"rotation":0,"texture":"#0","tintindex":0},"down":{"uv":[2.5,8.625,2.375,8.6875],"rotation":0,"texture":"#0","tintindex":0}}},{"from":[7.6709714,3.138743,8.286228],"to":[8.148229,3.9739428,8.5696],"rotation":{"angle":22.5,"axis":"z","origin":[7.7306285,3.3773713,7.4361143]},"faces":{"east":{"uv":[8.5,3.5,8.5625,3.6875],"rotation":0,"texture":"#0","tintindex":0},"south":{"uv":[8.125,0.375,8.25,0.5625],"rotation":0,"texture":"#0","tintindex":0},"north":{"uv":[0.375,8.125,0.5,8.3125],"rotation":0,"texture":"#0","tintindex":0},"west":{"uv":[3.625,8.5,3.6875,8.6875],"rotation":0,"texture":"#0","tintindex":0},"up":{"uv":[8.75,2.4375,8.625,2.375],"rotation":0,"texture":"#0","tintindex":0},"down":{"uv":[2.625,8.625,2.5,8.6875],"rotation":0,"texture":"#0","tintindex":0}}},{"from":[7.5292015,2.8356657,7.8686285],"to":[7.8871446,3.4918942,8.032685],"rotation":{"angle":45.0,"axis":"z","origin":[7.827487,3.6112084,7.9506574]},"faces":{"east":{"uv":[3.75,8.5,3.8125,8.6875],"rotation":0,"texture":"#0","tintindex":0},"south":{"uv":[0.625,8.125,0.75,8.3125],"rotation":0,"texture":"#0","tintindex":0},"north":{"uv":[0.5,8.125,0.625,8.3125],"rotation":0,"texture":"#0","tintindex":0},"west":{"uv":[8.5,3.75,8.5625,3.9375],"rotation":0,"texture":"#0","tintindex":0},"up":{"uv":[8.75,2.5625,8.625,2.5],"rotation":0,"texture":"#0","tintindex":0},"down":{"uv":[2.875,8.625,2.75,8.6875],"rotation":0,"texture":"#0","tintindex":0}}},{"from":[7.5292015,2.8356657,8.345885],"to":[7.8871446,3.4918942,8.509943],"rotation":{"angle":45.0,"axis":"z","origin":[7.827487,3.6112084,7.9506574]},"faces":{"east":{"uv":[3.875,8.5,3.9375,8.6875],"rotation":0,"texture":"#0","tintindex":0},"south":{"uv":[0.75,8.125,0.875,8.3125],"rotation":0,"texture":"#0","tintindex":0},"north":{"uv":[8.125,0.625,8.25,0.8125],"rotation":0,"texture":"#0","tintindex":0},"west":{"uv":[4.0,8.5,4.0625,8.6875],"rotation":0,"texture":"#0","tintindex":0},"up":{"uv":[8.75,2.8125,8.625,2.75],"rotation":0,"texture":"#0","tintindex":0},"down":{"uv":[3.0,8.625,2.875,8.6875],"rotation":0,"texture":"#0","tintindex":0}}},{"from":[7.6709714,3.138743,7.8089714],"to":[8.148229,3.9739428,8.092343],"rotation":{"angle":22.5,"axis":"z","origin":[7.7306285,3.3773713,7.4361143]},"faces":{"east":{"uv":[8.5,4.0,8.5625,4.1875],"rotation":0,"texture":"#0","tintindex":0},"south":{"uv":[8.125,1.0,8.25,1.1875],"rotation":0,"texture":"#0","tintindex":0},"north":{"uv":[0.875,8.125,1.0,8.3125],"rotation":0,"texture":"#0","tintindex":0},"west":{"uv":[4.125,8.5,4.1875,8.6875],"rotation":0,"texture":"#0","tintindex":0},"up":{"uv":[8.75,2.9375,8.625,2.875],"rotation":0,"texture":"#0","tintindex":0},"down":{"uv":[8.75,3.0,8.625,3.0625],"rotation":0,"texture":"#0","tintindex":0}}},{"from":[8.559863,4.445234,7.221349],"to":[8.989394,5.41168,7.8298516],"rotation":{"angle":22.5,"axis":"z","origin":[8.655314,4.9284573,7.5256]},"faces":{"east":{"uv":[1.125,8.125,1.25,8.3125],"rotation":0,"texture":"#0","tintindex":0},"south":{"uv":[4.375,8.5,4.4375,8.6875],"rotation":0,"texture":"#0","tintindex":0},"north":{"uv":[4.25,8.5,4.3125,8.6875],"rotation":0,"texture":"#0","tintindex":0},"west":{"uv":[1.25,8.125,1.375,8.3125],"rotation":0,"texture":"#0","tintindex":0},"up":{"uv":[8.6875,3.25,8.625,3.125],"rotation":0,"texture":"#0","tintindex":0},"down":{"uv":[8.6875,3.25,8.625,3.375],"rotation":0,"texture":"#0","tintindex":0}}},{"from":[8.804458,3.854628,7.2869716],"to":[9.102743,4.6898284,7.7642283],"rotation":{"angle":0.0,"axis":"y","origin":[8.655314,4.9284573,7.5256]},"faces":{"east":{"uv":[8.125,1.375,8.25,1.5625],"rotation":0,"texture":"#0","tintindex":0},"south":{"uv":[4.625,8.5,4.6875,8.6875],"rotation":0,"texture":"#0","tintindex":0},"north":{"uv":[4.5,8.5,4.5625,8.6875],"rotation":0,"texture":"#0","tintindex":0},"west":{"uv":[1.5,8.125,1.625,8.3125],"rotation":0,"texture":"#0","tintindex":0},"up":{"uv":[8.6875,3.5,8.625,3.375],"rotation":0,"texture":"#0","tintindex":0},"down":{"uv":[8.6875,3.5,8.625,3.625],"rotation":0,"texture":"#0","tintindex":0}}},{"from":[9.043086,3.6159997,7.3466287],"to":[9.222057,3.9142857,7.7045712],"rotation":{"angle":-22.5,"axis":"z","origin":[8.9536,4.2722282,7.5256]},"faces":{"east":{"uv":[1.125,8.375,1.25,8.5],"rotation":0,"texture":"#0","tintindex":0},"south":{"uv":[8.625,3.75,8.6875,3.875],"rotation":0,"texture":"#0","tintindex":0},"north":{"uv":[8.625,3.625,8.6875,3.75],"rotation":0,"texture":"#0","tintindex":0},"west":{"uv":[1.25,8.375,1.375,8.5],"rotation":0,"texture":"#0","tintindex":0},"up":{"uv":[8.6875,4.0,8.625,3.875],"rotation":0,"texture":"#0","tintindex":0},"down":{"uv":[8.6875,4.0,8.625,4.125],"rotation":0,"texture":"#0","tintindex":0}}},{"from":[7.4263773,3.8486624,7.7582626],"to":[8.03488,4.8151083,8.128138],"rotation":{"angle":0.0,"axis":"y","origin":[9.729143,13.041829,7.9730287]},"faces":{"east":{"uv":[8.5,4.625,8.5625,4.8125],"rotation":0,"texture":"#0","tintindex":0},"south":{"uv":[1.75,8.125,1.875,8.3125],"rotation":0,"texture":"#0","tintindex":0},"north":{"uv":[1.625,8.125,1.75,8.3125],"rotation":0,"texture":"#0","tintindex":0},"west":{"uv":[4.75,8.5,4.8125,8.6875],"rotation":0,"texture":"#0","tintindex":0},"up":{"uv":[8.75,4.1875,8.625,4.125],"rotation":0,"texture":"#0","tintindex":0},"down":{"uv":[8.75,4.375,8.625,4.4375],"rotation":0,"texture":"#0","tintindex":0}}},{"from":[7.4263773,3.8486624,8.23552],"to":[8.03488,4.8151083,8.620309],"rotation":{"angle":0.0,"axis":"y","origin":[9.729143,13.041829,7.9730287]},"faces":{"east":{"uv":[4.875,8.5,4.9375,8.6875],"rotation":0,"texture":"#0","tintindex":0},"south":{"uv":[2.0,8.125,2.125,8.3125],"rotation":0,"texture":"#0","tintindex":0},"north":{"uv":[1.875,8.125,2.0,8.3125],"rotation":0,"texture":"#0","tintindex":0},"west":{"uv":[8.5,4.875,8.5625,5.0625],"rotation":0,"texture":"#0","tintindex":0},"up":{"uv":[8.75,4.5625,8.625,4.5],"rotation":0,"texture":"#0","tintindex":0},"down":{"uv":[8.75,4.625,8.625,4.6875],"rotation":0,"texture":"#0","tintindex":0}}},{"from":[7.5218287,5.0776,7.3168],"to":[8.774629,5.6145144,8.5696],"rotation":{"angle":0.0,"axis":"y","origin":[9.729143,13.041829,7.9730287]},"faces":{"east":{"uv":[7.25,7.125,7.5625,7.25],"rotation":0,"texture":"#0","tintindex":0},"south":{"uv":[7.25,7.25,7.5625,7.375],"rotation":0,"texture":"#0","tintindex":0},"north":{"uv":[7.25,6.0,7.5625,6.125],"rotation":0,"texture":"#0","tintindex":0},"west":{"uv":[0.0,7.375,0.3125,7.5],"rotation":0,"texture":"#0","tintindex":0},"up":{"uv":[5.9375,6.1875,5.625,5.875],"rotation":0,"texture":"#0","tintindex":0},"down":{"uv":[6.3125,0.0,6.0,0.3125],"rotation":0,"texture":"#0","tintindex":0}}}],"textures":{"0":"modelengine:entity/nocsy_skeleton_archer_end"},"display":{"head":{"translation":[0.0,-6.4,0.0],"scale":[4.0,4.0,4.0]}}}