{"elements":[{"from":[7.492701,3.8249884,7.8120565],"to":[8.12013,8.360989,8.388057],"rotation":{"angle":0.0,"axis":"y","origin":[7.3768716,7.2244177,8.068759]},"faces":{"east":{"uv":[3.125,5.5,3.25,6.5],"rotation":0,"texture":"#0","tintindex":0},"south":{"uv":[5.0,5.5,5.125,6.5],"rotation":0,"texture":"#0","tintindex":0},"north":{"uv":[3.0,5.5,3.125,6.5],"rotation":0,"texture":"#0","tintindex":0},"west":{"uv":[5.125,5.5,5.25,6.5],"rotation":0,"texture":"#0","tintindex":0},"up":{"uv":[8.375,6.375,8.25,6.25],"rotation":0,"texture":"#0","tintindex":0},"down":{"uv":[8.375,6.625,8.25,6.75],"rotation":0,"texture":"#0","tintindex":0}}},{"from":[6.67289,3.9547958,7.8820105],"to":[7.6088905,4.8907957,8.81801],"rotation":{"angle":-45.0,"axis":"z","origin":[7.7135677,3.564539,8.129088]},"faces":{"east":{"uv":[7.25,7.5,7.4375,7.6875],"rotation":0,"texture":"#0","tintindex":0},"south":{"uv":[7.5,7.5,7.6875,7.6875],"rotation":0,"texture":"#0","tintindex":0},"north":{"uv":[7.0,7.5,7.1875,7.6875],"rotation":0,"texture":"#0","tintindex":0},"west":{"uv":[0.0,7.625,0.1875,7.8125],"rotation":0,"texture":"#0","tintindex":0},"up":{"uv":[7.8125,0.1875,7.625,0.0],"rotation":0,"texture":"#0","tintindex":0},"down":{"uv":[0.4375,7.625,0.25,7.8125],"rotation":0,"texture":"#0","tintindex":0}}}],"textures":{"0":"modelengine:entity/nocsy_skeleton_archer_end"},"display":{"head":{"translation":[0.0,-6.4,0.0],"scale":[4.0,4.0,4.0]}}}