{"elements":[{"from":[5.4385242,7.98888,6.1230025],"to":[10.581382,9.703166,7.8372884],"rotation":{"angle":45.0,"axis":"x","origin":[8.284437,9.737435,8.951057]},"faces":{"east":{"uv":[11.0,13.75,11.75,14.5],"rotation":0,"texture":"#0","tintindex":0},"south":{"uv":[11.75,9.0,14.0,9.75],"rotation":0,"texture":"#0","tintindex":0},"north":{"uv":[6.0,11.75,8.25,12.5],"rotation":0,"texture":"#0","tintindex":0},"west":{"uv":[13.75,6.25,14.5,7.0],"rotation":0,"texture":"#0","tintindex":0},"up":{"uv":[9.0,14.0,8.25,11.75],"rotation":270,"texture":"#0","tintindex":0},"down":{"uv":[0.75,12.0,0.0,14.25],"rotation":90,"texture":"#0","tintindex":0}}},{"from":[4.8670955,8.855798,6.9270887],"to":[11.15281,12.2843685,9.784232],"rotation":{"angle":0.0,"axis":"y","origin":[8.284437,9.737435,8.951057]},"faces":{"east":{"uv":[10.75,3.25,12.0,4.75],"rotation":0,"texture":"#0","tintindex":0},"south":{"uv":[5.75,3.5,8.5,5.0],"rotation":0,"texture":"#0","tintindex":0},"north":{"uv":[2.25,5.75,5.0,7.25],"rotation":0,"texture":"#0","tintindex":0},"west":{"uv":[10.5,9.5,11.75,11.0],"rotation":0,"texture":"#0","tintindex":0},"up":{"uv":[7.5,11.0,6.25,8.25],"rotation":270,"texture":"#0","tintindex":0},"down":{"uv":[1.25,8.75,0.0,11.5],"rotation":90,"texture":"#0","tintindex":0}}},{"from":[5.4385242,5.813178,7.2010555],"to":[10.581382,9.24175,10.058199],"rotation":{"angle":22.5,"axis":"x","origin":[8.284437,9.737435,8.951057]},"faces":{"east":{"uv":[11.0,0.0,12.25,1.5],"rotation":0,"texture":"#0","tintindex":0},"south":{"uv":[4.0,9.0,6.25,10.5],"rotation":0,"texture":"#0","tintindex":0},"north":{"uv":[8.75,0.0,11.0,1.5],"rotation":0,"texture":"#0","tintindex":0},"west":{"uv":[10.75,4.75,12.0,6.25],"rotation":0,"texture":"#0","tintindex":0},"up":{"uv":[2.5,11.5,1.25,9.25],"rotation":270,"texture":"#0","tintindex":0},"down":{"uv":[3.75,9.25,2.5,11.5],"rotation":90,"texture":"#0","tintindex":0}}},{"from":[6.0099525,5.6387343,5.8325186],"to":[10.009953,6.7815914,8.689661],"rotation":{"angle":0.0,"axis":"y","origin":[8.284437,9.737435,8.951057]},"faces":{"east":{"uv":[12.25,11.0,13.5,11.5],"rotation":0,"texture":"#0","tintindex":0},"south":{"uv":[10.5,11.0,12.25,11.5],"rotation":0,"texture":"#0","tintindex":0},"north":{"uv":[10.75,6.25,12.5,6.75],"rotation":0,"texture":"#0","tintindex":0},"west":{"uv":[4.5,3.5,5.75,4.0],"rotation":0,"texture":"#0","tintindex":0},"up":{"uv":[10.75,5.75,9.5,4.0],"rotation":270,"texture":"#0","tintindex":0},"down":{"uv":[10.75,5.75,9.5,7.5],"rotation":90,"texture":"#0","tintindex":0}}},{"from":[10.581382,5.24175,4.3439126],"to":[11.724238,8.098893,12.343913],"rotation":{"angle":22.5,"axis":"x","origin":[8.284437,9.737435,8.951057]},"faces":{"east":{"uv":[4.5,2.25,8.0,3.5],"rotation":0,"texture":"#0","tintindex":0},"south":{"uv":[9.0,11.75,9.5,13.0],"rotation":0,"texture":"#0","tintindex":0},"north":{"uv":[8.0,2.0,8.5,3.25],"rotation":0,"texture":"#0","tintindex":0},"west":{"uv":[2.25,4.5,5.75,5.75],"rotation":0,"texture":"#0","tintindex":0},"up":{"uv":[9.5,11.75,6.0,11.25],"rotation":270,"texture":"#0","tintindex":0},"down":{"uv":[3.5,11.5,0.0,12.0],"rotation":90,"texture":"#0","tintindex":0}}},{"from":[11.295668,5.24175,1.4867697],"to":[11.295668,7.527464,4.3439126],"rotation":{"angle":22.5,"axis":"x","origin":[8.284437,9.737435,8.951057]},"faces":{"east":{"uv":[16.0,15.0,14.75,16.0],"rotation":0,"texture":"#0","tintindex":0},"south":{"uv":[9.0,11.75,9.0,12.75],"rotation":0,"texture":"#0","tintindex":0},"north":{"uv":[0.0,0.0,0.0,1.0],"rotation":0,"texture":"#0","tintindex":0},"west":{"uv":[14.75,15.0,16.0,16.0],"rotation":0,"texture":"#0","tintindex":0},"up":{"uv":[6.0,16.0,4.75,16.0],"rotation":270,"texture":"#0","tintindex":0},"down":{"uv":[1.5,16.0,0.25,16.0],"rotation":90,"texture":"#0","tintindex":0}}},{"from":[4.8121805,12.0572815,9.784232],"to":[6.526466,13.771566,10.927089],"rotation":{"angle":22.5,"axis":"z","origin":[8.284437,9.737435,8.951057]},"faces":{"east":{"uv":[4.25,14.5,4.75,15.25],"rotation":0,"texture":"#0","tintindex":0},"south":{"uv":[5.75,14.0,6.5,14.75],"rotation":0,"texture":"#0","tintindex":0},"north":{"uv":[14.0,1.5,14.75,2.25],"rotation":0,"texture":"#0","tintindex":0},"west":{"uv":[5.75,5.0,6.25,5.75],"rotation":0,"texture":"#0","tintindex":0},"up":{"uv":[5.25,15.25,4.75,14.5],"rotation":270,"texture":"#0","tintindex":0},"down":{"uv":[5.75,14.5,5.25,15.25],"rotation":90,"texture":"#0","tintindex":0}}},{"from":[3.973631,12.220312,10.069946],"to":[5.1164885,16.220312,10.641375],"rotation":{"angle":0.0,"axis":"y","origin":[8.284437,9.737435,8.951057]},"faces":{"east":{"uv":[6.5,14.0,6.75,15.75],"rotation":0,"texture":"#0","tintindex":0},"south":{"uv":[12.0,13.25,12.5,15.0],"rotation":0,"texture":"#0","tintindex":0},"north":{"uv":[10.0,13.0,10.5,14.75],"rotation":0,"texture":"#0","tintindex":0},"west":{"uv":[11.75,13.75,12.0,15.5],"rotation":0,"texture":"#0","tintindex":0},"up":{"uv":[2.25,7.25,2.0,6.75],"rotation":270,"texture":"#0","tintindex":0},"down":{"uv":[6.25,10.5,6.0,11.0],"rotation":90,"texture":"#0","tintindex":0}}},{"from":[0.65215063,11.273321,10.069946],"to":[1.7950077,15.273321,10.641375],"rotation":{"angle":-45.0,"axis":"z","origin":[8.284437,9.737435,8.951057]},"faces":{"east":{"uv":[9.5,14.0,9.75,15.75],"rotation":0,"texture":"#0","tintindex":0},"south":{"uv":[13.5,0.75,14.0,2.5],"rotation":0,"texture":"#0","tintindex":0},"north":{"uv":[12.5,13.25,13.0,15.0],"rotation":0,"texture":"#0","tintindex":0},"west":{"uv":[6.75,14.0,7.0,15.75],"rotation":0,"texture":"#0","tintindex":0},"up":{"uv":[11.75,9.5,11.5,9.0],"rotation":270,"texture":"#0","tintindex":0},"down":{"uv":[13.5,0.75,13.25,1.25],"rotation":90,"texture":"#0","tintindex":0}}},{"from":[10.497541,3.087802,10.35566],"to":[10.926113,17.944946,10.35566],"rotation":{"angle":22.5,"axis":"z","origin":[8.284437,9.737435,8.951057]},"faces":{"east":{"uv":[9.5,14.0,9.75,15.75],"rotation":0,"texture":"#0","tintindex":0},"south":{"uv":[3.75,5.25,5.0,5.5],"rotation":0,"texture":"#0","tintindex":0},"north":{"uv":[3.0,5.0,5.0,5.25],"rotation":0,"texture":"#0","tintindex":0},"west":{"uv":[6.75,14.0,7.0,15.75],"rotation":0,"texture":"#0","tintindex":0},"up":{"uv":[11.75,9.5,11.5,9.0],"rotation":270,"texture":"#0","tintindex":0},"down":{"uv":[13.5,0.75,13.25,1.25],"rotation":90,"texture":"#0","tintindex":0}}},{"from":[0.080721855,15.273321,9.784232],"to":[1.2235789,16.41618,10.927089],"rotation":{"angle":-45.0,"axis":"z","origin":[8.284437,9.737435,8.951057]},"faces":{"east":{"uv":[8.5,14.75,9.0,15.25],"rotation":0,"texture":"#0","tintindex":0},"south":{"uv":[14.75,8.5,15.25,9.0],"rotation":0,"texture":"#0","tintindex":0},"north":{"uv":[8.0,14.75,8.5,15.25],"rotation":0,"texture":"#0","tintindex":0},"west":{"uv":[7.5,14.75,8.0,15.25],"rotation":0,"texture":"#0","tintindex":0},"up":{"uv":[9.5,15.25,9.0,14.75],"rotation":270,"texture":"#0","tintindex":0},"down":{"uv":[15.25,9.0,14.75,9.5],"rotation":90,"texture":"#0","tintindex":0}}},{"from":[5.383609,9.200138,9.784232],"to":[6.526466,12.0572815,10.927089],"rotation":{"angle":22.5,"axis":"z","origin":[8.284437,9.737435,8.951057]},"faces":{"east":{"uv":[13.5,10.75,14.0,12.0],"rotation":0,"texture":"#0","tintindex":0},"south":{"uv":[10.5,13.75,11.0,15.0],"rotation":0,"texture":"#0","tintindex":0},"north":{"uv":[7.5,13.5,8.0,14.75],"rotation":0,"texture":"#0","tintindex":0},"west":{"uv":[7.0,13.5,7.5,14.75],"rotation":0,"texture":"#0","tintindex":0},"up":{"uv":[6.25,15.25,5.75,14.75],"rotation":270,"texture":"#0","tintindex":0},"down":{"uv":[7.5,14.75,7.0,15.25],"rotation":90,"texture":"#0","tintindex":0}}},{"from":[4.8121805,7.4858522,9.784232],"to":[6.526466,9.200138,10.927089],"rotation":{"angle":22.5,"axis":"z","origin":[8.284437,9.737435,8.951057]},"faces":{"east":{"uv":[4.25,15.25,4.75,14.5],"rotation":0,"texture":"#0","tintindex":0},"south":{"uv":[5.75,14.75,6.5,14.0],"rotation":0,"texture":"#0","tintindex":0},"north":{"uv":[14.0,2.25,14.75,1.5],"rotation":0,"texture":"#0","tintindex":0},"west":{"uv":[5.75,5.75,6.25,5.0],"rotation":0,"texture":"#0","tintindex":0},"up":{"uv":[5.75,15.25,5.25,14.5],"rotation":270,"texture":"#0","tintindex":0},"down":{"uv":[5.25,14.5,4.75,15.25],"rotation":90,"texture":"#0","tintindex":0}}},{"from":[4.742778,4.7673426,10.069946],"to":[5.885635,8.767343,10.641375],"rotation":{"angle":45.0,"axis":"z","origin":[8.284437,9.737435,8.951057]},"faces":{"east":{"uv":[6.5,15.75,6.75,14.0],"rotation":0,"texture":"#0","tintindex":0},"south":{"uv":[12.0,15.0,12.5,13.25],"rotation":0,"texture":"#0","tintindex":0},"north":{"uv":[10.0,14.75,10.5,13.0],"rotation":0,"texture":"#0","tintindex":0},"west":{"uv":[11.75,15.5,12.0,13.75],"rotation":0,"texture":"#0","tintindex":0},"up":{"uv":[6.25,11.0,6.0,10.5],"rotation":270,"texture":"#0","tintindex":0},"down":{"uv":[2.25,6.75,2.0,7.25],"rotation":90,"texture":"#0","tintindex":0}}},{"from":[9.294492,3.707162,10.069946],"to":[13.294493,4.8500195,10.641375],"rotation":{"angle":0.0,"axis":"y","origin":[8.284437,9.737435,8.951057]},"faces":{"east":{"uv":[11.75,9.0,11.5,9.5],"rotation":0,"texture":"#0","tintindex":0},"south":{"uv":[14.0,0.75,13.5,2.5],"rotation":90,"texture":"#0","tintindex":0},"north":{"uv":[13.0,13.25,12.5,15.0],"rotation":270,"texture":"#0","tintindex":0},"west":{"uv":[13.5,1.25,13.25,0.75],"rotation":180,"texture":"#0","tintindex":0},"up":{"uv":[9.75,14.0,9.5,15.75],"rotation":90,"texture":"#0","tintindex":0},"down":{"uv":[7.0,14.0,6.75,15.75],"rotation":90,"texture":"#0","tintindex":0}}},{"from":[13.294493,3.1472893,9.784232],"to":[14.437349,4.290147,10.927089],"rotation":{"angle":0.0,"axis":"y","origin":[8.284437,9.737435,8.951057]},"faces":{"east":{"uv":[9.5,15.25,9.0,14.75],"rotation":0,"texture":"#0","tintindex":0},"south":{"uv":[14.75,8.5,15.25,9.0],"rotation":90,"texture":"#0","tintindex":0},"north":{"uv":[8.0,14.75,8.5,15.25],"rotation":270,"texture":"#0","tintindex":0},"west":{"uv":[15.25,9.0,14.75,9.5],"rotation":180,"texture":"#0","tintindex":0},"up":{"uv":[7.5,14.75,8.0,15.25],"rotation":90,"texture":"#0","tintindex":0},"down":{"uv":[8.5,14.75,9.0,15.25],"rotation":90,"texture":"#0","tintindex":0}}}],"textures":{"0":"modelengine:entity/archer"},"display":{"head":{"translation":[0.0,-6.4,0.0],"scale":[4.0,4.0,4.0]}}}