{"elements":[{"from":[5.9147196,7.8134375,6.5714283],"to":[7.6290054,10.099152,9.428572],"rotation":{"angle":45.0,"axis":"z","origin":[6.7718625,8.956295,8.0]},"faces":{"east":{"uv":[7.0,12.5,8.25,13.5],"rotation":0,"texture":"#0","tintindex":0},"south":{"uv":[3.5,13.5,4.25,14.5],"rotation":0,"texture":"#0","tintindex":0},"north":{"uv":[13.5,3.25,14.25,4.25],"rotation":0,"texture":"#0","tintindex":0},"west":{"uv":[12.5,6.25,13.75,7.25],"rotation":0,"texture":"#0","tintindex":0},"up":{"uv":[14.25,13.75,13.0,13.0],"rotation":270,"texture":"#0","tintindex":0},"down":{"uv":[14.5,0.0,13.25,0.75],"rotation":90,"texture":"#0","tintindex":0}}},{"from":[8.10912,5.476384,6.5714283],"to":[9.823406,7.19067,7.714286],"rotation":{"angle":45.0,"axis":"z","origin":[8.294836,6.0797186,8.0]},"faces":{"east":{"uv":[14.5,7.0,15.0,7.75],"rotation":0,"texture":"#0","tintindex":0},"south":{"uv":[14.25,4.0,15.0,4.75],"rotation":0,"texture":"#0","tintindex":0},"north":{"uv":[14.25,3.25,15.0,4.0],"rotation":0,"texture":"#0","tintindex":0},"west":{"uv":[14.5,6.25,15.0,7.0],"rotation":0,"texture":"#0","tintindex":0},"up":{"uv":[11.5,15.25,11.0,14.5],"rotation":270,"texture":"#0","tintindex":0},"down":{"uv":[13.5,14.5,13.0,15.25],"rotation":90,"texture":"#0","tintindex":0}}},{"from":[8.10912,5.476384,8.285714],"to":[9.823406,7.19067,9.428572],"rotation":{"angle":45.0,"axis":"z","origin":[8.294836,6.0797186,8.0]},"faces":{"east":{"uv":[15.0,7.0,14.5,7.75],"rotation":0,"texture":"#0","tintindex":0},"south":{"uv":[15.0,3.25,14.25,4.0],"rotation":0,"texture":"#0","tintindex":0},"north":{"uv":[15.0,4.0,14.25,4.75],"rotation":0,"texture":"#0","tintindex":0},"west":{"uv":[15.0,6.25,14.5,7.0],"rotation":0,"texture":"#0","tintindex":0},"up":{"uv":[11.0,15.25,11.5,14.5],"rotation":270,"texture":"#0","tintindex":0},"down":{"uv":[13.0,14.5,13.5,15.25],"rotation":90,"texture":"#0","tintindex":0}}},{"from":[8.3948345,5.7620983,7.142857],"to":[10.109121,8.047813,8.857143],"rotation":{"angle":45.0,"axis":"z","origin":[8.294836,6.0797186,8.0]},"faces":{"east":{"uv":[5.0,13.5,5.75,14.5],"rotation":0,"texture":"#0","tintindex":0},"south":{"uv":[13.5,5.25,14.25,6.25],"rotation":0,"texture":"#0","tintindex":0},"north":{"uv":[13.5,4.25,14.25,5.25],"rotation":0,"texture":"#0","tintindex":0},"west":{"uv":[4.25,13.5,5.0,14.5],"rotation":0,"texture":"#0","tintindex":0},"up":{"uv":[14.75,12.5,14.0,11.75],"rotation":270,"texture":"#0","tintindex":0},"down":{"uv":[0.75,14.25,0.0,15.0],"rotation":90,"texture":"#0","tintindex":0}}},{"from":[6.9662633,6.047813,6.857143],"to":[8.10912,6.6192417,7.428571],"rotation":{"angle":45.0,"axis":"z","origin":[8.294836,6.0797186,8.0]},"faces":{"east":{"uv":[14.0,2.25,14.25,2.5],"rotation":0,"texture":"#0","tintindex":0},"south":{"uv":[13.0,10.75,13.5,11.0],"rotation":0,"texture":"#0","tintindex":0},"north":{"uv":[4.5,12.25,5.0,12.5],"rotation":0,"texture":"#0","tintindex":0},"west":{"uv":[11.25,7.25,11.5,7.5],"rotation":0,"texture":"#0","tintindex":0},"up":{"uv":[6.5,15.25,6.25,14.75],"rotation":270,"texture":"#0","tintindex":0},"down":{"uv":[0.75,15.0,0.5,15.5],"rotation":90,"texture":"#0","tintindex":0}}},{"from":[6.9662633,6.047813,8.571428],"to":[8.10912,6.6192417,9.142858],"rotation":{"angle":45.0,"axis":"z","origin":[8.294836,6.0797186,8.0]},"faces":{"east":{"uv":[14.25,2.25,14.0,2.5],"rotation":0,"texture":"#0","tintindex":0},"south":{"uv":[5.0,12.25,4.5,12.5],"rotation":0,"texture":"#0","tintindex":0},"north":{"uv":[13.5,10.75,13.0,11.0],"rotation":0,"texture":"#0","tintindex":0},"west":{"uv":[11.5,7.25,11.25,7.5],"rotation":0,"texture":"#0","tintindex":0},"up":{"uv":[6.25,15.25,6.5,14.75],"rotation":270,"texture":"#0","tintindex":0},"down":{"uv":[0.5,15.0,0.75,15.5],"rotation":90,"texture":"#0","tintindex":0}}},{"from":[6.394835,6.6192417,6.285714],"to":[7.537692,7.762099,7.428571],"rotation":{"angle":45.0,"axis":"z","origin":[8.294836,6.0797186,8.0]},"faces":{"east":{"uv":[0.0,15.0,0.5,15.5],"rotation":0,"texture":"#0","tintindex":0},"south":{"uv":[1.25,15.0,1.75,15.5],"rotation":0,"texture":"#0","tintindex":0},"north":{"uv":[14.5,14.75,15.0,15.25],"rotation":0,"texture":"#0","tintindex":0},"west":{"uv":[14.75,12.0,15.25,12.5],"rotation":0,"texture":"#0","tintindex":0},"up":{"uv":[2.25,15.5,1.75,15.0],"rotation":270,"texture":"#0","tintindex":0},"down":{"uv":[2.75,15.0,2.25,15.5],"rotation":90,"texture":"#0","tintindex":0}}},{"from":[6.394835,6.6192417,8.571428],"to":[7.537692,7.762099,9.714286],"rotation":{"angle":45.0,"axis":"z","origin":[8.294836,6.0797186,8.0]},"faces":{"east":{"uv":[0.5,15.0,0.0,15.5],"rotation":0,"texture":"#0","tintindex":0},"south":{"uv":[15.0,14.75,14.5,15.25],"rotation":0,"texture":"#0","tintindex":0},"north":{"uv":[1.75,15.0,1.25,15.5],"rotation":0,"texture":"#0","tintindex":0},"west":{"uv":[15.25,12.0,14.75,12.5],"rotation":0,"texture":"#0","tintindex":0},"up":{"uv":[1.75,15.5,2.25,15.0],"rotation":270,"texture":"#0","tintindex":0},"down":{"uv":[2.25,15.0,2.75,15.5],"rotation":90,"texture":"#0","tintindex":0}}},{"from":[6.9662633,6.6192417,6.857143],"to":[7.537692,7.19067,7.428571],"rotation":{"angle":45.0,"axis":"z","origin":[8.294836,6.0797186,8.0]},"faces":{"east":{"uv":[14.25,8.5,14.5,8.75],"rotation":0,"texture":"#0","tintindex":0},"south":{"uv":[14.25,13.5,14.5,13.75],"rotation":0,"texture":"#0","tintindex":0},"north":{"uv":[14.25,7.0,14.5,7.25],"rotation":0,"texture":"#0","tintindex":0},"west":{"uv":[14.25,2.25,14.5,2.5],"rotation":0,"texture":"#0","tintindex":0},"up":{"uv":[14.75,0.75,14.5,0.5],"rotation":270,"texture":"#0","tintindex":0},"down":{"uv":[14.75,7.75,14.5,8.0],"rotation":90,"texture":"#0","tintindex":0}}},{"from":[6.9662633,6.6192417,8.571428],"to":[7.537692,7.19067,9.142858],"rotation":{"angle":45.0,"axis":"z","origin":[8.294836,6.0797186,8.0]},"faces":{"east":{"uv":[14.5,8.5,14.25,8.75],"rotation":0,"texture":"#0","tintindex":0},"south":{"uv":[14.5,7.0,14.25,7.25],"rotation":0,"texture":"#0","tintindex":0},"north":{"uv":[14.5,13.5,14.25,13.75],"rotation":0,"texture":"#0","tintindex":0},"west":{"uv":[14.5,2.25,14.25,2.5],"rotation":0,"texture":"#0","tintindex":0},"up":{"uv":[14.5,0.75,14.75,0.5],"rotation":270,"texture":"#0","tintindex":0},"down":{"uv":[14.5,7.75,14.75,8.0],"rotation":90,"texture":"#0","tintindex":0}}},{"from":[10.109121,2.9049554,6.5714283],"to":[10.109121,5.7620983,9.428572],"rotation":{"angle":45.0,"axis":"z","origin":[8.294836,6.0797186,8.0]},"faces":{"east":{"uv":[0.75,12.0,2.0,13.25],"rotation":0,"texture":"#0","tintindex":0},"south":{"uv":[0.0,0.0,0.0,1.25],"rotation":0,"texture":"#0","tintindex":0},"north":{"uv":[0.0,0.0,0.0,1.25],"rotation":0,"texture":"#0","tintindex":0},"west":{"uv":[0.75,12.0,2.0,13.25],"rotation":0,"texture":"#0","tintindex":0},"up":{"uv":[1.25,0.0,0.0,0.0],"rotation":270,"texture":"#0","tintindex":0},"down":{"uv":[1.25,0.0,0.0,0.0],"rotation":90,"texture":"#0","tintindex":0}}},{"from":[11.92245,6.5414977,6.5714283],"to":[13.636736,6.5414977,9.428572],"rotation":{"angle":-22.5,"axis":"z","origin":[8.294836,6.0797186,8.0]},"faces":{"east":{"uv":[1.25,0.0,0.0,0.0],"rotation":0,"texture":"#0","tintindex":0},"south":{"uv":[0.0,0.0,0.0,0.75],"rotation":270,"texture":"#0","tintindex":0},"north":{"uv":[0.0,0.0,0.0,0.75],"rotation":90,"texture":"#0","tintindex":0},"west":{"uv":[1.25,0.0,0.0,0.0],"rotation":180,"texture":"#0","tintindex":0},"up":{"uv":[13.25,7.25,14.5,8.0],"rotation":270,"texture":"#0","tintindex":0},"down":{"uv":[13.25,7.25,14.5,8.0],"rotation":270,"texture":"#0","tintindex":0}}}],"textures":{"0":"modelengine:entity/archer"},"display":{"head":{"translation":[0.0,-6.4,0.0],"scale":[4.0,4.0,4.0]}}}