{"elements":[{"from":[5.5231566,7.4598503,7.428571],"to":[6.208871,8.088422,8.571428],"rotation":{"angle":0.0,"axis":"y","origin":[6.3907156,8.063019,8.0]},"faces":{"east":{"uv":[10.75,7.25,11.25,7.5],"rotation":0,"texture":"#0","tintindex":0},"south":{"uv":[3.75,10.25,4.0,10.5],"rotation":0,"texture":"#0","tintindex":0},"north":{"uv":[7.75,2.0,8.0,2.25],"rotation":0,"texture":"#0","tintindex":0},"west":{"uv":[8.0,3.25,8.5,3.5],"rotation":0,"texture":"#0","tintindex":0},"up":{"uv":[7.5,11.25,7.0,11.0],"rotation":270,"texture":"#0","tintindex":0},"down":{"uv":[12.75,1.25,12.25,1.5],"rotation":90,"texture":"#0","tintindex":0}}},{"from":[5.7592964,7.4675245,7.428571],"to":[6.7021537,8.610382,8.571428],"rotation":{"angle":-45.0,"axis":"z","origin":[6.3907156,8.063019,8.0]},"faces":{"east":{"uv":[14.75,10.0,15.25,10.5],"rotation":0,"texture":"#0","tintindex":0},"south":{"uv":[14.75,10.5,15.25,11.0],"rotation":0,"texture":"#0","tintindex":0},"north":{"uv":[10.0,14.75,10.5,15.25],"rotation":0,"texture":"#0","tintindex":0},"west":{"uv":[14.75,9.5,15.25,10.0],"rotation":0,"texture":"#0","tintindex":0},"up":{"uv":[15.25,11.5,14.75,11.0],"rotation":270,"texture":"#0","tintindex":0},"down":{"uv":[15.25,11.5,14.75,12.0],"rotation":90,"texture":"#0","tintindex":0}}},{"from":[6.1884217,7.3986464,7.142857],"to":[7.9027076,9.112932,8.857143],"rotation":{"angle":0.0,"axis":"y","origin":[6.3907156,8.063019,8.0]},"faces":{"east":{"uv":[14.0,8.75,14.75,9.5],"rotation":0,"texture":"#0","tintindex":0},"south":{"uv":[14.0,9.5,14.75,10.25],"rotation":0,"texture":"#0","tintindex":0},"north":{"uv":[8.75,14.0,9.5,14.75],"rotation":0,"texture":"#0","tintindex":0},"west":{"uv":[8.0,14.0,8.75,14.75],"rotation":0,"texture":"#0","tintindex":0},"up":{"uv":[14.75,11.0,14.0,10.25],"rotation":270,"texture":"#0","tintindex":0},"down":{"uv":[14.75,11.0,14.0,11.75],"rotation":90,"texture":"#0","tintindex":0}}}],"textures":{"0":"modelengine:entity/archer"},"display":{"head":{"translation":[0.0,-6.4,0.0],"scale":[4.0,4.0,4.0]}}}