{"elements":[{"from":[6.714286,4.0,6.0],"to":[9.0,6.857143,8.285714],"rotation":{"angle":0.0,"axis":"y","origin":[7.857143,4.928571,7.0]},"faces":{"east":{"uv":[12.25,0.0,13.25,1.25],"rotation":0,"texture":"#0","tintindex":0},"south":{"uv":[3.5,12.25,4.5,13.5],"rotation":0,"texture":"#0","tintindex":0},"north":{"uv":[12.0,12.0,13.0,13.25],"rotation":0,"texture":"#0","tintindex":0},"west":{"uv":[9.5,7.5,10.5,8.75],"rotation":0,"texture":"#0","tintindex":0},"up":{"uv":[14.0,10.75,13.0,9.75],"rotation":270,"texture":"#0","tintindex":0},"down":{"uv":[14.0,12.0,13.0,13.0],"rotation":90,"texture":"#0","tintindex":0}}},{"from":[7.0,6.857143,6.285714],"to":[8.714286,8.0,8.0],"rotation":{"angle":0.0,"axis":"y","origin":[7.857143,4.928571,7.0]},"faces":{"east":{"uv":[14.5,2.75,15.25,3.25],"rotation":0,"texture":"#0","tintindex":0},"south":{"uv":[3.5,14.5,4.25,15.0],"rotation":0,"texture":"#0","tintindex":0},"north":{"uv":[12.75,2.75,13.5,3.25],"rotation":0,"texture":"#0","tintindex":0},"west":{"uv":[1.25,8.75,2.0,9.25],"rotation":0,"texture":"#0","tintindex":0},"up":{"uv":[1.5,14.75,0.75,14.0],"rotation":270,"texture":"#0","tintindex":0},"down":{"uv":[14.75,0.75,14.0,1.5],"rotation":90,"texture":"#0","tintindex":0}}},{"from":[6.714286,2.8571424,6.0],"to":[7.857143,4.0,8.285714],"rotation":{"angle":0.0,"axis":"y","origin":[7.857143,4.928571,7.0]},"faces":{"east":{"uv":[14.25,4.75,15.25,5.25],"rotation":0,"texture":"#0","tintindex":0},"south":{"uv":[1.5,14.0,2.0,14.5],"rotation":0,"texture":"#0","tintindex":0},"north":{"uv":[10.0,1.5,10.5,2.0],"rotation":0,"texture":"#0","tintindex":0},"west":{"uv":[14.0,12.5,15.0,13.0],"rotation":0,"texture":"#0","tintindex":0},"up":{"uv":[15.25,5.75,14.25,5.25],"rotation":270,"texture":"#0","tintindex":0},"down":{"uv":[15.25,5.75,14.25,6.25],"rotation":90,"texture":"#0","tintindex":0}}},{"from":[7.857143,2.8571424,6.0],"to":[9.0,4.0,7.142857],"rotation":{"angle":0.0,"axis":"y","origin":[7.857143,4.928571,7.0]},"faces":{"east":{"uv":[14.75,0.5,15.25,1.0],"rotation":0,"texture":"#0","tintindex":0},"south":{"uv":[0.75,14.75,1.25,15.25],"rotation":0,"texture":"#0","tintindex":0},"north":{"uv":[14.5,14.25,15.0,14.75],"rotation":0,"texture":"#0","tintindex":0},"west":{"uv":[14.0,14.5,14.5,15.0],"rotation":0,"texture":"#0","tintindex":0},"up":{"uv":[15.25,1.5,14.75,1.0],"rotation":270,"texture":"#0","tintindex":0},"down":{"uv":[15.25,1.5,14.75,2.0],"rotation":90,"texture":"#0","tintindex":0}}}],"textures":{"0":"modelengine:entity/archer"},"display":{"head":{"translation":[0.0,-6.4,0.0],"scale":[4.0,4.0,4.0]}}}