{"elements":[{"from":[7.142857,6.857143,8.0],"to":[8.857143,8.0,10.285714],"rotation":{"angle":0.0,"axis":"y","origin":[8.0,5.2380953,8.571428]},"faces":{"east":{"uv":[9.5,12.5,10.5,13.0],"rotation":0,"texture":"#0","tintindex":0},"south":{"uv":[11.25,13.25,12.0,13.75],"rotation":0,"texture":"#0","tintindex":0},"north":{"uv":[10.5,13.0,11.25,13.5],"rotation":0,"texture":"#0","tintindex":0},"west":{"uv":[4.0,8.5,5.0,9.0],"rotation":0,"texture":"#0","tintindex":0},"up":{"uv":[14.25,8.75,13.25,8.0],"rotation":270,"texture":"#0","tintindex":0},"down":{"uv":[14.5,2.5,13.5,3.25],"rotation":90,"texture":"#0","tintindex":0}}},{"from":[6.857143,2.8571424,7.714286],"to":[9.142858,6.857143,10.571428],"rotation":{"angle":0.0,"axis":"y","origin":[8.0,5.2380953,8.571428]},"faces":{"east":{"uv":[3.75,10.5,5.0,12.25],"rotation":0,"texture":"#0","tintindex":0},"south":{"uv":[11.75,1.5,12.75,3.25],"rotation":0,"texture":"#0","tintindex":0},"north":{"uv":[11.5,7.25,12.5,9.0],"rotation":0,"texture":"#0","tintindex":0},"west":{"uv":[10.5,1.5,11.75,3.25],"rotation":0,"texture":"#0","tintindex":0},"up":{"uv":[5.75,13.5,4.5,12.5],"rotation":270,"texture":"#0","tintindex":0},"down":{"uv":[7.0,12.5,5.75,13.5],"rotation":90,"texture":"#0","tintindex":0}}},{"from":[6.857143,2.8571424,7.142857],"to":[9.142858,4.0,7.714286],"rotation":{"angle":0.0,"axis":"y","origin":[8.0,5.2380953,8.571428]},"faces":{"east":{"uv":[11.5,14.5,11.75,15.0],"rotation":0,"texture":"#0","tintindex":0},"south":{"uv":[14.25,13.0,15.25,13.5],"rotation":0,"texture":"#0","tintindex":0},"north":{"uv":[14.25,8.0,15.25,8.5],"rotation":0,"texture":"#0","tintindex":0},"west":{"uv":[8.0,13.5,8.25,14.0],"rotation":0,"texture":"#0","tintindex":0},"up":{"uv":[4.0,10.25,3.75,9.25],"rotation":270,"texture":"#0","tintindex":0},"down":{"uv":[10.0,14.0,9.75,15.0],"rotation":90,"texture":"#0","tintindex":0}}}],"textures":{"0":"modelengine:entity/archer"},"display":{"head":{"translation":[0.0,-6.4,0.0],"scale":[4.0,4.0,4.0]}}}