{"elements":[{"from":[8.171429,3.4914575,11.395939],"to":[8.171429,10.920029,14.253082],"rotation":{"angle":0.0,"axis":"y","origin":[8.0,8.0,10.714286]},"faces":{"east":{"uv":[6.25,5.75,5.0,9.0],"rotation":0,"texture":"#0","tintindex":0},"south":{"uv":[0.0,0.0,0.0,3.25],"rotation":0,"texture":"#0","tintindex":0},"north":{"uv":[0.0,0.0,0.0,3.25],"rotation":0,"texture":"#0","tintindex":0},"west":{"uv":[5.0,5.75,6.25,9.0],"rotation":0,"texture":"#0","tintindex":0},"up":{"uv":[1.25,0.0,0.0,0.0],"rotation":270,"texture":"#0","tintindex":0},"down":{"uv":[1.25,0.0,0.0,0.0],"rotation":90,"texture":"#0","tintindex":0}}},{"from":[7.6,7.9665265,10.028572],"to":[8.171429,9.109384,12.314286],"rotation":{"angle":-45.0,"axis":"x","origin":[8.0,8.0,10.714286]},"faces":{"east":{"uv":[1.5,14.5,2.5,15.0],"rotation":0,"texture":"#0","tintindex":0},"south":{"uv":[3.0,15.0,3.25,15.5],"rotation":0,"texture":"#0","tintindex":0},"north":{"uv":[2.75,15.0,3.0,15.5],"rotation":0,"texture":"#0","tintindex":0},"west":{"uv":[14.5,0.0,15.5,0.5],"rotation":0,"texture":"#0","tintindex":0},"up":{"uv":[7.75,2.25,6.75,2.0],"rotation":270,"texture":"#0","tintindex":0},"down":{"uv":[10.5,8.75,9.5,9.0],"rotation":90,"texture":"#0","tintindex":0}}},{"from":[7.6,9.107701,10.726469],"to":[8.171429,10.821987,11.869326],"rotation":{"angle":0.0,"axis":"y","origin":[8.0,8.0,10.714286]},"faces":{"east":{"uv":[14.5,13.5,15.0,14.25],"rotation":0,"texture":"#0","tintindex":0},"south":{"uv":[3.5,11.5,3.75,12.25],"rotation":0,"texture":"#0","tintindex":0},"north":{"uv":[10.5,3.25,10.75,4.0],"rotation":0,"texture":"#0","tintindex":0},"west":{"uv":[13.5,14.5,14.0,15.25],"rotation":0,"texture":"#0","tintindex":0},"up":{"uv":[14.0,9.0,13.5,8.75],"rotation":270,"texture":"#0","tintindex":0},"down":{"uv":[14.25,7.0,13.75,7.25],"rotation":90,"texture":"#0","tintindex":0}}},{"from":[7.6,7.4914575,7.9673676],"to":[8.171429,8.634315,10.253082],"rotation":{"angle":0.0,"axis":"y","origin":[8.0,8.0,10.714286]},"faces":{"east":{"uv":[2.5,14.5,3.5,15.0],"rotation":0,"texture":"#0","tintindex":0},"south":{"uv":[15.0,3.25,15.25,3.75],"rotation":0,"texture":"#0","tintindex":0},"north":{"uv":[3.25,15.0,3.5,15.5],"rotation":0,"texture":"#0","tintindex":0},"west":{"uv":[14.5,2.25,15.5,2.75],"rotation":0,"texture":"#0","tintindex":0},"up":{"uv":[7.0,11.25,6.0,11.0],"rotation":270,"texture":"#0","tintindex":0},"down":{"uv":[13.5,8.75,12.5,9.0],"rotation":90,"texture":"#0","tintindex":0}}},{"from":[8.171429,3.4914575,7.9673676],"to":[8.171429,8.634315,11.395939],"rotation":{"angle":0.0,"axis":"y","origin":[8.0,8.0,10.714286]},"faces":{"east":{"uv":[9.0,9.0,7.5,11.25],"rotation":0,"texture":"#0","tintindex":0},"south":{"uv":[0.0,0.0,0.0,2.25],"rotation":0,"texture":"#0","tintindex":0},"north":{"uv":[0.0,0.0,0.0,2.25],"rotation":0,"texture":"#0","tintindex":0},"west":{"uv":[7.5,9.0,9.0,11.25],"rotation":0,"texture":"#0","tintindex":0},"up":{"uv":[1.5,0.0,0.0,0.0],"rotation":270,"texture":"#0","tintindex":0},"down":{"uv":[1.5,0.0,0.0,0.0],"rotation":90,"texture":"#0","tintindex":0}}}],"textures":{"0":"modelengine:entity/archer"},"display":{"head":{"translation":[0.0,-6.4,0.0],"scale":[4.0,4.0,4.0]}}}