{"elements":[{"from":[6.857143,6.0,6.857143],"to":[8.571428,8.857143,9.142858],"rotation":{"angle":0.0,"axis":"y","origin":[7.714286,7.428571,8.0]},"faces":{"east":{"uv":[9.5,11.25,10.5,12.5],"rotation":0,"texture":"#0","tintindex":0},"south":{"uv":[11.25,12.0,12.0,13.25],"rotation":0,"texture":"#0","tintindex":0},"north":{"uv":[10.5,12.0,11.25,13.25],"rotation":0,"texture":"#0","tintindex":0},"west":{"uv":[4.0,7.25,5.0,8.5],"rotation":0,"texture":"#0","tintindex":0},"up":{"uv":[14.25,8.75,13.25,8.0],"rotation":270,"texture":"#0","tintindex":0},"down":{"uv":[14.5,2.5,13.5,3.25],"rotation":90,"texture":"#0","tintindex":0}}}],"textures":{"0":"modelengine:entity/archer"},"display":{"head":{"translation":[0.0,-6.4,0.0],"scale":[4.0,4.0,4.0]}}}