{"elements":[{"from":[5.714286,8.0,5.142857],"to":[10.285714,12.571428,9.714286],"rotation":{"angle":0.0,"axis":"y","origin":[8.0,10.714286,7.428571]},"faces":{"east":{"uv":[2.0,7.25,4.0,9.25],"rotation":0,"texture":"#0","tintindex":0},"south":{"uv":[7.5,5.0,9.5,7.0],"rotation":0,"texture":"#0","tintindex":0},"north":{"uv":[6.75,0.0,8.75,2.0],"rotation":0,"texture":"#0","tintindex":0},"west":{"uv":[0.0,6.75,2.0,8.75],"rotation":0,"texture":"#0","tintindex":0},"up":{"uv":[9.5,9.0,7.5,7.0],"rotation":270,"texture":"#0","tintindex":0},"down":{"uv":[10.5,2.0,8.5,4.0],"rotation":90,"texture":"#0","tintindex":0}}},{"from":[7.428571,9.714286,4.5714283],"to":[8.571428,10.285714,5.142857],"rotation":{"angle":0.0,"axis":"y","origin":[8.0,10.714286,7.428571]},"faces":{"east":{"uv":[0.5,15.75,0.75,16.0],"rotation":0,"texture":"#0","tintindex":0},"south":{"uv":[0.0,15.5,0.5,15.75],"rotation":0,"texture":"#0","tintindex":0},"north":{"uv":[0.0,15.75,0.5,16.0],"rotation":0,"texture":"#0","tintindex":0},"west":{"uv":[0.5,15.5,0.75,15.75],"rotation":0,"texture":"#0","tintindex":0},"up":{"uv":[1.0,16.0,0.75,15.5],"rotation":270,"texture":"#0","tintindex":0},"down":{"uv":[1.25,15.5,1.0,16.0],"rotation":90,"texture":"#0","tintindex":0}}},{"from":[6.857143,11.142858,8.285714],"to":[9.142858,13.428572,11.714286],"rotation":{"angle":0.0,"axis":"y","origin":[8.0,10.714286,7.428571]},"faces":{"east":{"uv":[12.0,3.25,13.5,4.25],"rotation":0,"texture":"#0","tintindex":0},"south":{"uv":[9.0,13.0,10.0,14.0],"rotation":0,"texture":"#0","tintindex":0},"north":{"uv":[8.5,4.0,9.5,5.0],"rotation":0,"texture":"#0","tintindex":0},"west":{"uv":[2.0,12.0,3.5,13.0],"rotation":0,"texture":"#0","tintindex":0},"up":{"uv":[13.5,5.25,12.0,4.25],"rotation":270,"texture":"#0","tintindex":0},"down":{"uv":[13.5,5.25,12.0,6.25],"rotation":90,"texture":"#0","tintindex":0}}},{"from":[5.428571,7.714286,4.8571424],"to":[10.571428,12.857143,10.0],"rotation":{"angle":0.0,"axis":"y","origin":[8.0,10.714286,7.428571]},"faces":{"east":{"uv":[2.25,0.0,4.5,2.25],"rotation":0,"texture":"#0","tintindex":0},"south":{"uv":[2.25,2.25,4.5,4.5],"rotation":0,"texture":"#0","tintindex":0},"north":{"uv":[0.0,2.25,2.25,4.5],"rotation":0,"texture":"#0","tintindex":0},"west":{"uv":[0.0,0.0,2.25,2.25],"rotation":0,"texture":"#0","tintindex":0},"up":{"uv":[2.25,6.75,0.0,4.5],"rotation":270,"texture":"#0","tintindex":0},"down":{"uv":[6.75,0.0,4.5,2.25],"rotation":90,"texture":"#0","tintindex":0}}}],"textures":{"0":"modelengine:entity/archer"},"display":{"head":{"translation":[0.0,-6.4,0.0],"scale":[4.0,4.0,4.0]}}}