{"elements":[{"from":[8.171429,3.4914575,1.7469182],"to":[8.171429,10.920029,4.604061],"rotation":{"angle":0.0,"axis":"y","origin":[8.0,8.0,5.285714]},"faces":{"east":{"uv":[5.0,5.75,6.25,9.0],"rotation":0,"texture":"#0","tintindex":0},"south":{"uv":[0.0,0.0,0.0,3.25],"rotation":0,"texture":"#0","tintindex":0},"north":{"uv":[0.0,0.0,0.0,3.25],"rotation":0,"texture":"#0","tintindex":0},"west":{"uv":[6.25,5.75,5.0,9.0],"rotation":0,"texture":"#0","tintindex":0},"up":{"uv":[0.0,0.0,1.25,0.0],"rotation":270,"texture":"#0","tintindex":0},"down":{"uv":[0.0,0.0,1.25,0.0],"rotation":90,"texture":"#0","tintindex":0}}},{"from":[7.6,7.9665265,3.6857138],"to":[8.171429,9.109384,5.9714284],"rotation":{"angle":45.0,"axis":"x","origin":[8.0,8.0,5.285714]},"faces":{"east":{"uv":[2.5,14.5,1.5,15.0],"rotation":0,"texture":"#0","tintindex":0},"south":{"uv":[3.0,15.0,2.75,15.5],"rotation":0,"texture":"#0","tintindex":0},"north":{"uv":[3.25,15.0,3.0,15.5],"rotation":0,"texture":"#0","tintindex":0},"west":{"uv":[15.5,0.0,14.5,0.5],"rotation":0,"texture":"#0","tintindex":0},"up":{"uv":[6.75,2.25,7.75,2.0],"rotation":270,"texture":"#0","tintindex":0},"down":{"uv":[9.5,8.75,10.5,9.0],"rotation":90,"texture":"#0","tintindex":0}}},{"from":[7.6,9.107701,4.130674],"to":[8.171429,10.821987,5.273531],"rotation":{"angle":0.0,"axis":"y","origin":[8.0,8.0,5.285714]},"faces":{"east":{"uv":[15.0,13.5,14.5,14.25],"rotation":0,"texture":"#0","tintindex":0},"south":{"uv":[10.75,3.25,10.5,4.0],"rotation":0,"texture":"#0","tintindex":0},"north":{"uv":[3.75,11.5,3.5,12.25],"rotation":0,"texture":"#0","tintindex":0},"west":{"uv":[14.0,14.5,13.5,15.25],"rotation":0,"texture":"#0","tintindex":0},"up":{"uv":[13.5,9.0,14.0,8.75],"rotation":270,"texture":"#0","tintindex":0},"down":{"uv":[13.75,7.0,14.25,7.25],"rotation":90,"texture":"#0","tintindex":0}}},{"from":[7.6,7.4914575,5.7469177],"to":[8.171429,8.634315,8.032633],"rotation":{"angle":0.0,"axis":"y","origin":[8.0,8.0,5.285714]},"faces":{"east":{"uv":[3.5,14.5,2.5,15.0],"rotation":0,"texture":"#0","tintindex":0},"south":{"uv":[3.5,15.0,3.25,15.5],"rotation":0,"texture":"#0","tintindex":0},"north":{"uv":[15.25,3.25,15.0,3.75],"rotation":0,"texture":"#0","tintindex":0},"west":{"uv":[15.5,2.25,14.5,2.75],"rotation":0,"texture":"#0","tintindex":0},"up":{"uv":[6.0,11.25,7.0,11.0],"rotation":270,"texture":"#0","tintindex":0},"down":{"uv":[12.5,8.75,13.5,9.0],"rotation":90,"texture":"#0","tintindex":0}}},{"from":[8.171429,3.4914575,4.604061],"to":[8.171429,8.634315,8.032633],"rotation":{"angle":0.0,"axis":"y","origin":[8.0,8.0,5.285714]},"faces":{"east":{"uv":[7.5,9.0,9.0,11.25],"rotation":0,"texture":"#0","tintindex":0},"south":{"uv":[0.0,0.0,0.0,2.25],"rotation":0,"texture":"#0","tintindex":0},"north":{"uv":[0.0,0.0,0.0,2.25],"rotation":0,"texture":"#0","tintindex":0},"west":{"uv":[9.0,9.0,7.5,11.25],"rotation":0,"texture":"#0","tintindex":0},"up":{"uv":[0.0,0.0,1.5,0.0],"rotation":270,"texture":"#0","tintindex":0},"down":{"uv":[0.0,0.0,1.5,0.0],"rotation":90,"texture":"#0","tintindex":0}}}],"textures":{"0":"modelengine:entity/archer"},"display":{"head":{"translation":[0.0,-6.4,0.0],"scale":[4.0,4.0,4.0]}}}