{"elements":[{"from":[7.0,4.0,6.0],"to":[9.285714,6.857143,8.285714],"rotation":{"angle":0.0,"axis":"y","origin":[8.142858,4.928571,7.0]},"faces":{"east":{"uv":[10.5,7.5,9.5,8.75],"rotation":0,"texture":"#0","tintindex":0},"south":{"uv":[4.5,12.25,3.5,13.5],"rotation":0,"texture":"#0","tintindex":0},"north":{"uv":[13.0,12.0,12.0,13.25],"rotation":0,"texture":"#0","tintindex":0},"west":{"uv":[13.25,0.0,12.25,1.25],"rotation":0,"texture":"#0","tintindex":0},"up":{"uv":[14.0,9.75,13.0,10.75],"rotation":270,"texture":"#0","tintindex":0},"down":{"uv":[14.0,13.0,13.0,12.0],"rotation":90,"texture":"#0","tintindex":0}}},{"from":[7.285714,6.857143,6.285714],"to":[9.0,8.0,8.0],"rotation":{"angle":0.0,"axis":"y","origin":[8.142858,4.928571,7.0]},"faces":{"east":{"uv":[2.0,8.75,1.25,9.25],"rotation":0,"texture":"#0","tintindex":0},"south":{"uv":[4.25,14.5,3.5,15.0],"rotation":0,"texture":"#0","tintindex":0},"north":{"uv":[13.5,2.75,12.75,3.25],"rotation":0,"texture":"#0","tintindex":0},"west":{"uv":[15.25,2.75,14.5,3.25],"rotation":0,"texture":"#0","tintindex":0},"up":{"uv":[1.5,14.0,0.75,14.75],"rotation":270,"texture":"#0","tintindex":0},"down":{"uv":[14.75,1.5,14.0,0.75],"rotation":90,"texture":"#0","tintindex":0}}},{"from":[8.142858,2.8571424,6.0],"to":[9.285714,4.0,8.285714],"rotation":{"angle":0.0,"axis":"y","origin":[8.142858,4.928571,7.0]},"faces":{"east":{"uv":[15.0,12.5,14.0,13.0],"rotation":0,"texture":"#0","tintindex":0},"south":{"uv":[2.0,14.0,1.5,14.5],"rotation":0,"texture":"#0","tintindex":0},"north":{"uv":[10.5,1.5,10.0,2.0],"rotation":0,"texture":"#0","tintindex":0},"west":{"uv":[15.25,4.75,14.25,5.25],"rotation":0,"texture":"#0","tintindex":0},"up":{"uv":[15.25,5.25,14.25,5.75],"rotation":270,"texture":"#0","tintindex":0},"down":{"uv":[15.25,6.25,14.25,5.75],"rotation":90,"texture":"#0","tintindex":0}}},{"from":[7.0,2.8571424,6.0],"to":[8.142858,4.0,7.142857],"rotation":{"angle":0.0,"axis":"y","origin":[8.142858,4.928571,7.0]},"faces":{"east":{"uv":[14.5,14.5,14.0,15.0],"rotation":0,"texture":"#0","tintindex":0},"south":{"uv":[1.25,14.75,0.75,15.25],"rotation":0,"texture":"#0","tintindex":0},"north":{"uv":[15.0,14.25,14.5,14.75],"rotation":0,"texture":"#0","tintindex":0},"west":{"uv":[15.25,0.5,14.75,1.0],"rotation":0,"texture":"#0","tintindex":0},"up":{"uv":[15.25,1.0,14.75,1.5],"rotation":270,"texture":"#0","tintindex":0},"down":{"uv":[15.25,2.0,14.75,1.5],"rotation":90,"texture":"#0","tintindex":0}}}],"textures":{"0":"modelengine:entity/archer"},"display":{"head":{"translation":[0.0,-6.4,0.0],"scale":[4.0,4.0,4.0]}}}