{"elements":[{"from":[8.0,5.5714283,7.285714],"to":[9.714286,9.0,9.0],"rotation":{"angle":0.0,"axis":"y","origin":[8.857143,7.285714,8.142858]},"faces":{"east":{"uv":[13.25,7.25,12.5,8.75],"rotation":0,"texture":"#0","tintindex":0},"south":{"uv":[3.5,13.0,2.75,14.5],"rotation":0,"texture":"#0","tintindex":0},"north":{"uv":[13.5,1.25,12.75,2.75],"rotation":0,"texture":"#0","tintindex":0},"west":{"uv":[2.75,13.0,2.0,14.5],"rotation":0,"texture":"#0","tintindex":0},"up":{"uv":[13.75,13.75,13.0,14.5],"rotation":270,"texture":"#0","tintindex":0},"down":{"uv":[14.5,14.5,13.75,13.75],"rotation":90,"texture":"#0","tintindex":0}}}],"textures":{"0":"modelengine:entity/archer"},"display":{"head":{"translation":[0.0,-6.4,0.0],"scale":[4.0,4.0,4.0]}}}