{"elements":[{"from":[7.428571,6.0,6.857143],"to":[9.142858,8.857143,9.142858],"rotation":{"angle":0.0,"axis":"y","origin":[8.285714,7.428571,8.0]},"faces":{"east":{"uv":[5.0,7.25,4.0,8.5],"rotation":0,"texture":"#0","tintindex":0},"south":{"uv":[12.0,12.0,11.25,13.25],"rotation":0,"texture":"#0","tintindex":0},"north":{"uv":[11.25,12.0,10.5,13.25],"rotation":0,"texture":"#0","tintindex":0},"west":{"uv":[10.5,11.25,9.5,12.5],"rotation":0,"texture":"#0","tintindex":0},"up":{"uv":[14.25,8.0,13.25,8.75],"rotation":270,"texture":"#0","tintindex":0},"down":{"uv":[14.5,3.25,13.5,2.5],"rotation":90,"texture":"#0","tintindex":0}}}],"textures":{"0":"modelengine:entity/archer"},"display":{"head":{"translation":[0.0,-6.4,0.0],"scale":[4.0,4.0,4.0]}}}